"1=Left-Cerebellum-Cortex","2=Left-Thalamus-Proper","3=Left-Caudate","4=Left-Putamen","5=Left-Pallidum","6=Left-Hippocampus","7=Left-Amygdala","8=Left-Accumbens-area","9=Left-VentralDC","10=Right-Cerebellum-Cortex","11=Right-Thalamus-Proper","12=Right-Caudate","13=Right-Putamen","14=Right-Pallidum","15=Right-Hippocampus","16=Right-Amygdala","17=Right-Accumbens-area","18=Right-VentralDC","19=ctx-lh-bankssts","20=ctx-lh-caudalanteriorcingulate","21=ctx-lh-caudalmiddlefrontal","22=ctx-lh-cuneus","23=ctx-lh-entorhinal","24=ctx-lh-fusiform","25=ctx-lh-inferiorparietal","26=ctx-lh-inferiortemporal","27=ctx-lh-isthmuscingulate","28=ctx-lh-lateraloccipital","29=ctx-lh-lateralorbitofrontal","30=ctx-lh-lingual","31=ctx-lh-medialorbitofrontal","32=ctx-lh-middletemporal","33=ctx-lh-parahippocampal","34=ctx-lh-paracentral","35=ctx-lh-parsopercularis","36=ctx-lh-parsorbitalis","37=ctx-lh-parstriangularis","38=ctx-lh-pericalcarine","39=ctx-lh-postcentral","40=ctx-lh-posteriorcingulate","41=ctx-lh-precentral","42=ctx-lh-precuneus","43=ctx-lh-rostralanteriorcingulate","44=ctx-lh-rostralmiddlefrontal","45=ctx-lh-superiorfrontal","46=ctx-lh-superiorparietal","47=ctx-lh-superiortemporal","48=ctx-lh-supramarginal","49=ctx-lh-frontalpole","50=ctx-lh-temporalpole","51=ctx-lh-transversetemporal","52=ctx-lh-insula","53=ctx-rh-bankssts","54=ctx-rh-caudalanteriorcingulate","55=ctx-rh-caudalmiddlefrontal","56=ctx-rh-cuneus","57=ctx-rh-entorhinal","58=ctx-rh-fusiform","59=ctx-rh-inferiorparietal","60=ctx-rh-inferiortemporal","61=ctx-rh-isthmuscingulate","62=ctx-rh-lateraloccipital","63=ctx-rh-lateralorbitofrontal","64=ctx-rh-lingual","65=ctx-rh-medialorbitofrontal","66=ctx-rh-middletemporal","67=ctx-rh-parahippocampal","68=ctx-rh-paracentral","69=ctx-rh-parsopercularis","70=ctx-rh-parsorbitalis","71=ctx-rh-parstriangularis","72=ctx-rh-pericalcarine","73=ctx-rh-postcentral","74=ctx-rh-posteriorcingulate","75=ctx-rh-precentral","76=ctx-rh-precuneus","77=ctx-rh-rostralanteriorcingulate","78=ctx-rh-rostralmiddlefrontal","79=ctx-rh-superiorfrontal","80=ctx-rh-superiorparietal","81=ctx-rh-superiortemporal","82=ctx-rh-supramarginal","83=ctx-rh-frontalpole","84=ctx-rh-temporalpole","85=ctx-rh-transversetemporal","86=ctx-rh-insula"
109371.661884914,36313.4807077031,7101.63353551738,29336.4849507893,28080.2358966172,37443.2759744222,16040.4071798365,8133.74232037098,37813.4262078181,64548.8756150864,25232.3823509407,20195.5823491869,41201.0089530405,26002.3209237377,18367.222195358,10122.9807753396,17054.0502013557,40212.0186344744,1082.0214141272,2336.33235967695,4049.71892771393,7431.84121341427,6094.46589727746,11680.5474535725,13970.405896232,12204.6490033862,12270.6050723026,17336.5667016304,22792.7435816159,22134.4520853907,27686.256588228,24730.9542590608,18690.5574852492,386.978546838334,3893.73150106135,5982.34852642298,6499.93946720415,17630.3111528473,22673.2101629656,3384.07495276653,23053.201514334,13485.4276970953,9400.51973022905,26158.0779961335,27250.9438089645,29634.5475914386,13334.1392287253,20760.3975725755,6293.75054888078,11982.5959180743,27165.4897856744,46889.6217950983,2201.51442030855,21213.1334441165,2458.81285352429,2995.0967540826,11452.3940695206,10184.4805446418,5238.13195380289,20094.4485108245,2627.12185999355,10447.7004951329,3923.64387620013,17619.4601399575,15808.2664829483,17973.4008829957,16680.0424975315,5819.30536386324,1688.13148818462,2673.79976621969,4174.62126628181,18032.4186403052,8610.08083720197,8376.71638645441,20794.0076035199,14974.2125874745,6907.59962041548,10124.8124376127,45313.5872840732,26677.9666027295,16309.0461460928,12394.8551389979,8920.70136056835,9411.36937620258,6021.43070176092,29330.1973438831
108982.401000901,36340.6237289202,6997.44252895378,29062.2493137844,27974.0818945579,37279.9604405393,15860.8906317402,8008.0024242815,37090.0192461954,63695.7247292287,25254.3666245067,19794.048783359,39959.3609557226,25441.0499939121,18198.664333033,10160.2517237983,16858.7458055574,39865.392849012,1017.34345654305,1275.98947751045,4234.71282465395,7507.93334332391,6063.3178882827,11540.4766219196,13866.7868687358,12345.571655246,12234.3993954493,17080.5096815722,22230.5780439046,22109.1035331435,27612.0255632312,24435.6116579074,17461.6564832651,265.973417427391,3734.23036527344,5947.32323040161,6413.10072513096,17868.4306397948,21989.206358709,2404.03845056962,22179.4507496092,13667.8581088891,8865.16999441412,25602.6385604185,26733.7562809672,28439.7227151488,12907.4624032136,20447.0574321193,6104.7141896149,11601.2476131674,24307.465591092,46390.0000301702,1614.83336718234,21155.4570610342,1280.50459545078,3187.64674196171,11457.9827703034,10266.7357991151,4994.47756121771,20084.154974025,2605.15369978128,10694.2692018547,3913.73217564437,16950.5913775709,15805.6287001463,17925.0902946795,16447.7810334439,4695.72476817446,1570.74516099817,2661.74860885074,4135.79047833555,18254.8325048184,7598.0999562439,8362.06806132046,20086.4069355078,14473.7078033618,6904.81221374838,9831.47988240446,42191.9475750602,26001.7960373384,16264.664611734,12221.6919579527,8912.64547749254,9472.23018434178,6015.11406597909,29286.376808826
109120.230871073,36357.9223978123,6969.06180435279,29145.9298508118,27756.3634035215,37254.8255814812,15965.0073810116,8081.15684838583,37501.6975823082,63991.2290567858,25221.5276179095,19768.6790965727,40579.9218387213,25637.0518512982,18119.226804866,10166.9776494253,16971.0862452707,39718.0615516026,1065.39451698713,2148.48692727159,4143.5935000449,7552.08737428981,6082.83149688877,11545.0383739961,13753.854967003,11935.9290427512,12133.6147049722,16917.0965182725,22577.7543516699,22012.739495446,27541.0566124977,24322.8059305339,17799.1183915557,333.84209160757,3796.9102700759,5937.41553313019,6452.74011267565,17496.3775613336,21593.8045718425,3060.78604392337,22421.4533165008,13593.6433826179,7966.51022903714,25521.8252298538,26584.2543063937,29190.0198750404,13090.7438076548,20459.1015647982,5989.36702412021,11413.0445802081,25186.61148625,45984.1948466105,1906.20717865872,20341.0508581949,2204.8971442831,3130.43853644151,11244.2068551887,10283.5530931742,4998.01262307016,19968.0310741815,2613.4000951997,10033.9273433515,3883.00154159125,17275.9028346572,15791.5367518575,17848.5175802903,16521.8470724108,4863.63385645144,1633.96700718248,2654.8580930786,4124.02977594088,17848.4778434335,7536.78243356392,8358.21021340578,18914.5550927147,14770.7569239617,6905.27505300392,9619.0115580018,42766.2641372681,25299.4428742033,15632.5436450941,12212.2701912297,8761.93643998395,9466.51723048661,6009.68457837665,28666.2287741775
109369.288532804,36227.1870792675,7104.89639919624,29333.3506992189,28106.7141158581,37502.900410959,16040.2811876502,8133.69616338384,37855.720335111,64548.8746776301,25497.5884967488,20195.19858283,41211.6688085552,26012.0949342896,18277.8518604136,10165.2169377228,17043.5655949705,40184.6027857424,1081.45394908451,2394.2028027901,4250.61123355385,7586.77542247099,6101.1607015254,11714.9149558632,13982.3332154774,12505.2052122394,12280.8222645581,17338.8465304172,22785.4585611913,22191.643596652,27677.8995878091,24735.7050073971,18690.4467198484,386.978546838334,3893.66194503673,5980.68043052481,6497.74013449461,17953.7081544639,22689.0808586944,3384.07592509338,23052.9343999127,13750.5210848294,9400.60190751788,26156.9359680141,27314.789344064,29659.0054980834,13334.1624468002,20756.6435338006,6292.70259872667,11970.9885417093,27165.4372485051,46888.2031167848,2455.57219298222,21213.1123234695,2458.01829649258,3232.50852814759,11471.7876145117,10340.0465240243,5240.40047058393,20133.2195337784,2638.08670225914,10748.3229804108,3920.1248839256,17661.9167944005,15806.9581565955,17968.1088012457,16680.2484249789,5819.30740443245,1688.12956021278,2672.08796635619,4172.43742971658,18329.4217638307,8609.58209843253,8366.93938653008,20793.4566866256,15037.0550560091,6907.13748537062,10110.3636937902,45300.8216276076,26932.2245603109,16302.7684639458,12394.8037932102,8918.38814633741,9474.42602271598,6021.43070176092,29305.8800834111
109295.670607428,36384.781268863,7103.29384956695,29228.1040694928,28097.1288964858,37466.0862794216,16036.6864003412,8124.97900720418,37829.0138879009,64122.1409179084,24909.3913824824,20104.9862487401,41155.4214199688,25979.0906437817,18367.4582325043,10177.5667303113,17057.870139777,40193.0614853115,1078.61646260228,2296.53198265843,4015.90912233782,7601.79554737372,6091.4033483974,11602.2161063975,13889.2059005542,11954.1405470327,12266.9242469001,17104.4500340517,22669.8885966397,22191.3594320754,27664.5258072908,24698.516842626,17560.8996952155,381.343257590255,3882.55928451859,5976.85403270053,6491.07714391907,17515.9938895276,22443.0866147991,3194.03498991695,22149.4623364402,13668.0218666253,8133.40297887148,26025.1738676965,27107.1142828418,29604.6459381302,13332.99031393,20745.5766939478,6224.5485267269,11891.7902457789,26928.294392194,46473.2310005827,1420.24426592552,21070.0309098735,2436.64997820003,2895.2217732768,11405.6085939271,10344.5982869411,5085.30042603432,20032.1121437605,2613.76732553111,10271.3934220646,3919.444832407,17312.7585738772,15808.3932816344,17951.4057604843,16684.0398016036,4684.00406015967,1684.18307643215,2668.27053746329,4166.7729833253,17683.4654097517,8395.26680185803,8366.10091269505,19502.698382138,14787.8665266583,6907.56940553582,10024.0262605707,44970.3877448663,25385.6955737564,16212.6358093809,12282.7991897775,8759.05921594932,9474.61798580107,6004.74462326038,29120.9525952656
107369.609341337,35687.3840380328,6681.20332477808,27490.5201708728,26879.2712375191,36159.4188871662,15507.2946853598,7709.9752767218,36229.7222507247,63709.980256994,24568.1437840001,18287.6042997668,38308.4475094876,24746.7982233871,17982.8655503903,9281.87165122423,16670.1161783007,39028.6848353593,1011.49110133083,881.252263811627,3715.85347689493,6877.47753305633,5810.35390663382,10451.2225902607,13324.9377047189,10995.4916888183,11677.8969165636,16138.7932713454,21482.1952257284,20888.010793416,27147.8159634314,23686.5061296824,16071.4653731206,154.364624630733,3556.04202909392,5709.82056504066,6062.96561474637,15973.2747204436,20181.383843017,2446.11218152345,21963.4978651887,13386.1547842619,5143.94103295299,24829.8340640782,25463.9640256281,27712.7805902271,12279.9289386396,19418.1736392462,4757.70404988,10221.2127565164,20104.8553488927,44750.4091643235,757.936154022189,20525.5557342196,731.307573444065,2516.53687288113,10649.6143132555,9616.74632713813,4934.11799973665,19141.7769730229,2043.54264000159,9292.90713374585,3540.19920464077,16373.3846854905,14910.1319465066,17601.0583882358,16093.5072348128,3368.59421175641,1426.62108569963,2541.85533152488,3841.83842447933,15693.9230351672,7314.00872077006,8303.02067703732,16245.2519713097,14171.3639293057,6876.31104021704,7308.52401744933,37034.0265206577,23871.0313444297,14883.549511829,12021.7246724999,7412.31747403641,9105.0019827836,6006.9476247185,28194.1409755096
102678.989332008,35400.1556291697,5867.0868157184,25581.9556775515,25577.8850777628,35748.2491699405,15094.5399078288,7240.90275838129,35361.412073517,62219.689365547,23759.0548024508,16749.0770619986,37137.5607052504,24372.0410100354,16373.1587069775,9545.33604297591,16313.353480708,38843.8073395431,972.757669407689,520.3106007226,3584.89946796777,6872.86575718459,5826.88243569178,10378.1129404888,12698.6056550436,11012.787089603,12058.6265538351,15402.6017429287,21133.4994019072,20860.5445535858,26678.0560531625,23510.8710930381,14641.7012823905,90.3200722157658,3221.47801917461,5681.37347092733,6078.3097157856,16351.4924885838,19697.2481895449,2311.66788924786,19539.4863916079,13341.5744623454,4148.95366872815,23544.4339424824,24700.0159050761,26154.8220741218,12264.7502956587,18300.2576486556,4892.29699036068,9951.6513332678,16800.948614613,43928.9796610374,290.632843673474,19447.0148329541,529.456835927354,2479.52379955686,10571.1221693239,9570.35718607631,4588.06026468154,17105.6799725433,2375.82586758245,9472.8364275883,3818.88398511985,15946.7376338439,15300.6172775067,17451.850437553,15631.6934717409,2201.0620105653,1321.36766046165,2573.6803267683,3930.28227238718,16152.4136747667,6642.15247162512,8288.29703661645,15235.4219338423,13061.6633907289,6893.98858526825,7758.14598265824,33098.0778386348,22135.7855669655,15122.8569229064,10254.5836770957,8058.85788443877,9116.43913131574,5933.02547649816,28441.289822662
108895.65262426,35945.23511999,6918.18216851819,29184.5979117462,27685.7769567017,37016.3092056154,15358.3944795536,8115.26785206645,37040.037510524,64488.8501220159,25286.8811542955,19896.7059830093,40597.8913308624,25880.1281749508,18300.2041163931,10127.4147115202,16680.6717063247,40137.1281447104,1022.01851988089,1273.32857574769,4043.03373118808,7473.7637277107,5932.03520958865,11582.4448572658,13912.6761911901,12050.2579648822,11962.9691929298,16903.9718435335,22260.0423971969,21414.4632934738,27541.2254435685,24251.8924419675,17722.6838849256,267.386251433112,3873.5043965677,5960.79259675719,6472.04220335879,16700.7887100526,22530.4957779188,3369.29474272672,22991.7140146651,13553.3118704103,8155.36632002403,26007.5472097626,26698.5687610991,29233.1746749674,13284.6609544936,20576.3132675058,6160.01777799125,11668.7920670118,22896.4864261554,46761.0391233815,1941.91594093564,21141.9095423219,1331.01712584696,2926.16861948468,11272.662739608,10234.8783718445,5225.93903424375,20063.4913606581,2465.83524581976,10335.8713527799,3641.94804079373,16980.7450114239,15512.8010558117,17942.4406601243,16046.0519699818,5482.58156621413,1569.45132869744,2667.81646177114,4152.995420217,17699.1082965884,8583.62432844355,8317.96629199968,19547.6313472996,14451.8782204916,6882.78136400937,9794.10811706644,40751.2686438393,26321.816965971,15988.7119839685,12351.7260428648,8569.85007353403,9312.92629757884,5997.02564421634,28893.2864529108
108478.845153506,36333.5810721479,6909.14842714928,29302.3868111307,28102.5719201453,37475.2607079665,15882.0031941457,8093.36930670508,37202.0509814508,64437.1036414057,25347.9888134548,19980.20903009,41033.0662175585,25959.4908788311,18360.3690778324,10162.4211763126,17015.6887731545,40222.7449962502,1081.31437294022,2322.71834763302,4061.38897484273,7599.88412616943,5932.5564407921,11708.5397943765,13975.6847727527,11876.0851116183,12225.8557781939,17101.4137292756,22535.2081220159,22192.5114952049,27673.320138454,24733.6404261761,18433.709947141,379.676145183446,3868.66632195574,5972.91899406945,6439.96893882577,17378.0398263147,21817.6052261545,3277.0569770409,22957.0495077585,13678.28521342,9391.48020234203,26023.393385409,26843.1644554129,29356.8627984618,13329.9639241616,20300.2395213162,6103.61737575463,11847.3898422904,26571.2060144873,46853.0958496733,2061.25334316344,21132.0876645606,2456.64632768725,2965.93069613364,11407.4055356189,10356.5193707368,5232.07429758605,20142.7136133429,2421.13594400289,10107.9502186368,3876.68360410683,17213.0065829027,15774.6834092173,17964.3355620361,16685.7496150499,5654.95264944178,1687.82023506833,2642.53486738051,4152.08328550647,16978.7071802119,8513.4585188356,8372.63678018644,20783.975649108,14394.9761511112,6904.70324911049,9489.70195678561,44567.5404130109,26433.3280718717,16227.50580254,12382.3009217281,8703.02211057284,9470.53346963739,6021.23598166235,29269.7972444724
107358.589538585,36291.354035656,6570.58733921452,27884.2803614136,26751.5983247321,36930.4855017629,15692.9887113019,7142.2160001548,35797.6523746101,61973.1067970054,23944.3820980475,16427.6022341371,34522.122589132,24570.2831002575,13391.0448892149,10121.8184472963,16159.426534199,38494.2906220821,976.526161539433,643.468822593844,3980.36253804037,7543.25749666245,6000.6001119527,11337.4641209977,13293.5480237959,11681.4425512227,12068.324832278,16482.207404796,22337.8017322763,21505.2255161182,26701.8934844962,24439.7540949145,13204.1581005307,41.181750303349,2992.93367990087,5741.44737209744,5868.76946618948,17149.7211338162,19701.6319628127,2182.34675463765,19590.4087727129,13124.5439913963,4196.45751413588,22317.1924411454,22289.4948772935,25528.2249166739,12339.2747408419,15302.8521316063,4724.03412170185,10094.312759843,14927.121607897,41932.6956495671,628.69456908012,20134.8384044865,593.063077103788,2857.12412768723,10693.7315428569,10236.8968913434,4490.14561569021,19501.6023640611,2525.43220339208,9879.30117464492,3833.23747039128,17335.4732979549,15471.8668528036,16928.1311729114,16505.1267818438,367.814476480322,1210.08617097839,2599.94840839833,3794.25044717824,17897.6763459539,6031.27710361168,8042.77958061882,14363.3658778536,13658.8724253705,6831.63022448047,7896.12693427767,29711.547550549,22744.6469276328,14305.4723839059,11536.3368647089,7890.47915373917,9045.2012324658,5828.28720603154,26572.8462989109
106834.723717476,35179.1077065335,6538.19706788762,27892.8112605776,26714.8582215302,35996.5699902162,15038.6401431174,8073.29208452179,34519.1729113447,63795.3758166267,24157.5933313728,19662.8457936731,39219.4528888455,24948.9865988877,17632.0778368729,9107.63231206767,16629.509137459,39645.6060574404,1031.30451506953,1341.42951806082,3706.16797542345,6994.23164406026,5715.15563067549,10469.4903452866,13338.7090717798,11194.1231700791,11508.5325997881,15919.1071574847,21842.4917111229,20438.8017005523,27055.9115350661,24306.0771818267,16506.4597124345,155.618194488526,3421.63248556127,5851.54843926169,6285.84700781474,14806.1228504294,20773.4629373316,2604.86976164545,22456.0798327023,12808.9383655165,7048.7756400466,25413.989068623,26034.8396315344,27591.5783348962,12722.7936815616,20054.7823979989,5216.86708610132,10087.4021817185,23537.6476643924,45124.2789841143,315.310201437472,20384.9534873044,1492.38214911221,2515.50582510733,10695.9633683735,9772.37662348657,4870.28082644884,19142.2242667511,2303.98390287251,9371.16193610535,3607.5728257518,16249.8907359084,15595.9213495675,17418.1766782531,16279.1404596192,4148.632592656,1216.73890516866,2614.87850947714,3957.08315792234,16260.7190184913,7618.6431625213,8299.79477907352,18064.8632088103,13601.7147937603,6897.2352115253,8207.8691204752,40390.2637177575,23146.9400879988,15235.6353809213,12036.3632928103,8478.55975785128,9288.12614240687,6001.92411983062,28553.5201014849
108551.674085478,36011.3074827883,6897.04987242073,29131.3707198268,27845.3224820718,37382.2463443107,16024.5107375531,7937.80840065854,37674.3355239414,64063.6805562559,25098.1201957655,19533.3922017195,40391.1340324786,25647.2199227824,18200.7007464823,10151.3357930155,17032.5561709043,39853.5168796806,1059.67397233594,1853.10661912034,4097.09132383182,7579.70817355439,6083.05061959923,11671.5491351553,13930.0971377413,12010.7077290266,12244.1836517981,17312.4501230356,22301.7359075998,22071.3062286638,27339.9833473265,24711.0404097714,17032.9229065165,364.565415635996,3883.39828007552,5888.68027755603,6430.9386620103,17577.8726163537,22203.1742015147,3290.52843082044,22516.7519806422,13403.9693201649,5854.39023419617,25684.6458508681,26380.1457299981,28716.6282251199,13288.6843861663,20540.9765538662,5988.85358436793,11554.8477128334,23710.2132567691,46637.1242884723,1683.34228996086,21139.0489665571,1943.22850335459,3021.98736584,11436.077731463,10313.8843100402,5206.86703317484,20060.341674142,2562.78760274223,10190.7170472359,3894.97486029112,17419.1430616372,15568.9246071875,17616.2209972986,16431.7494662749,4145.848846421,1673.6048066697,2650.54478887411,4086.05307110335,17843.3513717368,8262.37978063128,8357.15205451963,17242.9195817471,14239.453544255,6904.0057571471,9749.73842105467,41223.6357957348,25956.393695129,16171.9770019936,12350.6221577321,8757.52392272558,8743.82695519971,6019.23695249033,28723.6253783666
107486.600402135,35936.2105656894,6801.61089240352,28211.9249026161,27229.0268610921,36854.4310474068,15727.2340981737,7638.0813162873,36853.9883375894,63720.0473868973,24935.4410895859,18830.6908787946,39524.6679737624,25128.1598507008,18146.6712992467,9649.09456873037,16667.2594963599,39154.0505578562,1008.85058746553,1720.47610579617,3939.79151470726,7356.11775245311,5956.58587540789,10936.0535805222,12475.6461788509,11415.816882321,11373.3340952235,16260.69391231,22277.5298317301,21588.7618690421,26258.5597352604,24309.5019379132,16165.6943798902,220.146358170694,3154.07381715663,5830.78246353303,6195.31749591574,16848.5046395555,20947.1997762813,2491.26931551715,22190.1260214918,13357.7851675612,5698.74268531071,24994.4956681585,26043.5985535309,28164.4320857014,12536.5107495674,20401.991206208,5382.04030856101,10969.8392041017,24258.7938915023,44796.9625311754,1073.50683564747,19427.6434849216,1720.67004805869,2704.98155195442,10637.7850404651,10116.708339483,4032.83230211945,18358.7018779532,2552.77671257169,8971.39919129143,3846.24377230511,16570.3162101832,15771.4537781493,16765.9340012347,16252.9723221098,3278.82622847681,1281.85147552415,2628.40076920431,3993.17944868352,16817.0253632042,7159.49090224161,8263.29328783435,16811.201035212,14036.7577004558,6889.95866978517,8676.35098699648,41701.12841573,23127.2207325428,15215.4937680563,11435.3464081352,8128.50362249314,9289.37242082462,5991.73902740953,28195.827182437
108727.402444067,36076.0695599117,6989.42145529529,29074.9273248636,26969.6114305086,36412.6475225925,15736.6971445679,8103.99270735031,36304.6207132428,63992.9771839937,25227.625795648,19890.9912188926,40767.2464116085,25458.8387391424,18140.9813002868,10134.1541207757,16942.9313529723,40064.291231884,1075.49754107371,2044.33411303201,4052.7961664669,7554.67556187055,6021.40728951529,11241.2493633799,13735.6803233721,11666.6982456692,12178.744200004,16218.1192384645,22329.8847778807,21064.1423331525,27206.9944709299,24451.3427657561,16338.0046370387,314.343471554341,3820.73604130012,5942.06060250192,6383.19875712217,16949.9414673443,19484.4143969692,2333.1348120325,22481.10344054,13629.2304681361,6465.71958195753,25823.5202399141,26078.6401242961,29160.207067405,12888.1205430883,20634.9860651757,6077.72526639452,11708.959905073,23920.9327312345,45814.1699074535,561.746767675314,19519.2305114201,2079.81888169931,2886.4389953351,10894.2914067674,10261.2250075384,4525.23276879188,19091.0052513225,2598.96727675945,9942.21969151101,3869.43499986816,16814.946050968,15802.0596811034,17516.8282102041,16634.9947373198,3555.80820210046,1646.07775677223,2641.53933507588,4112.10770393229,16690.9038926886,6401.41549400816,8338.06421650957,17763.3378826488,13707.8724436193,6894.4106267769,9719.47142251854,41771.7562373746,22544.2912170949,15411.0416394876,11175.6870466037,8618.06535198673,9460.19382473384,5969.26809955468,28740.4034071354
107392.680741935,36169.4587728404,6767.45125298179,28129.3105522266,26799.0234601467,36249.6188065513,15439.9569744497,7768.53475571342,36168.1288568904,63548.3338338088,24634.4910209109,18328.3462434717,39147.6696683709,25213.9166451983,18059.6405056757,10098.2855515074,16895.6010479976,39851.1886261259,1034.89903941867,1748.18409210865,3936.60597448231,7456.41019444526,5993.72575838919,11261.6014744853,13738.8491936775,11724.3524008275,12089.4994203116,16120.9310575102,22096.7274550844,20875.8528210241,27129.3501485208,24415.6604940559,15564.2387977833,325.314125203062,3318.96282115239,5756.32152576565,6220.86147057148,16062.0630186184,21608.901468254,2649.75598882487,21866.8322655862,13203.6532447763,5792.75596958869,24550.1206303464,26004.3015614687,27861.4226234398,12539.0449089068,19600.0426562381,5405.46160012196,11451.4640536569,22432.1643628419,45966.6360470532,1240.59818205404,20867.8498231503,1845.23616800185,2762.96395430703,10933.3944130289,10199.5223608145,5033.87741367173,19926.030378985,2262.31793546422,10061.3979637143,3778.23826688691,16833.3908667238,15522.969829475,17610.4480070146,16484.1379639441,3143.51804336711,1359.19978405766,2546.63764487977,3754.13385219659,17499.2876834389,7450.47344426898,8252.0029078114,16871.3431975754,13990.4735570641,6460.29779413269,8414.03333745251,39509.0523833092,24873.6444200445,15317.2987789232,12079.1509805253,8300.66195976712,9447.14246452798,5989.63458321594,27903.0646957718
107997.040624022,36066.9514747508,7001.2075397044,29035.2320679921,27538.0411531124,36711.6369528626,15890.8812523758,7741.4243076815,37652.7184656726,64179.5101333769,25135.9924221863,18170.8355638066,38795.785046983,25456.7518349097,18099.3403885624,10156.7181109683,16949.0842610917,39874.8782758389,1043.98641653283,1470.17678344075,4011.96845224301,7572.94190836471,6047.6863742308,11643.5318194182,13840.9824583444,12003.1991538717,12255.174122296,17176.6952034598,22235.6992566467,21507.4746381415,27522.1965274164,24534.8947111264,17289.6032335222,284.245641026094,3429.01515999652,5844.48735097392,6245.60178540115,16840.692336861,22301.247332633,3049.26008216108,22472.9957628933,13691.5274275148,6175.53292405315,25147.3605785912,25417.3668790427,28536.2478611526,12931.7402584539,20228.3563036813,5516.15547060673,11650.4424112774,23763.5226499971,46384.7652293397,1649.93879080897,21116.9780066691,1567.38828029379,2876.57944894763,11333.620049847,10342.0008519342,5023.4600206204,20071.8232791368,2540.27605110058,10279.8741598413,3904.86182008648,17574.8889410836,15538.7898357505,17925.1665170903,16677.8781660624,4424.18642609368,1551.04625565606,2639.47557606592,3339.1079717209,17884.8586047087,7977.81784021142,8361.11326849866,17392.3782764386,14536.8287359505,6901.0230278332,8987.52861355,41718.192459384,25694.0646491361,15783.0971399511,12228.7485392802,8735.99923163523,9471.46631588065,6011.75838031064,28918.9157030667
107301.164384353,35345.2580732596,6660.68634020076,27604.8305492727,26257.5727557903,36191.9004473832,14951.0945485104,7763.49765788945,37280.7510039569,64264.9520301224,24759.4390422865,18788.4740417308,39394.4334669523,24788.0591119675,17801.6434206178,9348.65359078064,16660.6132866587,39350.8973910023,1050.67365314571,1377.49302019114,3680.30611866273,6750.0028142139,5853.47789843587,10507.1095329461,13180.1594307205,11345.7002388682,12131.1653564299,15946.7681771412,21665.5415756445,20970.714211875,27024.6581154778,23654.2605680561,14094.4460972513,278.452637969991,3636.22461140174,5724.84933894012,6154.5224323078,16978.3962438721,21000.1003496045,2340.88066806988,22698.9809454494,13083.5969867056,5464.61020043547,25308.2727343969,25412.5210123975,28097.2058671465,12257.4832589799,20214.2093295543,5472.66605730146,10715.9302602934,24356.7984756332,44777.424190508,398.323387317328,20808.6660832406,1367.3647200548,2664.14261508333,10470.7358625951,9403.89460349178,4914.23560454692,18870.4230703208,2536.47279746153,9958.47384245349,3838.22992714104,16054.6064436432,15773.3169336853,17425.2143292839,15827.1336303876,2042.27243575622,1551.78965779742,2588.63826208408,3814.42794549849,17283.064429316,6328.83509602932,8144.32146483772,16815.4247272688,13452.8862275458,6893.54857911315,8691.1893988731,41551.7052570581,23590.7890177482,14785.5529655089,12010.656892584,8382.0638602478,8763.88295275457,5951.13937893122,28024.3505956283
99091.6933277464,34907.8685348835,5622.67512830122,24978.3108976223,25262.1155814564,34246.1962872447,14304.6318494242,6990.17837192394,33447.7158363036,61867.7600865048,24039.3680135504,16121.1120003139,33080.601637623,23734.3857785505,16803.8019525954,8940.42444035944,15139.1351536425,37719.5797698345,951.67189698782,499.985053781725,3554.13638609452,6797.70650718979,5708.32852743359,10059.6652123903,12662.398601974,10811.3585237368,10452.6526791866,15562.0158174278,20137.863210183,19726.5814726217,25565.6301320933,22777.2234191599,13513.9810402224,35.1396340362189,3191.49137142919,5646.53040167845,5862.50196958209,16132.7387654789,16636.2444901725,2284.82179191078,19577.5377725708,13235.273660052,4019.83079645002,23538.1185959429,23514.1966734877,25136.9480370427,12081.2219513077,18342.9613222664,4407.14717039971,8918.21037489904,12948.7356887739,41857.6477073417,103.932706420288,18656.445967725,540.996068155023,2470.11166144648,10318.7576943358,9494.6288894679,4476.41290910366,18380.1753031618,2039.16245114364,8110.61903895103,3628.91828840915,15439.1189429827,14933.4139435544,16408.8042486771,15522.5800418472,1635.0857116127,1225.77176667448,2549.61020502451,3806.74147529138,15600.8627710349,5562.63603691561,8132.20649503242,14815.3480183358,13286.9685260363,6846.833685809,6961.32786430159,28909.7018773672,21092.1548977896,14040.4453015211,11419.899684319,7458.81321713217,9301.7294336672,5805.48079676223,27040.7578351752
108456.58775135,36340.9158191018,6867.14371378307,28675.7941369815,27529.0258498769,36592.0552757853,15732.7005525553,8079.8193134555,37297.7134267353,64426.9401919764,25093.8998184483,19826.895232769,40108.9079909716,25303.8454504185,17696.2227031659,9750.42416215641,16623.8463731245,39403.2274974579,1040.61080246011,1930.05419413105,4085.84434727626,7559.06481013206,5960.60034324537,11423.0426165088,13562.9300157144,11896.7770974162,12214.3749161613,17000.6890350292,22661.209057366,21466.8077991165,27614.8404686344,24313.415037731,18220.6198822793,337.109357656127,3797.74682579351,5931.65213316391,6394.37300232731,17520.6647156343,22280.4959546846,3303.52959542477,22986.2841239333,13474.2285934237,8686.86558970743,25659.1144943651,26526.5628436795,28734.278816389,12666.3147422189,19512.9134506193,5375.86355549178,11265.2152825403,22495.9280378895,45496.0768374575,1456.27869392373,20227.6342172192,1936.71272778779,2997.73955806749,11123.8275578087,10322.1693108156,5152.36927202367,19823.5929913648,2544.80187624751,10332.4614313986,3916.68772294704,17526.7655449096,15792.1797114075,17909.1293097271,16561.2118494607,5479.8537400064,1631.86963825903,2610.85489982448,4097.25125784057,17759.6995256399,8499.96709987044,8365.99222602951,19827.0718525296,14480.8743665331,6875.84424286138,8630.56927108671,40655.6095034862,24523.9132477833,15801.1696365627,12329.598841767,8715.46154275473,9435.9283811684,6012.65251500701,29201.4540743973
108257.227638791,35336.4937749025,6960.5270989697,28703.7130236286,26945.8085485352,35740.7782292966,15867.0609321323,7972.41923453277,35367.6078663848,62593.3978308865,24145.2781598088,18589.0388392865,35075.3297760431,24871.0655332159,17973.0310577783,9997.45043692032,16705.8055678183,39503.1106490964,1064.45772227866,1219.09007498875,3801.99078890967,7293.51344974162,6026.0572424601,11298.1673143044,13688.6793583292,11761.0955560059,12087.6290358028,16286.0511534257,22263.1712923444,20379.8198235187,27435.2475321242,24336.2823869724,15287.6679925399,290.856638851576,3637.64513036056,5845.04628216518,6272.29598744462,16089.2567527743,19911.8241559314,2329.21597261713,20784.5885753881,12803.1302967821,5446.68356953348,25013.3174039941,20281.6870658628,27819.5153168832,12743.7033797105,19867.8757386264,5818.85032738935,11023.6601063134,19485.064268372,45317.9327758951,275.965718017352,20080.6902300749,1289.40138630899,2431.80802832249,10765.9024165403,10024.6461960449,4998.79902970165,19702.9963274412,2241.86169373888,10081.7991816863,3760.39805343971,16926.5166196395,15613.5378087082,17780.5813786069,16587.766902378,2413.21552716407,1503.54569377561,2591.00488942494,3992.82539533216,17264.9073878372,6332.01756440614,8279.27026881288,16369.6648634389,12734.7215097615,6894.41689799002,8986.23640223553,36279.1208477188,23024.3770643868,14857.6783103677,11982.5089883572,8217.25556506319,9398.67252847401,5954.74761130964,28542.5082555235
108499.446866951,36261.3668777476,7016.29320709943,29243.1358365631,27712.0950935299,37255.726029485,15914.1630024102,8094.98389318853,37523.2725225138,64267.8983326508,25230.0961712678,19563.6165119341,40448.7203928027,25863.3665346561,18305.7086617114,10163.3017959914,16973.388856527,40045.9253652022,1041.20955662028,1601.35827826115,4001.68606256484,7567.39609325043,6089.134785122,11636.6893448017,13786.1677054637,11978.5873842267,12166.8768857324,17103.5874242187,21982.9436544804,21780.6427391094,27581.7349718674,24667.3935232942,17782.3161868204,303.338500469663,3723.911792984,5944.0737198831,6448.98506890829,17175.3763707362,21837.678522218,2832.0193171908,22764.5631404592,13575.9930095857,7744.98350900021,26013.6396174367,26782.3906660425,29264.0652791132,13225.7423792279,20103.7707719589,6017.27019150248,11522.9080994315,23659.011181983,46320.4070060356,2124.63862236767,21047.7179241891,1671.12983374216,2956.9963558551,11351.7002836377,10309.1577719534,5215.34383651544,19907.047320212,2335.5964743488,10167.438217958,3868.08566537802,17141.3592010547,15405.9088198211,17947.9995695687,16651.6932323241,4913.97409903252,1605.92497309667,2592.91515271214,4113.06283691127,17154.8100463759,7932.14560237195,8363.0640140035,19146.8420454133,14661.0134312763,6893.13992816268,9210.36218755754,41041.0732717831,26347.8398298895,16101.6397809651,12337.8220930613,8537.47592946212,9463.29619453009,6012.0921075731,29134.414221521
109140.249162774,36385.9313349169,7030.84178217128,29182.0157665408,28017.5876317583,37302.9582351404,15959.6699679638,8059.5846780148,37759.5250937133,64460.305013888,24984.2360019316,19601.1756813686,40569.0341837248,25532.472096213,18347.7983156177,10172.6393463315,16969.0129504178,39909.3360995501,1080.09658246418,1875.58655959077,4022.57784779241,7598.45486875606,6077.45840426307,11698.4617622012,13919.8640823152,12151.624172751,12239.8164429381,17187.7994176888,22725.6052824133,22100.6880786335,27677.4544527335,24623.0250517395,16971.0513189974,373.025724694163,3822.9634115363,5945.03868315776,6394.26221164406,17594.614346911,21777.4970346137,2572.92364121498,22701.4699525354,13564.9417685132,7742.02109525989,25777.4015551737,26365.8659174284,29316.5612108504,12886.8374552908,20705.103541248,6155.92521482736,11761.7094699144,24703.1441235965,46384.5914148195,1781.54127693479,21168.2884381141,2008.16057706805,2936.3063848338,11458.7776470797,10331.791387582,5087.85007400185,20143.94193362,2606.19571756269,10434.0694418686,3921.46220346651,17473.6938242654,15801.3346016166,17974.1460405942,16684.0414057393,4083.24201456818,1679.98007884192,2658.0451005554,4149.26263190902,17785.7159940489,7110.06328601002,8369.43417399027,19128.8869011849,14613.3935253422,6904.57802291692,9941.21715765581,42588.1319208331,26165.2642595621,16238.964373555,12231.2917677222,8908.36008352967,9474.91731700732,6011.41327809423,29284.8197366825
108956.30161352,36357.6093019037,7012.71380845248,29264.1992827258,28097.6615028195,37497.9452982801,15996.9010404808,8104.3829830616,37757.5873136083,63947.6382807635,25414.0210441989,19904.0697600362,40781.7003386971,25627.1357750285,18360.2425995219,10174.9606661115,17019.4038360904,40191.4471978517,1060.46497015213,2306.6045527684,4231.68634094461,7595.59754644835,6091.4877738611,11722.9469039167,13945.4343860047,12167.8021054273,12161.5421836997,17115.5208009295,22670.2366428124,22197.3181576682,27641.8998075197,24712.9395308962,17964.2136538663,355.695678617572,3790.14843929303,5902.20554061781,6418.00354794721,17606.2226308806,20805.5489116666,2811.91666736648,22439.3941326021,13697.2988347149,6740.50573570728,26054.7745831573,27204.1928999824,29244.0680010786,13034.5986595969,19993.0459889455,5895.19069176358,11657.6727318373,24522.3696685853,46454.5030933423,2194.67877346079,21061.4488697133,2320.83786643093,3056.83797706007,11073.1140833325,10310.5158170997,5118.01314429721,20005.3645835362,2487.24341517687,10311.6940913336,3886.70506746521,17347.7594241304,15802.9036229136,17927.1089397925,16686.1110311138,5068.19401596539,1651.94563531207,2587.62358486692,4050.71359055285,17175.0610916092,7051.97138529349,8368.85997955711,18094.2530281688,14918.8907330359,6897.07763490655,8991.64304080461,42228.093843013,26214.3154801846,15397.7940061088,12079.949369273,8626.05173034547,9472.73830845347,5998.6223703685,28753.7869380546
109006.193942706,36225.4191159624,6997.09542825498,29150.1267326555,28023.6385326385,37324.6578679471,15947.3866883981,8125.65358489524,36771.8640370886,63985.1037417654,25162.4349009958,19829.9023713068,39529.3540860545,25559.3330647112,18363.3074599603,10026.395251208,17003.2467226202,39950.2808325128,1054.64381238254,1460.13436659272,4005.64568510122,7326.18443217181,6019.36515349456,11602.2903946383,13797.5570458502,11576.124908824,12163.9101813156,16853.0258764126,22387.4907641844,22015.9133971191,27522.6740461651,24607.6067096013,15245.6143891562,305.846981726005,3820.0540040902,5855.72613043134,6411.39300233898,16969.148163388,19873.7911572156,2350.42303647116,22447.5853390343,13549.5265867632,5107.35909069456,25972.639525168,26016.210278077,27849.2643262652,12910.7585192197,20091.5996509063,5788.99424193462,11202.3223033203,22086.5333953148,45793.5736767976,770.228085952594,20938.8003959544,1584.90276232179,2782.70769269065,10925.2416942805,10056.7819165358,4985.58306430297,19908.4415328253,2397.40499120124,9623.41275253609,3873.25116358153,16797.2941430687,15749.0804702106,17812.2433575564,16642.1329563925,2340.07086593871,1648.71161291481,2590.32480001601,3971.82001515028,16906.7806945511,6270.88445313162,8325.29478625413,16464.7004717063,13725.922447099,6880.81491162407,8778.60474069149,39492.3098577727,24239.4748951469,15364.8014563194,12082.4956424534,8230.12221504299,9368.28594833624,5995.68081172448,28636.3683376331
108795.445833023,36231.0787481628,7052.29631919693,29302.4565559784,27888.2528293096,37444.8981406628,16030.5813192822,8085.525925004,37115.4160076245,64013.828608309,25306.6676298273,19418.2213773165,39602.2883932125,25783.1475510136,18326.3915822909,10171.8385779765,16948.2740281292,40066.6455226802,1077.44607135175,2252.77019805438,4103.010805313,7590.66978441773,6083.2466300932,11706.3336334024,13962.3481437811,12106.5098806491,12098.2333354488,17145.2182667311,22593.9299752831,22066.705566007,27668.0949073868,24691.680474267,17565.4495917306,362.182856026164,3870.90704308392,5928.94793908055,6478.18799206079,17454.3084677395,22076.5729997789,3350.1509549786,22507.5910970676,13629.3267986499,6323.62012616624,25652.7528588319,26043.0028855419,29262.7073942517,13280.815661239,20393.3273573524,6147.09780699973,11600.7995547792,26512.6332977323,46634.3975591166,2099.65895117904,21121.0595472977,2325.47665460633,3040.16577543007,11364.4062107044,10333.584149431,5211.00738903438,20108.120487158,2216.01902731397,10227.8891518264,3743.53540111337,17650.053995255,15552.1475133854,17967.4530333081,16678.5330250278,4645.88372542482,1668.10352850804,2646.57023965125,4155.35710888071,18042.7059959336,8478.73048005102,8346.30332154944,17698.7095349376,14976.842599989,6898.5106095277,9609.19672041497,44309.698837297,26374.3191097629,16148.1721983442,12354.3616921352,8327.26668160991,9451.14310129418,6012.58028167108,29226.1096642656
108984.28939269,35727.5100519005,7031.23571269901,28922.9177805978,27787.0238983664,37344.9382414999,15977.6320239707,8080.6664121172,36688.0203015335,63699.5028586002,24530.8686779612,19600.5292812892,38600.1191091249,24832.7434515953,18166.0078331725,10165.8448273162,16966.8269266796,39532.5227081648,975.712527711352,1701.70036034161,3970.01332750589,7523.18759187387,6062.87895690024,11684.6678946939,13637.4946198441,12097.9020830495,12146.1943011553,17037.6002968531,22400.6572492777,22162.5904779986,27256.0345137264,24558.1400266813,16617.3633560623,338.682218096381,3841.53477610211,5980.42058564158,6471.06509659752,17719.7026053158,19363.5758414394,2564.89581589133,22305.1318026556,12349.3892742458,8177.07894095148,25730.6675870187,24167.1822465814,25660.8803019921,12894.1654023692,20398.5084261384,6044.32149049308,11625.4820376188,19916.3185600915,44644.5931541836,782.664361550946,19688.9818356908,1881.60738476229,2841.07396635889,11416.9299684486,10298.9684221041,5152.82799257353,20121.1151539149,2462.92668130039,10443.9222526345,3920.63587529637,17269.7498304581,15792.0469186024,17972.3544879759,16227.7410823797,3755.68775123484,1680.24253888409,2670.53765600179,4162.87845289295,16030.8222072904,7849.43106199481,7582.85342266395,19572.9109729559,10984.5902309864,6689.29683395165,9850.29801697718,36208.8268312169,23617.156191041,16232.2087924151,12302.2213888967,8844.4266799101,9471.09125731349,6004.88642994395,29215.53232372
103753.811015702,34358.1272620181,5657.17635004483,27097.8402997776,26061.2279812446,34866.7949108891,14866.4793886034,7724.92397633456,34238.5688141694,62900.1308297511,24564.998856802,17963.2353032404,39012.2116293011,25044.8584571833,17723.7034112542,9649.47407576299,16815.3466959841,38982.1710442994,1001.61561077542,1288.7423412171,3607.81646771893,6885.76579175231,5765.00610257387,10613.2832751226,13485.3889402589,10876.6389190556,12083.8208008779,15804.7751943909,21285.6144348346,20499.3691375575,27118.5813042874,23745.7359102902,14082.352801021,82.6588943072504,3668.6416777434,5873.90673561229,6265.9155577595,15760.9062829286,19129.8947210048,2282.77082544644,21433.199358862,13006.7424532805,4906.36314465845,25147.2801395215,25515.692316902,27737.2437286966,12660.1465758143,20400.8678062224,5822.62086084575,10821.7601362206,25247.809609299,45735.5432350514,388.248068708069,20978.8384346405,1395.88489276013,2657.42196110715,11179.2035262488,9590.08854875177,5058.73192935295,19423.6477813299,2459.05505289373,9969.90116154189,3867.24262783538,16190.0117982206,15622.0920600185,17873.0458755953,16192.2663574577,1699.60030336205,1443.66380682912,2636.87555153204,4061.26006562412,16642.5506813557,5800.67029129105,8208.22586256494,16200.1819190624,13495.4947645746,6900.88928168597,9408.13984776337,42426.4783154577,23924.1993066554,15854.5158372785,12152.8231656887,8296.78181363509,9388.85996396619,5791.75434765485,28192.2593138086
109165.153785835,36350.640391313,7055.27435508277,29121.6641666589,28012.6553883897,37227.2603687705,15906.2383889632,8091.78237841297,37573.8387276835,64331.052378309,25033.4553983849,19954.0797245858,40708.1057502571,25860.382276158,18339.9849785875,10166.6777344443,16984.4002632762,40065.6797874661,1081.22282061307,2363.15395148785,4161.55472542904,7583.96949936787,6077.77718237106,11677.7718045035,13932.4216549976,12316.6067999021,12212.1859998071,17201.3005870888,22768.2657286068,21924.498479384,27679.9416589597,24675.6845355547,18011.2353814445,381.357876128983,3855.44502691855,5976.93718355403,6469.76495813803,17644.8521498637,22471.8660788771,3171.84740965694,22816.5586162909,13413.6171201039,7526.18788799459,25911.8757639695,27250.5434712293,29138.9128499014,13251.9853921137,20675.3330899844,6098.9984821273,11925.015795568,26760.823938104,46690.4253652645,2307.06602635048,21184.5993245244,2448.03896468453,3100.99750059647,11470.3672356257,10344.7427244292,5149.07177984278,20141.2206920638,2602.66989498236,10660.287893431,3923.55806214424,17512.9325419754,15807.5192533539,17975.2228265007,16688.7737804302,5255.70559538169,1687.79041424388,2667.90218125269,4169.58422746449,18091.6586238811,8359.45230447026,8374.87163005197,18906.9279226819,14917.4176975554,6907.02893359086,9904.56382713537,44910.2397681624,26727.3479633017,16288.1230306576,12289.0569992837,8914.82960600429,9477.41383782704,6016.48927411106,29319.1036343166
108168.742772742,36223.3100113128,6733.45686124777,28705.4518492651,27356.008801638,37134.666369963,15896.585269241,7766.02854965219,37307.2993599866,62958.1099943816,24144.7441288247,18247.322688791,37978.6186475928,25193.9092400454,16742.9711634298,10085.9594670312,16965.5398616374,39983.7102254767,982.296124142322,863.43431682384,3784.21588778373,7514.44498436518,6020.6545984224,11455.5810870263,13685.5337985954,11495.954232108,12170.0860317079,16659.067880524,21933.0517469293,21627.6604240816,26844.1389618327,24474.7488708218,15238.3122287513,141.018352450812,3458.56951838762,5761.86726485286,6016.04564915141,17105.562086354,21830.9270164878,2698.20388586389,20354.4097815886,13451.8087692328,4911.31886738237,22631.0624617289,23313.1188811751,28538.6127768309,12660.2914292166,18486.8219423885,4262.68207899695,10649.5977031421,13647.7026466825,43690.9524947228,617.348359863668,20535.0129818357,922.982694695447,2689.85478209082,10644.1769053419,10280.1476289724,4558.67924339622,19719.9370817057,2363.82611193361,9480.46059044744,3845.49410962141,16770.6351366075,15519.3302260168,17366.8670471683,16385.6247341627,2350.86928004333,1169.37188909099,2615.2615592876,3931.3620438342,17057.6606977079,7883.59100645473,8122.32137717265,14065.1204388892,13755.7282668608,6632.64927362748,7400.62518954897,28499.8666764857,23527.637872524,15206.1735393828,11672.4525619654,8241.58824655425,9428.49568165635,5978.61301939345,28551.9256806212
107003.924349937,36086.3899093312,6591.0459564687,28260.5825127438,27084.8188036203,36924.6027898411,15813.6625941573,7991.12858403348,35352.874342032,63878.5137281069,25154.4721119707,19532.7245346184,39819.9548103698,25597.4076281652,18308.9407366943,10131.0943335889,16914.8707520377,39795.3544886555,1071.05303682806,2064.21931982612,3915.8534020267,7463.83544329278,6038.08126267664,11383.8315647139,13854.9210526121,11659.2241281089,12180.1542862096,16644.4579443247,22612.4897080504,21426.7866609187,27485.6539081312,24603.9718339059,17407.8028118815,292.260628375255,3736.66322459054,5925.26626116144,6314.69609688616,16796.6980950778,21246.6631370108,2715.64776077457,22372.1519072581,13562.3219988782,7129.7995559044,25650.0718281097,26873.0374476947,28396.511468988,12995.6443076574,20587.1048929695,5970.68577778483,11732.691317508,25709.2916891603,45777.0730787916,1129.61604141696,20945.2678949041,2106.45259011137,2809.42033368521,11182.3791699453,10229.5575297909,4994.85745077643,19896.3120538839,2586.65608059592,10018.0687701711,3898.1570344845,17297.1677972592,15793.2505807756,17773.8041851152,16622.2556428674,4567.74726180793,1616.86254193343,2656.01634879538,4129.33891837894,17718.600437035,7856.47959383097,8281.00925643587,18493.9922991027,14558.326662523,6902.66717205208,9617.21424025862,43593.2918553725,24637.3815069806,15836.1720555695,12193.8815818095,8474.4002417039,9300.15548306692,5824.75426709224,28523.6151381311
109229.348259683,36390.4776432067,7085.99244298425,29314.6886718059,27621.7715184856,37410.2681519329,16027.1190575915,8131.7383583365,37516.7688094289,64204.637309933,25327.2393807773,20087.4654192423,40968.5937851612,25955.6808861694,18373.5930774954,10175.7532620133,17023.0565087937,40216.6240052842,1044.62543013872,1604.69747788106,4071.4396475323,7569.23067599209,6095.02195471729,11717.3923147083,13969.7835311485,11885.3384227199,12237.023245189,16650.7940771496,22257.1573783625,21959.1790042303,27647.5900665144,24714.5158586545,16133.5413200086,204.38302196603,3891.23486119334,5916.36052878843,6455.34767515487,17058.6947188152,21724.9436049853,3258.41897897125,22726.1621880427,13609.5464912144,6899.95316216033,26102.2856623518,26958.0712134354,29110.5379056317,13296.3572284929,20575.3532284978,6136.01827005929,11742.3039951287,25734.6832487764,46833.1734036906,2218.24188580728,21083.0844977861,1694.10223507714,2987.06285949855,11426.9184495143,10333.8060784286,5233.47997126816,20137.1519428815,2606.76632167259,10123.1464983923,3907.34760917735,16782.2068731539,15806.242119707,17942.9750954167,16670.0193027696,3269.21788650437,1509.75555083918,2660.77688507563,4093.19561414043,16793.2466309936,8578.39076970523,8293.7716054566,18283.7932017532,14351.703101929,6905.60484342522,9736.87449512183,43642.2897511385,26553.8889373763,16243.9186435411,12394.179748546,8913.52013834938,9471.87749264343,6021.28613880451,29263.8309149063
109220.584150537,36337.7202478819,7046.17002348229,29214.8204137916,27542.4210757175,36813.272122513,16011.846574611,8123.01269645419,37504.4947332172,64525.9054465322,25300.308457185,19963.3294878363,40653.5716887955,25242.9673745147,18082.8037631312,10148.8323181509,16959.832833485,40166.4506291778,1064.40161238564,1735.72379076465,4028.50583366607,7574.13550801982,6051.20308687337,11641.0335977002,13906.6160897971,12256.0541186295,12222.3799759545,16983.7503536685,22405.3547186297,21429.0382460274,27540.4381816871,24446.6362752401,18142.9926078015,374.323531212634,3607.48657099984,5967.01857079298,6453.1908391753,17452.5188970196,22514.2921713209,3292.48676404701,22985.4783540615,13674.6348228163,8075.60100065989,24087.6531004967,26787.1651955033,29191.3918633494,12594.8411108013,20060.055376671,5940.82872080025,11629.8719690414,23782.7030591469,46391.8712084247,2099.71227667099,19838.625618428,1825.17793310796,2911.59374452507,11283.9794672853,10336.4570548101,5096.74287539654,20086.972780778,2552.34573555272,10524.4227948379,3906.8846441551,17240.5618398382,15806.290386281,17923.9769412049,16448.7351108347,5273.89116947469,1431.30415825043,2636.74169045337,4154.38537227239,17977.7777256151,8506.88997414843,8369.61949887336,17506.8828309479,14721.7422831078,6904.0890388207,9144.41915557692,41740.5835049823,24888.0188853281,16028.274859963,12325.1152109714,8824.00404853624,9469.69886126136,6008.63495825077,29279.9807390017
108308.270795832,35465.2268720406,6919.07698665,28872.1223520995,27858.9813937393,36992.4678897779,15653.0585468955,8087.30958302557,37227.3335302435,64411.6916445519,24917.6159439576,19703.1755982549,39837.4439772293,25574.3903714824,18048.5976674939,9881.73383907601,16579.4261162281,40045.5856680554,1061.36700655404,2254.20747357112,3841.16929473623,7215.3097435201,5918.25435139596,11120.5480648507,13642.0508154035,11818.6093764501,11175.0362375913,16935.6917784179,21262.9977551494,21679.7694320357,27574.3535042172,24513.0413484171,18334.784400459,386.834545377002,3832.31260987907,5959.07915000261,6469.21583393891,16793.4705306811,22017.1986482277,3380.102646941,22797.9256153424,13307.3863074455,9086.98040811327,25909.5151900746,26797.5813060645,28576.4943741439,12985.8220329192,20372.538379785,6264.95406275452,11619.724028483,26346.492097432,46411.9915710641,1799.6474368909,20743.7294105631,2419.02209394169,2742.07048049636,11299.7458055912,9980.76843222693,5197.94915128604,19541.737446157,2228.30412050433,9452.84092011495,3614.21899563732,16077.5862704229,15302.9232609975,17746.3199684569,16413.4863116539,5813.68586046644,1682.23041235766,2641.67194351682,4156.25908671704,17100.0051422818,8602.21055954479,8327.91545191919,20386.3356737489,14257.9061303973,6870.1094701048,9676.53759502072,44097.0843414003,25755.8271411721,16151.8441379787,12366.5542936279,8526.82035331865,8857.61129474477,6019.3662460125,29127.2966881804
106081.787259272,35933.167856555,5973.32103552693,28127.7327729103,26820.1189688403,36664.0666473634,15350.7794850875,7922.34634442281,34034.9808319845,61229.8099094513,23943.7928872304,18492.8164717217,36757.5093944427,25252.8801105044,18209.8579857449,9842.27898240686,16526.6112094824,39694.3500266488,985.290207959652,828.980037386817,3803.01106308743,7535.94378911014,5815.41809055221,11124.497578878,13415.9460839678,11545.9363469241,11904.8045924862,16210.1156258081,21977.0612810434,21008.0932476761,27095.9588809121,24619.2329949554,15375.188080017,212.47286183247,3662.50367819049,5829.67028488586,6278.89153374541,15904.6785720063,19046.718853338,2246.99254446934,19954.0607648572,12497.8920931848,5028.40426757324,24897.9121889646,22998.6301654822,26981.0390166772,12833.782657342,20444.0355136206,5248.34934516577,10735.5889262275,20302.6276420119,44654.560245479,443.030058228463,19694.2930494601,946.474937685259,2606.18315853278,10964.1483851438,10321.727788392,4912.32305482616,19456.8024685772,2375.82396458415,9460.76922622907,3735.68000282723,16908.6668274245,15226.4984465921,17493.9137495685,16661.2506143855,2626.06082570268,1534.35373383192,2642.5172767902,4006.18930903055,16400.3960535638,7135.12844405106,8248.97936791721,16179.9457858352,12742.1460207169,6839.45052454962,8812.03865213064,36715.3222205369,22758.6293242938,15509.7767242979,11880.6776664175,8271.11785694305,9428.98196640285,6000.45965102617,28829.7712213167
108890.735692198,36330.3793889097,6943.83799491252,29145.7386144676,27900.8348194677,37413.9047886063,15822.7578242781,8009.24502986063,37599.769105149,64168.9087926362,25316.2024827832,18952.8718753433,40344.8951926231,25871.8350862856,18354.0860177268,10174.1446869649,17010.2002594017,40096.1511792464,1048.10655237874,1422.29402998342,4054.0419775868,7592.60330577678,6093.45795902243,11711.8849327657,13956.5334506718,12338.9533747043,12257.9034871116,17279.485740687,22788.0596133927,21999.1627629837,27678.1463057031,24677.5136676994,16079.1117692903,252.876293491195,3635.37079209826,5872.55362793607,6360.33500706919,17575.3738187999,22289.3789593467,2548.54919367722,22627.3953953298,13575.2709469575,6348.11678268487,25404.836410234,25487.7610597424,29339.6342301149,13257.454780174,20188.9740792078,5413.73447291923,11537.4871851462,22232.1354880406,46371.5634275628,1145.99100145792,20684.1552754464,1484.37984878967,3099.99942603393,11466.8733072351,10332.571850552,5176.42696230876,20135.5825523535,2617.02576385107,10580.6765635276,3923.08480232361,17669.7057156742,15803.0129651441,17976.5276003566,16690.0883247945,3155.38685896038,1562.59772306364,2622.56146594188,4048.64737041786,18150.9937638986,7424.26046776377,8320.22079061694,17631.2422026763,14158.8176352228,6902.71810213185,8683.38833064667,39873.9337387686,24783.3536308643,16285.8365476757,12309.4405718061,8820.42561258879,9477.39074983937,6015.81600367224,29237.1266384539
109269.4771762,35840.2519278968,7086.16821152903,29290.8130029133,28032.4216111153,36925.6151567209,15804.3066369448,8132.97948355683,37203.072614152,64547.8682461083,25213.1708743316,20113.5438771715,41117.7141066985,25960.288386819,18347.3471084551,9805.35252362641,17030.6072168297,40081.8457376005,1081.68884046329,2346.39373116731,3873.06098336098,7216.76180775446,5992.0617155268,11644.320250984,13951.8657096555,12362.6751221155,12258.6136098591,17376.3235852348,22783.6304287841,21525.9797514156,27637.0942570607,24617.4181168336,18457.1720829875,384.777477263007,3887.64040091459,5981.86968315569,6499.51040758251,17182.4522112038,22654.4062612921,3381.53259993298,23050.7169214604,13474.6477535993,9341.78852416214,26147.2011760647,27267.7223484572,29538.1249595453,13326.7724124338,20672.786274667,6292.54100901175,11973.0765763521,27164.1677636512,46871.2446035845,2300.9285158549,21209.8171389643,2260.09065880632,3043.71484696885,11119.4509508377,9838.9286272336,5205.68812305905,19747.0080989103,2596.8894662906,10616.1257104889,3919.37370374898,17467.7594212609,15805.1258475581,17873.6897260975,16533.805244909,5810.31077121501,1687.99152822787,2663.70375802554,4174.09897974541,18181.299427752,8541.24875383446,8349.63614923717,20734.1190680417,14988.3736386407,6906.55619026034,10041.4161480744,45307.3677409533,26764.1385056282,15984.8085785091,11979.6160318321,8623.8403159263,9188.95837137449,5945.47324951802,28998.6844033748
108831.985313649,36213.2788254385,7010.28460452147,29190.3484087361,28020.1014119051,37305.5334557206,15707.069111707,8083.41076769098,37724.7771745436,64188.3851866983,25444.4357082047,19722.2049034891,41026.023787898,25950.5713194932,18313.0792778221,10097.8331028447,16991.8970070172,40150.8083089146,1050.80671968195,2269.11665002978,4076.71941688754,7506.11132032657,6055.07372934813,11547.1705364997,13921.0906269404,12061.0332207236,12250.6726320582,17247.3431528956,22708.113081848,22058.40229923,27368.9967625928,24372.8290621073,17456.8216200785,209.479138071738,3740.73215213983,5900.91324158758,6412.48529318254,17589.7125129483,22427.0163466605,2741.23406030891,22686.8803754371,13720.6712868425,7989.97595155769,25976.1613832029,27014.646901859,29515.0318929126,13284.336644297,20484.6218536361,5876.52134573644,11801.5424936041,26905.0327449755,46809.8205570234,2310.75191293148,21179.4326771179,2315.5482538527,3183.25021071549,11344.2657699712,10260.8120133502,5174.85836818034,20012.6550680494,2594.8908740324,10333.6665831826,3916.59592844237,17482.3834244711,15804.4632619301,17933.7757744151,16064.8976968559,4738.50775751786,1513.53919407589,2666.68143162836,4053.70394700998,17756.5142234741,7957.64037799097,8365.17497454303,19373.7226961454,14826.94477489,6902.69006878382,9437.65294179821,44892.0535826888,26741.1646655912,16274.7713563166,12323.5877211191,8911.99992960755,9443.05039463477,6018.93493994896,29293.4377534548
108860.100015714,36330.3656893216,7045.0637516971,28016.6279387744,27231.9939733145,36727.1784785907,15783.3120024409,8106.9217817163,36809.8259739793,63426.2232301594,25449.7513019261,20012.4202784543,41090.7013480114,25804.0695344412,18341.761741259,10127.2952528639,16972.9654459178,40196.4131548433,1053.78922886768,1836.77271829743,4006.73268543878,7478.62882169133,6063.38226665215,11332.4965867571,13859.5688503222,10841.1414836057,11622.7874358644,16736.499564087,22564.4076700215,21376.4507991156,27547.8549974954,24460.2114305862,16297.3373036419,284.650619196684,3852.23561520164,5962.37197054144,6416.90949901514,17323.3828774231,20974.9625757447,2779.81960470427,22179.8608304901,13711.6680212849,5770.76410800899,25734.4778682316,27086.9877579212,29501.8832039331,13178.662424698,20684.2532536097,6222.1478177114,11775.804510152,24614.6063340226,46521.9343426405,1885.48555144825,20418.1118803991,1948.96967303765,2925.93719302579,11332.6722983186,10231.8400657261,5082.96628457383,19939.6848324817,2629.2810822383,9448.19537278527,3895.35905690961,17070.4430977327,15797.3748949725,17897.3096366966,16589.4525364076,3543.53224809759,1614.76574500177,2661.91898273898,4159.31869620452,17454.2704661177,7407.31198611053,8341.56381153268,16892.105951355,14766.600797215,6902.87220910995,9989.61679701344,42368.2839886248,25505.7640157758,16163.1273191537,12228.8283048673,8901.90031621832,8974.41754730452,6015.70669951075,29112.1938076111
108897.740651547,36349.0976347522,6968.8853480625,28999.068946465,27602.4444773779,36763.3526374991,15836.4012966751,7894.0750178396,36693.2176182214,64075.9176487709,24953.6010581483,19577.1545807609,40707.0892260578,25920.1123555205,18060.0278875363,10157.8981024522,17018.0003379493,40221.5725670657,1057.51844727405,1636.03475247778,3936.13740878244,7563.27557598252,6081.42712105229,11507.3418044118,13807.3450843265,11692.5728601608,11870.4957100713,16853.6620395695,22306.3570939577,21470.9476022406,27165.2195926833,24647.0047083029,18200.7197906724,338.432641932217,3789.15914147743,5832.89424086984,6360.3108531427,16256.4492993765,22076.4569519756,3358.95851125137,22571.4024299335,13215.4404283732,7636.21615876493,25665.4488662517,26597.52832748,29366.0974022321,13287.4388356251,20536.0707793111,5546.73998203416,11648.3935628021,23168.4111111333,46722.4425305268,1753.60338295242,20962.2852779809,1775.32690568165,2813.17089757574,11152.3171013962,10317.6772592183,5087.58601813151,19757.6291742906,2575.88601062866,9566.41981294587,3866.83724532172,17150.877851441,15643.8951352858,17560.6364245501,16636.2278347586,5453.28475971922,1619.74010128435,2655.12348825042,4080.15525740729,17128.8262983559,8468.95389419183,8367.59582795657,19007.2848763354,14705.312422705,6902.66178155888,9360.03682289466,40868.3125626061,25980.8722090527,15844.2599878475,12134.6901159799,8723.18711316527,9470.36752334621,5901.03741393024,29054.7645467415
108531.774192709,36143.7345549309,6278.47981290863,27980.0896847907,26602.9454103978,36351.8076278254,14757.5882423256,7950.36865152712,35732.6108147724,64161.9090653983,23533.5872773654,19304.1928982915,37598.6517409626,25087.7027194924,17394.6931876104,8828.69187112982,16878.1902227143,39408.0102694505,1061.59308953262,1427.52788435328,3707.11582153242,6855.48753170336,5150.83358717644,10327.7264759876,13448.6616193313,11245.2840512034,11663.5248961753,15752.6277234284,20510.3210684247,20697.178869239,27236.8364300438,23691.3925901139,14820.228110533,307.95696745653,3651.74391930331,5926.92607433134,6288.72620186516,15386.9750884485,20653.3992070873,2425.66499873208,21562.2659808973,12992.7883788889,6597.97934583612,25083.8709043132,24986.2959100091,26622.8802473914,12915.3684572499,19621.6164735974,5732.3080768524,10206.5488576627,22752.4137722608,44835.0275769818,489.512228766518,20393.4258327876,1370.3742470633,2535.58001713093,10714.3787414027,9481.9610578558,4908.76320338475,19263.4191730502,2475.07535560323,9272.90239339207,3844.07817054498,14528.6687284897,15571.8974078416,17340.7654442057,15829.2769231001,2949.56678151257,1560.95855562497,2628.46533255146,4070.8564511824,15800.1065933278,7609.96784279456,8255.66337839277,17596.5105245676,13560.8232682372,6869.33107369156,9289.25914775434,39673.0605715769,23642.1656214375,14878.0212847753,12048.1396954925,8312.24175895955,8800.62368571202,5989.88984387582,28193.1875113361
108361.536941464,36321.0093675604,7001.78880501911,28879.6415792452,28091.1564248055,37202.8096615064,15794.6324294218,8049.1224234954,37629.0087882206,63983.3970197849,25395.0268434067,19295.992054057,38677.0769336578,25823.2854899025,18295.8577686482,10038.361183007,17016.4029483555,40128.8319814103,1046.91019380702,1587.56906571821,4151.99811358633,7596.77558793355,6059.18974706985,11416.8891735673,13938.8786728741,11943.3484407569,12260.0149695901,17366.6469869076,22768.0392201492,22147.6527809612,27545.4403877032,24681.2511868519,17926.4032572247,210.008411141578,3792.85919688444,5948.79697360261,6446.6561920125,17754.5837344066,22440.2635556306,2662.33708609811,22471.3451135273,13699.2512715541,8441.21081624768,25842.0839187879,24599.9518835479,29412.0300106757,13235.7520439182,20495.2786756206,6067.99360283911,11523.4264570205,21849.962305733,46687.2603615625,1904.25746094633,21161.0379043883,1625.91164391703,3077.77209492311,11267.7839509192,10337.5382052983,5021.36751745082,19963.2764927324,2634.24666333222,10329.2884375731,3913.36527882767,17683.7208869009,15807.0809051323,17861.076422069,16688.714630543,5216.33427629631,1520.86435448931,2656.82237517861,4125.85596330804,18084.5703132091,7506.86348512794,8365.87543406395,19694.6932697964,14806.9847853497,6905.53696933544,9635.99036704884,39696.0584101696,26231.8664065461,16019.7256288423,12066.2373851358,8880.54156271782,9473.36856588116,5686.44395879911,29223.0468375073
103931.664178307,35231.5830766708,6202.16286599651,25939.4065548286,26553.1504235201,35929.5410181864,15027.4003770912,7315.32194825941,35386.1517832212,62789.8766066024,23278.4521151804,16052.7444153769,36328.5154363774,24946.2475697072,17662.7361652108,9854.64080800157,16620.7455377721,37973.0914858166,1015.00080956967,663.866181378918,3777.56469558312,7331.26587741233,5859.3047603091,10443.7127107539,12840.5194447637,10533.1884715015,11419.9470737327,16136.9392809,21291.2247300625,20640.8785556531,27058.8703771441,23601.9522387906,14042.2018903041,170.326415440807,3074.30715773214,5763.18570499206,5887.00495957199,16507.8313145996,19341.1638831691,2302.68893659629,20002.6953294213,12982.3100581918,4438.68964130354,23980.8795958076,23393.097264837,27349.45360059,12645.7886032185,19272.5660594289,4869.37184240912,10422.376323471,18285.2219826689,43925.6728205323,320.486880088148,19745.3665094164,781.651157985668,2583.74116930428,10771.8888276697,10072.9332615447,4654.45343268749,18376.3218574386,2160.19425802494,9118.07905504656,3576.52957918789,16284.255649752,15185.9144479995,17590.63150243,16012.5697706383,1678.62442340202,1475.14067337205,2549.07083778499,3923.16130293994,16509.1174467502,6349.46637568164,8275.06147848497,15764.2959405728,13424.847502087,6882.59224482321,7601.11043614148,34909.9113833366,22484.606185733,15135.9469443028,11435.6708318132,7880.3355845237,9396.07283432549,5947.93238464972,28414.3847932842
109370.47141556,36392.3323325049,7105.54133254848,29337.7374589546,28109.9690308869,37509.3309911429,16040.8440006565,8133.69523003035,37857.0538480021,64548.8763097301,25497.2834221763,20195.8135495243,41225.6877349373,26014.6498528472,18372.1462859632,10177.9591339809,17056.1178726547,40231.0320297838,1082.05812715832,2397.08554716944,4255.69831252401,7605.2899599949,6102.07416818157,11729.3244650703,13985.1872678199,12506.453465407,12284.3986390092,17419.5846357811,22793.687712336,22201.8012887761,27690.5252975016,24739.6144070332,18691.0009766788,386.978546838334,3893.73987672187,5982.33649681708,6499.92818613758,17978.5981649177,22691.5584804907,3384.07564741024,23053.2710803454,13751.07846957,9400.7395478749,26157.3739370989,27313.5650557047,29671.7857778763,13334.4084949302,20760.5224739857,6294.04608890228,11983.0532091279,27165.550170503,46889.8171745343,2453.01581980326,21213.6748325285,2459.08308128809,3234.60778067051,11479.7797254055,10359.0235214049,5240.12976354483,20145.8640512719,2640.34176757769,10748.4597169675,3924.56612583302,17749.2411250357,15809.6469358322,17977.1252638954,16691.4735410847,5819.30861388147,1688.13148818462,2673.8216847931,4174.62969487056,18355.481559917,8609.85308272456,8378.09173643054,20794.120467759,15036.2709653933,6907.77325962542,10125.2066318727,45314.7639957573,26928.6601033377,16309.3398094656,12394.8568041507,8920.68082326598,9478.10506638896,6021.43070176092,29333.6931546964
108419.064326967,36137.7344380547,6938.94279888575,28579.5815602492,27266.3217973164,37093.4843444716,15885.2140598446,7853.56079207165,35737.9982508027,63264.8023535671,24711.1503451928,18731.5579675817,37896.491659319,24405.1382185549,17843.5933313254,10023.5306650175,16893.4904262091,38918.0534670315,1013.02597655419,1280.90990669362,3821.85265969189,7233.7607492848,6026.50532935355,10920.5524260369,13597.8293653026,11619.690993735,12057.1512073306,16430.1259394275,22360.9540048614,21533.4731041426,27057.0632194002,24496.792883987,15165.0901303596,143.274062411245,3580.23385804975,5829.62691162164,6303.7297951963,16605.2508185676,19412.6762392613,2313.61523748092,21597.0203782857,13245.8965878751,4891.94336538796,23873.3063595258,25381.5553420619,25859.8749304732,12740.5411543013,19678.6143377668,5188.86345477097,11063.0450978503,21278.8983400818,44171.7566868095,328.294114912287,20420.9123595121,1355.30704414663,2721.95123294475,11231.6334140419,9974.64073898622,4716.25753905466,19566.8480812889,2246.17275185141,10005.9291574256,3748.61178646487,16834.986991429,15609.546444202,17341.8838804663,16587.141568029,2270.65984622318,1394.16508761843,2630.72736075948,3991.96157004223,17074.6343986527,6219.87365009724,8307.2599321303,14891.0872968114,13444.392611711,6899.55185183056,8264.61764519493,38135.0452209245,23274.7471466956,15734.1867268883,11972.7463325411,8208.11844308692,9250.82059296523,5994.41153517299,28609.9688001022
108450.290457296,36328.7371750958,6661.49659260781,28798.0390700368,26692.7045925222,36222.620828914,15349.7437494802,8032.79443232907,36131.0191838532,64156.3640752287,25050.1546065849,19305.5868972893,39748.562165251,25321.8785580312,18065.4335271564,10116.5713152486,16886.9900968026,39952.57165404,1068.38113273698,1753.8166130551,3842.363859932,7540.11370038909,5760.3703623731,11450.870286973,13422.6921663253,11553.4368839144,12047.9233295929,16041.338127069,22345.2554591562,20658.3909896807,27184.8518105848,24580.5388611825,16917.8496243489,251.50005784238,3638.33244267829,5863.68843027302,6280.79353515597,15660.9112001707,21675.7718240917,2515.97212240073,22608.1661085603,13410.6044141962,7172.11278144085,25563.1952365246,26396.8031759309,28275.7907919382,12739.6232001567,19958.0418605114,5427.23626391447,11484.9077165369,23814.2306069209,45837.7421135632,972.896661281335,20704.6701773853,1936.38484899327,2617.77799250275,11054.6307599535,10297.5348754787,4928.00074225593,19758.8868633853,2558.96927063898,9725.30495255593,3888.79518037003,16899.2422009571,15780.008760431,17536.2491086328,16665.3967794948,4514.48027283271,1510.33095610389,2604.75063024693,3995.43740569012,16993.7554605431,7400.07515196324,8284.78916483594,18438.4010407761,14132.2980204603,6903.10290074197,8572.54481023598,41440.1026596474,24464.9080058002,15643.4201749721,12161.1904006606,8703.2733419361,9467.56782790204,5996.03855175116,28926.5840247305
108726.274579379,36341.2009006761,6781.00255682564,29019.9211281212,27994.458953945,37091.2476821896,15563.3288073909,8079.52942626838,37661.363108919,64348.6087954789,25380.2580635478,19609.3456193042,39778.0451959204,25256.0267744214,17979.8520170294,8572.68607212033,16661.4425622299,38550.7898031229,1013.23558233083,961.064072740048,4135.61735421082,7596.47610691393,5829.1713537504,11554.897451134,13837.0384383691,11862.8710698013,12221.7410190824,17046.5778963258,22632.3731459435,21999.794155785,27542.6563308537,24563.8568766225,17998.6059392415,286.015046924971,3747.65490887397,5930.83416704265,6375.05073066722,17586.3588418129,22510.3474609011,3309.52986537794,22848.0313040101,13662.0381864717,6875.20242819505,25840.6223068994,26073.6980942015,29042.1641094148,12642.7202719642,20267.0872650553,5742.77336543041,9557.39259137702,23171.4787455032,44600.566486567,1586.59308532128,21139.1944856404,972.452744319514,3084.16214670738,11168.6922532444,10340.4439285332,5147.19426999078,20104.8737928761,2633.06008615741,10037.3556667433,3879.88597260677,17347.558526252,15765.9479776785,17920.0809238947,16684.3851558143,5314.50933419313,1571.54979391743,2654.89592119365,4076.19024994175,17886.5809160514,8521.02189650213,8362.38360688917,18248.5158453239,14606.0258145045,6903.78639627104,9365.19990813151,40509.1271453612,25622.2701189936,15820.9232984834,12304.2065226393,8814.92579435551,9469.51528483303,6007.40696106566,28938.387296862
108905.699700176,36363.7696193735,7025.52261136286,28758.2399626477,28006.979041703,37269.391855027,15776.7279327702,8046.51204424014,37782.252026327,64544.8257881217,25478.9756904473,19812.8292019722,41154.4448259231,25952.4080617647,18357.6463844075,10117.7813559981,17032.6367649876,40222.2659137852,1080.11811693269,2363.51467713318,4160.21701233768,7595.5766512666,6032.75743961247,11360.2555160031,13954.1690314409,11831.3580633135,12268.6786335211,17123.8258499196,22639.6239304419,21956.7599219605,27646.4794588075,24688.8384466398,18415.713399779,382.69819418079,3820.69369541178,5889.2198766852,6393.17442503822,17470.2498723012,22211.8137082427,3309.08935843932,23044.6825705991,13675.2333578354,9352.99093733786,25958.7812452602,26949.5644693142,29296.1016051379,13280.5798618537,20407.734240862,6061.80900349945,11809.866627424,26975.267838043,46556.7772959275,2369.04348237684,21164.211472431,2451.94838624989,3105.53807539031,11446.2074500882,10328.5029915611,5174.54327569011,20102.6682457444,2611.2941186534,10004.890902119,3915.15038840403,17397.6340449462,15622.2081197968,17960.2539889798,16687.3288808167,5707.14523204323,1685.75734691281,2607.56447872386,4052.77455024159,17430.9052709277,8508.12305300438,8308.85898497514,20746.4504209394,14407.7608663357,6903.04739278706,9508.69460683525,44739.496918261,26765.544493459,16236.9150058342,12293.519980732,8642.97727065091,9473.91037908802,6013.09893092052,29237.688322946
109334.640173088,36399.7816550587,7048.58183559962,29312.5994963618,27635.0564400256,37434.7910375721,15992.9683335826,8104.62160673656,37693.2292310409,64419.1095145042,25488.5765181375,19964.8857358453,40885.625403678,25940.1036391759,18378.5464646422,10174.9649159318,17033.1121894808,40216.4532534424,1078.86316140229,1892.78642308083,4184.26155931246,7595.90943192272,6099.84450252895,11610.6663930243,13972.9597964645,12183.7632752851,12280.1501801441,16846.0500169117,22706.6076523801,22073.2319801869,27623.137623643,24713.1721103364,18629.2079932106,352.55660493602,3848.19135004818,5947.96377821278,6430.12938476593,17529.652776947,22347.6868934,3198.11780822478,22921.6151111285,13736.959162553,8634.74659917852,25984.4730180564,26930.104120872,29529.1694998463,13285.5773956808,20678.9323038648,5977.11776137998,11731.1849049255,25635.4994258549,46814.4744509263,2358.59575107449,21168.8792977938,1959.1971622578,3152.33228991623,11447.9906998178,10354.8850017043,4987.77552113979,20117.3062516184,2634.87374118553,10432.2974791143,3915.97546202462,17483.552957152,15807.976476816,17915.7990833796,16689.8918750109,5759.09780516207,1657.24530027772,2667.43637672719,4108.82756871387,17727.7228705032,8409.63219993011,8376.14414788061,19940.5868969652,14980.391553233,6906.63776617369,9742.55668645614,43490.727851022,26784.0508072445,16234.0739051508,12224.5246603774,8917.90006293863,9476.70573129645,6018.27533639898,29307.5700035961
106760.250226299,35160.5558043384,5728.81008973625,27859.7551016216,26410.396356245,36157.1518511833,15220.0902631225,8010.32495184813,36451.1534485957,63015.8246000034,24893.1452478305,19006.6208049941,39071.8964509428,25015.92956153,17761.4981525231,9314.16534356922,16206.5670426343,39190.4837068398,1075.31390977331,1286.5767820169,3575.34102816551,6919.23067147197,5718.16848441172,10458.6198961885,13430.1549122253,11339.2881880926,11911.5996434934,16066.9603761336,22077.0638152324,20745.1539021613,27138.0299794966,24356.8573912563,15614.9817154967,308.287204770022,3749.52648951166,5929.50569704102,6199.92171948076,16908.3247079718,21795.2772264162,2510.3817840574,21489.0245399045,13259.7878008476,5336.44404587062,25290.0893716744,25725.9740060173,28093.3548540795,12491.3709239899,20301.3260532844,5667.68152973029,11017.120271862,20733.3559627946,45241.1516062906,581.095799543786,20924.0134869141,1444.22675747924,2597.48078472417,10955.3716451901,9611.80387485718,5007.68086323584,19481.8905302507,2361.72181092543,9595.82860893134,3816.64149310563,16752.8997032701,15472.0103109869,17617.7033904993,16451.1372716112,3049.12139203466,1651.053680132,2647.01500153625,4100.46045839408,17423.9347934715,7293.19782770086,8210.69273489628,16704.2678074313,14089.2210633874,6901.31439777359,9304.17625537381,38673.7818235557,24214.9736591732,15764.7348439288,12167.2803410878,8256.56303235532,9123.08090996081,5965.76896889532,28649.9763771978
109045.121710165,36219.1258391537,7020.2184222471,28239.7707989529,26549.69897294,35925.5737467469,15848.015474007,7952.66855821718,36583.8166034054,64223.7790334725,25079.4653714602,19192.1510602192,39187.4771961188,24940.5647978782,18034.3486019758,10046.4585730513,16861.0210375744,39396.2824438706,1053.63427272589,1689.96837488911,3810.37327257241,7520.61095853753,6035.35898128918,11410.7618272769,13493.5333757994,11085.6349987959,12126.153719858,15709.2807765416,22019.3978538117,21060.0705306281,26912.2955989421,23887.9838665148,15942.519916966,202.188735746809,3701.29191929633,5920.68462459877,6334.31677304233,16911.0649005532,20821.4849020392,2353.84244084098,22708.6537960885,13530.2036067176,7432.77531285877,25570.7551228992,25533.6290998468,27879.1126912277,12433.7768678048,20224.1624160494,5548.64794302207,11085.9340496194,24075.7253049517,45294.3123381974,1129.20785963605,20539.2725196949,1806.64462079822,2819.20262287992,10857.6858657623,10275.4432328751,4835.64334656966,19753.9758405272,2571.88936694276,9869.85795136202,3861.98897030711,16458.9976702491,15797.6341542601,17313.5384965455,16550.3968056607,3207.1810388828,1470.9381033257,2637.29350594768,4066.26920466627,16723.7042384101,7537.95733185144,8328.89770898491,18791.9418282701,13915.8038160007,6904.67627891002,8860.58331544512,41471.5707412758,24443.4923841301,15771.4044768367,11921.087347882,8742.95700619552,9445.28227882725,5997.5713961074,28998.6641403848
107684.82275411,36313.2935370332,6891.11288552266,29023.2724197381,27070.1181822168,37083.8062267038,15837.8913502631,8126.78947532796,36614.7221645527,63976.9083783325,25124.9942249549,20085.9758964258,40681.5739110168,25800.0704815013,18310.700709257,10151.4470598857,17004.1850755916,40198.4296081527,1062.33598710806,1372.02756806306,3871.89700609737,7527.97766737617,6017.30441392838,11575.1408432412,13821.530256724,11612.7972613496,12199.5337468045,16194.4106392404,22595.6869219807,21691.162647324,27560.6698354569,24630.6885191326,18494.508319698,352.494644470862,3891.47861369676,5971.48038319187,6459.94250748437,16985.6354098099,22389.6471305048,3215.58643900161,22854.7177055327,13478.8153291926,9216.35266528507,26069.7845554652,26520.8487809789,28922.6701629256,13153.5715842847,20738.3753238952,6206.5800664524,11769.647599455,25809.5931921819,46487.6550723193,963.654033584138,20421.2223135966,1562.01361421862,2606.43261255422,11058.6970547978,10308.5115578307,5115.30981523514,20042.162962765,2551.84747815295,9804.76616555405,3897.20189599029,17234.857760633,15617.9926645055,17911.0652366743,16610.0223257878,5793.00778831465,1652.97303131218,2661.53076118733,4152.0517494794,17435.1151780047,8436.15725414926,8368.69523151521,20607.7342355943,14075.3766042362,6905.47469934402,10014.5756193604,43701.0749295298,24313.5378073846,15788.9739618119,12307.2820477089,8727.71364980517,9466.50261882518,6014.04717548745,29195.9427348125
109367.584415461,36403.433225749,7084.11675476842,29322.5114669158,27627.9237709548,37360.7221979196,16036.5186311881,8026.77661643771,37504.3369360128,64503.716858374,25460.4411806692,19775.4437567872,40505.6074549872,25803.2302910346,18349.7973781288,10174.9768919871,17034.2432507121,40212.2573613585,1052.04215420957,1715.71939003817,4113.73588601337,7581.76760993357,6098.69115735573,11704.2318850415,13959.0724841026,11963.3554316725,12264.1925936801,16894.3054064978,22606.9593346049,21772.389836312,27657.090586511,24711.2975092968,17642.2566882967,360.115871506483,3844.41753736592,5882.85580578528,6382.46891468579,17120.8673581742,22372.382337786,3343.62167617516,22987.8787158696,13721.705238918,8589.79058796319,25483.1230635461,27225.3313362005,28918.9397951571,13141.1296314178,20749.4679321029,5999.68567219747,11644.478623258,26560.9541303994,46378.5231418265,2286.04525592961,21167.667954876,1782.70002663677,3057.10121574043,11431.1142788678,10354.8933121986,5209.20192417572,20128.0846055061,2576.15662562032,10047.4399195354,3895.73405815694,17434.7232395029,15592.950134956,17965.6873630327,16688.9106972883,4756.55182990711,1615.60029370323,2656.10839771037,4072.2504542242,17546.2581514659,8562.02091606025,8367.61524066818,19696.7307244033,14964.0175492214,6906.50315161806,9744.7540379368,43846.2316990495,26697.9313569906,16178.5972007144,12369.1181705998,8698.35344746779,9474.6742894114,6021.00685838552,29045.1777034766
108878.32584859,36180.4130985778,7067.46724779718,29251.8838143614,27566.023963355,37377.3809475512,16024.3666877154,8010.77799235856,37231.6636372202,64533.65008018,25279.6338816849,19595.4150180081,40206.9277965594,25637.0624452113,18312.8774347217,10168.2492278294,16954.442039354,40143.528908281,1081.69361612154,2365.58458361682,4156.832093489,7556.71520551868,6085.1025056066,11705.6105441495,13930.7525773505,11738.9959624194,12104.474261787,16628.7150618252,22390.5904096887,22025.4866073991,27646.059933502,24679.1666100017,16961.7502065424,375.932469469029,3876.55822124053,5951.10685388024,6343.86680508297,16903.4171681749,21750.3744250547,2360.07134737155,23018.1879682102,13635.8336460981,8904.01311078972,25734.7348098964,26566.163287804,28478.8379142602,13092.0541888694,20506.5419619253,6116.16502217658,11959.8950170744,27034.263692126,46379.091944824,1169.24726311841,21003.8095390051,2423.38599432126,3084.1062973411,11308.9962285408,10298.6956773082,5071.33485786143,20122.599896875,2311.6379884833,9972.63595108483,3780.14941828878,17140.4712903901,15675.4389922005,17953.6395367811,16671.2112854364,4051.69546774774,1684.51757856371,2655.22469078055,4141.51968237417,17012.662374619,7495.58113461622,8311.76868900189,20293.5391217387,14016.4476669483,6901.37765235935,9738.02566385503,44966.7273563687,25125.520639486,16082.8405594067,12183.0575611875,8514.0694818254,9452.79066351359,5996.71966574481,29161.0045044271
107239.980444721,35259.5283186364,6815.97416200142,28523.0714056934,27364.9517199229,36972.1483930617,15918.0741121309,7775.77756730558,35618.4805330676,63676.9197785401,25076.7374381433,18541.4324393655,40165.5304110423,25503.5595636738,18047.1607388921,9950.75677115051,16896.3687571103,39042.342239849,1059.76717254146,2048.42724058172,3883.50110274427,7136.60074599713,6065.76574982416,11274.9419551286,13800.6881991643,11562.458956612,12249.0908113342,16860.3087409721,22499.779887883,21594.7405034679,27399.1889057348,24214.5330225752,17288.9696708696,295.432189199052,3627.26053770289,5916.47120850623,5908.27042844906,17213.9265697461,19788.2107213784,2388.84316806708,22252.5276083811,13480.0902136342,7511.74609163158,25372.7857625947,26535.8277104944,28544.5913425331,12964.1905661796,20373.5306465184,5338.28651844891,11618.6443335265,25396.5672389406,45935.2124378113,1563.99178637389,20973.4884813733,2106.84334194606,2877.70071940583,10975.5371845461,9835.14609316163,5055.40512902012,19596.9683970748,2486.43276996817,9995.72757702915,3897.5487605487,17255.4682210099,15783.8736236029,17870.9980294274,16257.7157076615,4350.750295159,1607.91636299185,2635.70819540561,4079.37722346838,17411.0409306195,6611.79848161995,8296.05484746513,18884.026460529,14292.2106758886,6902.06864800339,8754.52119760175,43303.4441727651,25537.8213907466,15626.4640034686,12135.8010206976,8502.7466597855,9380.98339262535,6007.50518263113,28777.7747518814
109213.842012565,35851.0546954553,6960.40236748348,29154.5289983777,27612.0291546509,37111.0457174997,15840.6770909851,8110.94237456226,36692.4345267192,64445.8338070438,25131.0815031012,19879.8339614022,40607.2626406606,25933.5668191328,18211.9014830186,9813.06925244024,17001.8189512223,39996.503115752,1047.44055574574,1431.11987781711,3927.99209132249,7418.72388378554,6044.36597228952,11563.1956282349,13923.3964211629,12023.5430179695,12130.3352441838,16859.0672460899,22581.1056028795,21621.786103653,27668.0372770504,24720.6797386477,17984.0181149745,250.96488318153,3750.88484757522,5940.23061488022,6458.25266847498,16532.7197813808,21614.0996769702,2705.75771607616,22948.8635188862,13423.386670056,8946.49361779622,25989.8386355201,26332.2313884781,29191.5299503115,13305.0730643137,20555.9692163748,6076.48397172848,11525.3331158366,25025.6831647863,46706.6078343047,1378.93664600296,20964.3841960626,1523.96290401864,2939.70794777139,11400.0226669568,10197.0784875214,5158.55748014798,20095.0280571394,2599.80585223576,10167.9981866945,3919.4434149685,17211.035022308,15802.4225764965,17969.4939196681,16679.4530414994,5146.72966210288,1558.42194420137,2669.34702325337,4112.5658434615,16990.3182664579,7923.24484433449,8365.69299246767,20335.4220468977,14334.6998790707,6904.83806600107,9711.98954858107,42855.4939693352,25550.8309462446,16261.3030668957,12330.3786759395,8912.32162891858,9431.7765481167,6017.36824581625,29299.0527399827
108233.929709594,36362.9255623016,6977.4920479299,29151.4083888712,27234.9710289761,37324.0732934712,16036.2078826966,8044.86661162128,37185.595651492,63873.8070861194,25342.3124201638,19594.5290325383,40463.2108013835,25878.6012557184,18239.0942926239,10169.2897633259,17038.806169092,40072.8308900595,1071.15580466192,2258.61765537388,4076.91478573659,7572.06000141405,6090.1646426724,11641.9499931667,13661.4498123043,11796.1112085606,12048.4307065717,16989.738060046,22148.1419588048,22020.7099915447,27357.2756739805,24678.326339684,18685.136546132,382.344003737613,3862.29105291271,5950.28905479331,6441.69192156283,17134.0616132368,22210.3816484954,3376.87286105601,22372.1906802458,13664.7066382615,8931.44665198945,25729.7146451987,26932.8192752823,28978.242783243,13285.9843221712,20707.9954440624,6096.44966442007,11930.6771258917,27080.9277703272,46646.7497761426,2155.64479724868,21011.1974666499,2378.85791698826,2975.16391485336,11214.7044693707,10334.4432140876,5158.02990619658,19827.1179734064,2569.66851488256,9808.12279907358,3887.01000078634,17249.3966183715,15668.6974836984,17729.2045808878,16639.5610887315,5816.10238792095,1681.25077233819,2663.66496506147,4149.8679593855,17630.5220232503,8600.75499843911,8375.10397636599,20321.4758715211,14612.5092577949,6905.2788162349,10007.1920113639,45110.9473189954,26357.0417148097,16022.525964443,12390.8885982273,8833.53574783442,9472.68330581102,6020.68068159639,29230.6496024048
109342.366091813,36388.9417297225,6938.30070501566,29297.1475361241,28068.881634146,37486.0219608485,15621.4771406803,8107.56399518617,37837.4012376741,64546.6866590604,25461.2302146745,20110.658461636,41217.5450276937,26010.2509417268,18368.4859457696,10156.8647875475,17052.6313031141,40230.9998686672,1081.79848070629,2361.00573150977,4164.16383980517,7599.81206617155,5937.47617410112,11700.7138681323,13983.1871481189,12100.7560671253,12259.439597742,17232.4116883986,22683.5652706097,22170.3137594452,27677.7741259164,24737.3985522841,18120.312912666,377.88786641421,3841.07030378224,5978.20170545804,6459.91291560605,17579.9648898912,22323.617463161,3363.16984026064,23049.3933551711,13712.2390941784,8680.43131304992,26088.0634769337,27264.8573589958,29613.5599328374,13329.9211481917,20757.1076759029,6190.00113086426,11952.124364689,26612.5916134472,46880.7578062518,2374.04624015131,21138.719329535,2443.89500457706,3136.09687906806,11462.9618857085,10351.1546771219,5222.78854381712,19604.9680954001,2635.5111598121,10340.8870492846,3923.44176291773,17459.5139824515,15807.6890546996,17973.7970869071,16685.0398917357,5605.78392973158,1677.47479920759,2671.41302656056,4159.12962651462,17603.6453021473,8583.68355478253,8378.00146035315,20061.515161439,14962.7447112721,6907.30925779103,10009.100258412,44746.706796784,26772.1420643943,16300.8407989015,11830.9928875443,8915.89242039045,9476.26079482352,6021.08382180182,29317.5872476753
106496.086413092,36259.6980381547,6092.12806544715,28718.7758485525,26957.3235312747,36542.0436855722,15931.8470307321,7761.1474320422,35081.7120808016,63891.4081594264,24293.9992870451,19317.8777580342,38583.6405068431,25336.8212146815,18278.2768509839,10135.6013780442,16904.5950359256,40115.5139271729,1056.39821376778,1620.88220635833,3864.52264204764,7535.16340418776,6004.51479664483,11633.2302906824,13831.4208264048,11639.1671829424,12021.2034866961,16511.0613424797,22223.3045608716,21306.1012062891,27442.0720261247,24631.4797128108,17009.5058870428,344.064135094057,3822.95138198207,5934.31890839918,6340.09455682778,15311.3190988191,21968.7570128999,2609.97049775852,22446.4611319607,12715.7805381242,7256.48727214269,25545.4434469208,25301.8670754991,27916.3354389559,13105.8651258486,20487.4720830818,5424.71910539699,11514.6976960879,21157.9684189104,46028.4044432808,984.148977531411,20959.3053323841,1812.52924863869,2540.78498779355,10985.8071400673,10292.211399593,4997.73372717331,19980.0382162712,2233.73445409065,9862.20429565553,3767.31642301465,17270.1115391474,15604.3191805822,17892.6042464575,16669.0040580218,4108.72364731648,1615.98990167067,2649.39696464286,4082.20056244477,17316.9319074021,7576.81330418505,8328.4250451999,18642.4004065143,14260.9112338572,6897.16702040358,9035.63805105928,38927.8145961771,24537.1398732712,15642.1968579287,12090.6591026615,8273.65152163267,9452.95196538081,5592.87906660604,28665.5066136788
107890.456697523,35832.1549923587,6393.88455330452,29147.444634562,27574.672249821,37309.2709802105,15819.201096329,7787.24607818937,36261.8421573967,63439.9207648928,24657.3834426203,18553.6505964865,40287.7272621654,25647.4420269476,18316.2816849548,10149.5752639833,16677.4587389326,39690.1090572603,1047.19039105141,1254.1527920753,3970.26434141351,7368.76302120357,6045.53005896642,11481.5843493979,13809.1793228398,12061.1391015122,11997.3562303541,16796.9119938529,22020.3473829851,21899.782357135,27556.0613998221,24571.525620717,17724.1067529391,291.111273540971,3462.51491505864,5937.10790525195,5757.13914697997,17437.5309167571,21650.3587823556,3322.47268237505,21348.1305098067,13589.9263346301,6219.77783222048,25045.8584907662,26630.2461168715,28734.7460910996,13199.1175594553,20420.9179057228,5844.22815210283,11580.9853572771,23252.7384896548,46010.5213450743,1974.72248656431,21075.7241432349,1342.76582868083,2826.71467065902,11144.8200978646,10134.9854073444,5185.83084611879,19775.0760833764,2591.52234032622,10079.5008141144,3904.39595428372,16572.9348424425,15794.2201969418,17818.4535073898,16575.6120684293,4835.14814928028,1625.55090262261,2645.66703767589,4131.99864791008,17705.9889144565,8353.10811667395,8343.76631571165,17589.8182988173,14498.9936975056,6903.17505354213,9321.9970406121,40968.8059331961,26063.8546364137,15806.7312698636,12329.7792546768,8846.67314897064,9274.46349726186,5990.17100326884,29178.5936064562
109371.581123794,36404.117714608,7096.97946972214,29336.9913636954,27759.9254710972,37490.667009681,16038.5071047596,8094.89406148414,37831.533675883,64548.8756867796,25499.1871339125,19971.9422461615,41079.0378138404,25914.9952825303,18374.2801689089,10176.8140745686,17047.1751096838,40223.4954883219,1082.07518273126,2397.18325596093,4256.93557613832,7597.44819371012,6102.80688744737,11732.6740933596,13983.9599122461,12514.1027312946,12283.8186686345,17122.5871410586,22754.0832706061,22125.1006269949,27690.2320246808,24735.4601205243,18688.636180383,386.938140195038,3892.72604135971,5943.46228800784,6494.9429621984,17965.8861626403,22691.8705925883,3384.07502445974,23053.2577661542,13751.9896119192,9399.88761729386,25946.0351977354,27299.6953196367,29522.3946275768,13240.5954439249,20760.7156373117,6235.59377836296,11981.0609877054,27097.8987766536,46874.1046473486,2456.82602110543,21214.0379399508,2459.15616228973,3235.73650371633,11480.045178597,10359.8930865006,5240.67605820321,20148.4509432714,2640.70436385949,10679.8498143365,3923.76174742781,17755.6193058959,15753.4238984725,17977.3422192335,16691.7157879802,5819.30861388147,1688.09276328533,2672.35157039901,4174.37285933655,18364.0890286459,8610.78116397251,8378.63766246126,20794.7162689476,15039.4208022348,6907.89398402267,10075.025130598,45246.9480912387,26934.8217803295,16309.5011291386,12394.8993823115,8845.45485163986,9478.24352494767,6021.43070176092,29336.7479407587
107029.965922332,35534.1693478342,6754.92734637454,28846.5506349877,27151.1153672058,36991.4073468358,15874.9125702424,7787.85061874542,36447.2915910558,63805.4894239001,24946.7787766946,18716.6117153707,40168.3665904421,25588.4743263892,18021.649325136,10137.7377662222,16949.1168570339,39032.8559644131,1037.92817794118,1051.92743299254,3843.10436911121,7435.61460319802,6063.13086063223,11405.9370447693,13764.0662932206,11653.4095380895,12160.6778373764,16609.5644735171,22219.1130240462,21508.0049077338,27459.0918432217,24536.3877642791,16485.357587038,287.834004410041,3739.89858217195,5750.47521518059,6108.55322846517,16984.7755739144,21029.4820489536,2628.66332802845,22367.428430464,13406.9028787395,6192.51069390481,25324.3189584467,26315.4048401315,29212.0421653708,13137.6906637638,20071.1612373595,5452.44062773836,11003.388726132,22269.4537683668,45540.5989129124,1570.84012824448,20988.8022940188,1154.75382511923,2774.61121344546,11225.0396411604,10156.8212834961,5015.01577349176,19772.4122813163,2544.26806636248,9778.60696242255,3818.0002466013,17103.1871283564,15626.2346295097,17900.7257875397,16538.8284035992,3571.18803505985,1621.43809630417,2571.94091033131,3979.1375950978,17279.5605282812,7265.79160564595,8322.23364440997,17464.9362380341,14448.7667192217,6899.39523333792,8852.27295519848,38897.717242334,25538.2609806772,15869.4341921874,12148.895011094,8632.43774642458,9455.34811451682,5999.74141648386,28764.311395728
105133.568304638,35643.8211262845,6809.60910853609,28128.3426742853,26445.7632198707,36035.2562384275,15656.3461523927,7719.25155156622,35231.5532723502,63235.807351411,24846.8234062181,16651.5001152084,38452.734748289,25212.9541566064,17789.1500712258,10128.271816928,16745.8148489245,39477.7676717136,983.620400605605,606.038711813551,3793.4238432841,7533.47303739755,6053.24127773946,11534.1171333294,13740.3836912823,11394.4574420285,11783.3079126008,15963.967160211,21053.8845733023,20650.3537235684,27211.3771496439,24460.169768117,16306.7922864698,110.880074198201,3527.99048907756,5735.32033936913,6184.47748796641,15593.7149585463,18834.4022668947,2535.28964641235,21717.770390883,13224.3224075771,5166.97726489678,24299.8433534899,25630.94633385,27974.9630083108,12785.0219214752,19215.0373879152,5019.93626821681,10693.089589417,19908.5863465216,45372.593912336,609.53116919434,20280.2437493339,699.468719075261,2659.47576967817,10954.7929120815,10256.5822443856,4971.89954145255,19950.2514721772,2196.20812372602,9415.26374506394,3735.58996929625,15885.4063881372,15585.1761789301,17676.9492695116,16627.2434028123,3528.50365065442,1377.82078213237,2561.68004414698,3851.37911055123,15804.9493069339,6629.56080645142,8319.40633191844,16473.8727617451,13484.2331855232,6870.70866576792,7737.21922351905,36435.8044915926,23528.2122971868,15485.50903059,12041.8510029448,8166.11030064574,9437.20264635724,5997.45359167602,28660.9829656499
108782.956122125,36015.6128724738,6959.74522118794,28742.2700958131,27334.2036126829,36891.604861503,15904.0676742853,8008.01813322067,36504.2238302039,64040.9728801769,25133.1269616191,19417.6916466664,40624.7180726714,25777.159463258,18181.062228246,9900.80799922487,16387.1392184396,39942.2688873728,1034.83381090959,1658.50407583441,4044.84549169288,7427.15556958754,6040.80039279448,11233.0074819984,13859.2453997256,11944.8806085627,12093.1673569981,16618.27539457,22340.9138936177,21496.6964887597,27322.986650012,24627.5334948531,15033.2298977023,290.965485160309,3817.42849571875,5867.94732690451,6360.80501063698,16742.9792701367,21823.7895815049,2368.18167436668,22567.2168148408,13279.8631868935,6556.20146778606,25526.848247158,26642.0849109134,29363.028364258,13169.4469159413,20516.7941203567,6068.52409785264,11287.875249397,24118.3842962317,45925.8342454685,2011.27220213242,21031.6911375616,1670.54563287506,3036.99128489112,11148.099240804,10163.917903414,5041.95176565426,19606.7878162441,2603.38714767859,10229.1727765155,3808.81971935544,16980.530470816,15780.4456153563,17795.0572306905,16585.2083243304,2180.47699011158,1595.01897821536,2653.23276170074,4110.26979011117,17615.6918830249,7583.80311387208,8121.355590415,17933.840630356,14599.3703076912,6837.79995088011,9711.98825153959,41591.0068905614,26276.7588650305,15924.0799250361,11934.2306833182,8883.5094611324,9417.07367434201,6015.25607729056,29077.821730802
103395.74246313,33986.8231517057,6433.20097196827,26512.9109235523,26393.773099368,35752.3161549665,14893.4918024891,7326.0629565087,34960.7540194201,61991.3570784246,24022.5862666788,17009.0882321076,35800.5981285153,24210.2209355429,17963.1470068019,9017.61896008397,16629.2089449763,37091.6499917094,967.487316141725,574.499258941144,3097.95739851176,7209.22740642611,5854.55014482673,10885.7868530454,13689.3719118144,10975.8801807848,11927.9998337947,16375.6304116764,21777.6364238309,20319.3584373727,26958.1114555702,24308.3626574831,13894.028454884,84.2838655803461,3066.51097519618,5691.17803296734,6118.75594378322,16158.6018457,19364.6504459449,2295.74426875589,20845.8727577802,12662.7529463529,4566.46760965799,24619.7030989326,23225.2556920726,27122.6702263457,12582.8118804982,19458.2824659157,4600.46508837266,10196.8644292303,16504.1481474604,42916.0776824746,550.555296600361,20111.3662534961,612.852617523106,2616.89626159398,10201.2738853529,9906.29197866475,4891.47215175498,19827.5446459211,2172.31235098667,9605.53624220069,3671.81762359283,16651.0269276639,15073.1524274339,17479.4466294789,16224.5889120776,1685.70031586878,1347.87595521386,2568.5680561772,3685.61881467379,17320.1620606717,6158.99412067716,7744.70273849359,15834.6536015406,13664.0714649272,6879.02697023117,7300.8853429381,31955.7438199511,23455.1694443066,14489.8024468786,12002.9714006465,7747.28253684829,7955.15244009259,5978.49809898979,26579.726296786
108145.237552526,36335.1889063781,6461.34030503719,27809.54867877,25329.9679050245,33606.9739111184,15199.2411044242,7119.65544799319,32518.2970148539,62023.30686638,22343.1032188481,18658.6268342622,36734.5232730303,23935.0883299737,17067.4822453099,10071.3003481236,16774.2558063807,38259.7123971557,1068.87934207846,1870.27792392754,3814.19663631644,7522.90733739469,5560.22216609958,11291.1282629843,13380.7210701286,11434.5630641253,12055.9198093517,15225.3490426741,22228.9257655554,18687.2892323574,27417.526477793,24153.2669939082,13924.202696443,274.818522256502,3347.05812802892,5680.46898917978,6120.45220806726,14423.4514952909,19666.4089386138,2200.35565238689,20027.0800961045,11809.7012141169,6973.22674410456,24303.8873499122,25386.7802770134,24646.190772707,12294.88312527,19077.7051236118,5675.48933658734,11536.9304397779,24437.0526684367,43553.0256869365,384.687012829012,21031.4251562029,2065.48686055114,2667.32723477273,11383.1273643098,10328.5572175625,5022.03869867667,20111.2777875178,2496.54243230756,10057.6002779352,3890.30930632838,17315.170174566,15616.5898453209,17963.3363553816,16675.0383403649,1642.50455495121,1645.28061557303,2623.51772195308,4130.51725415882,17547.5999035817,6956.6947307344,8277.06279554005,17985.3109827061,13504.2952637642,6886.06819793364,9226.1133190509,41559.6418864557,24252.2636200287,16192.5632372832,12204.3589178515,8820.57911015145,9467.89319361316,5997.13781091964,29219.1611761885
107671.405680682,35874.648506815,6950.84908642271,28920.8110896043,27227.4357624054,35987.1356673115,15516.2372913165,7862.72802080526,36376.6361512333,64458.8687188676,24127.7816498769,18673.1727088454,39722.7827700404,25642.4799575843,17758.2016974067,9950.14688520346,16895.1327359725,39955.096592504,1020.74119878665,1169.96127873108,3752.94215144222,6993.8242443911,5951.11527984686,11395.8151083621,13729.2737724064,11646.3814252904,12089.4618015725,16420.0873859115,21712.8873350388,20646.8563057558,27300.8724340757,23717.0240470061,16574.7791515303,167.415481247754,3659.67090458822,5783.85231039004,5947.1837374331,16142.9751710442,21404.6783704467,2357.95115004789,22930.3734338103,12541.6856385464,6714.39420411032,24609.198758446,26516.5680797221,28124.0169813315,13105.8159841141,19370.7453761823,5100.11055746319,11020.8218383733,24801.6771672322,45875.4823880037,1133.4929135142,20945.6358056517,1280.84621933096,2769.51495393258,11087.7431950685,9695.60836256976,5030.28366739522,19778.6079570723,2272.4345687768,9882.72525152458,3814.8884021163,16021.8640662141,15644.9808901601,17885.9625622091,15712.6055825934,4090.56053309719,1405.44527177278,2568.15403570717,3883.72929751043,16470.9014702496,7512.3074029009,8324.0692948636,17592.7457963041,13615.5787596827,6898.50673492594,7789.25709862299,41802.1206713659,24922.1928411443,15809.6893860757,12155.8267363602,8551.0406025141,9240.3353432737,6005.75393733778,28815.7356012498
108354.995603766,36021.7222982314,6903.46041932592,27105.4234784768,25175.2597811339,33498.2701448493,15216.5386221751,7413.28115724698,36736.3106620689,63952.9512352463,24470.6353623639,17911.4485007722,38655.8701301608,24883.5302067267,17384.8244241574,10035.5511995303,16840.5383410694,39624.941486016,1064.99419904774,995.09938157983,3748.45424808559,7432.37410027368,6005.19287289248,11208.5948623213,13116.546123808,10260.7443771465,12050.3238927824,14693.8196138056,21261.3878377212,19412.0582851568,26540.7523265433,22610.9861247645,14603.6551261491,229.411192831445,2729.3646614423,5814.93026884821,6135.85010757178,16527.6508383516,21659.3004483396,2998.27698263914,22217.9144920487,12997.7976748857,4676.95061688978,24193.863975135,25456.6106970734,27741.3550985757,12396.8359090076,19618.62053085,5723.78150679541,10946.3646218004,21011.6102172823,45485.7739587165,894.631555025066,20951.2154230415,1095.7678059338,2636.37581699051,10769.9919396343,10198.7748192511,4842.41678954623,19370.1630715354,2398.79898116147,9899.85602239829,3817.07091472546,16234.5614779281,15301.930973924,17181.4624357942,16087.1516966518,2354.64356308633,1064.18371352593,2630.85278340352,4064.70337613919,17413.3376539253,7520.09961872546,8265.19478321983,15362.5008321884,14236.0771263462,6893.34407467034,9040.60537516707,37987.4901098032,24720.6624016328,15308.6898626804,11845.5834069158,8579.93267933962,9439.04017333162,5990.02019000827,28854.2817872676
107988.595610882,35995.8405502904,7102.13222765084,29272.0916204425,28106.5798040405,37421.411994034,16037.4799063889,7966.85340010712,37840.1802104339,64131.6906634867,25436.0187183102,19022.0432699864,40515.1714964686,25977.2113959002,18322.8480332908,10166.293155661,16876.5557460927,40073.2468438112,1069.80159675237,2345.13055684953,4188.12245467689,7597.6524409632,6098.37784052186,11688.2845382555,13868.5882016462,12391.2445544379,12024.2173818465,17366.4218721197,22438.2876437118,22140.8775650924,27619.4357158425,24652.3310307525,18690.8027606801,370.953443705395,3699.84939369845,5881.94292887826,6436.8964169171,17886.9949628019,22322.7271189075,3375.81706689787,22565.4603356168,13741.5084034784,9012.86137854878,25667.6712549682,27154.1464396156,29460.5879300418,13268.5088159735,19881.2189479893,5930.0179670041,11616.2343201917,26107.8930217394,46761.8878951771,2426.20147895618,21098.3469210975,2425.5954170691,3126.03697927168,11454.7723916501,10352.2686600994,5058.58198661904,20027.012711209,2206.98165929783,10630.106645453,3643.25413455337,17545.2466054831,15533.8714705397,17913.0230217162,16672.8613239476,5814.72185830772,1671.39208832703,2597.05063478436,4073.38973992214,17929.4002767814,8574.88803200051,8332.02978678537,20342.2740992286,14761.2417691766,6804.7373189535,8818.25429574319,43700.1915110406,26792.1559151876,16161.356914475,12175.068111613,8461.66541577317,9427.48503224191,6019.33978159993,28978.1459753662
108952.820513527,36288.3383533393,6958.98356380907,29091.1514642707,26933.3033562382,36681.0834922348,15867.5254661648,8049.84882273387,36340.9599925282,63309.6802683666,24771.9063740026,19693.8464322492,39669.2091645151,25686.5293679454,18296.7418880053,10146.93139014,16959.1429490072,40171.7256297367,1034.18241113611,1176.25210189577,3765.96976934232,7508.8175390915,6057.37184095318,11445.3749919528,13426.6484383364,11582.3860678397,11474.5725895684,16168.3234309743,22108.4170419949,21142.3703387289,27019.6957482768,24473.9722720945,15303.5323780828,248.571705302224,3651.34597405071,5886.64953307949,6363.95984144655,16003.3060168295,19816.4467876133,2343.52114697698,21894.9873777953,13180.8570135196,5775.60756926323,25440.9408055582,25349.7339864268,28002.877919569,13145.508311874,20207.3031013175,5417.02414128807,11307.0104544014,23304.0712832096,45712.0227297572,743.573704858946,19093.3596661056,1376.85929508377,2572.03096852968,11150.4853794053,10281.1254206404,4902.72347061994,19586.6376272138,2520.95979068789,9122.48955309076,3901.53655902184,16628.6173986536,15755.7886557547,17397.6189850822,16503.6109250068,2467.5869598565,1471.04074283375,2614.03690634516,4039.956275223,16074.9868877427,6486.4919420021,8319.88291470276,16808.9709059916,13122.1323299663,6900.4459531497,8631.9507241674,40238.309453832,22628.2639216647,15749.7216717356,12131.9213425757,8649.73342730524,9461.8044317289,5999.66861025834,28892.2145019109
109174.565607537,36389.1890054792,7041.5925550473,29106.5522290594,27530.1251353584,37231.0379347946,16020.949824478,8095.99049993709,37370.5848187869,64355.1309692961,25208.685686898,19983.9085834812,40853.5942698251,25895.20533713,18365.4421524024,10171.5505540391,17021.0567285263,40223.3402942852,1069.30129484268,1908.10186024982,4121.15721459081,7594.14111432788,6089.9912181595,11721.7485623829,13966.893020615,12195.1113417807,12185.1340173715,16746.6781673264,22644.9759346754,21755.0670279255,27625.9911737232,24698.051545776,18428.3963130907,378.911873766629,3879.20691841457,5963.33150651457,6421.2067917536,17170.6142402521,22604.4122580101,3342.78706648969,22829.2421080894,13532.3209632345,8446.89871456214,26074.9400096581,26828.721587183,29552.1684404371,13264.3352661445,20753.8111201167,6272.92480329704,11772.2349433377,25854.4055539392,46830.7378036184,2137.34802355515,21188.5744157778,1991.91766469378,3106.64932246937,11421.2455762294,10340.0731556836,5191.87292209611,19933.7588825258,2628.17521306616,10418.8469575934,3902.221801356,17268.4763369072,15806.5153700897,17951.5798693108,16687.750915952,5563.15651839168,1679.20135827264,2662.40513315052,4154.71279292269,17925.3888177522,8563.900976328,8375.63330413424,19917.7056778232,14902.4542584434,6905.01261470246,10066.4809079767,43777.3735067146,26590.9841993212,16172.856381765,12128.8757532134,8818.83565161837,9474.90652604331,5999.55966054578,29102.7359576765
108046.89885887,35981.3983235303,6857.95728806324,28892.4628894117,27734.1332311868,37097.6480015679,15678.8003988688,7923.70032957466,37424.9070841748,64052.742887505,24272.239992784,19212.5183539063,39554.6632479671,25449.6651634402,16984.3170519575,9992.32330683889,16898.9639063373,39689.6615358193,994.926825156494,767.325829167029,3749.33458340825,7141.55958744138,6014.36152975068,11421.7179063731,13761.7828193614,11737.860267829,12158.7492870238,16833.111359803,22676.9272000066,21871.0816485379,27569.7201302871,24530.3101456717,15576.2918021824,176.217737655912,3548.92659893169,5823.28730896721,6344.37702987241,17127.5494475185,22416.2172297914,2923.15947795371,21995.3812523932,13168.6440052898,5286.24939004736,25606.3064205363,26505.9677426156,28546.2272577604,12968.4137324411,18700.4704119362,5543.07377102353,11373.6691537378,22454.5391632689,45601.3157215593,1545.61865876815,20872.9359278344,860.619682150616,2720.24800674909,11217.9647952308,9886.84947115834,4799.12373470256,19833.6353153346,2518.32649475848,10038.6351564632,3865.40497396989,17276.6296727831,15796.533135449,17912.6103121561,16535.976582725,2877.11273900796,1443.44631709534,2599.31970279204,4001.05566398415,17663.1949858927,8093.77193238461,8328.4716325968,16593.0561829564,14577.9427546984,6900.98490521603,8595.65481218336,39444.081592029,25537.5672697582,16060.6692451384,11979.315783105,8842.36248699273,9361.78151956771,6013.01851835796,29222.2200112784
109363.282432194,36178.8444893043,7013.02155231137,29336.3875649637,28032.2677134424,37424.5247359867,15964.5498795885,8130.24403000355,37704.9923864193,64516.7980842553,25425.9592685481,20065.0446648804,40903.5391542669,25959.4709240715,18319.1426771926,10059.6707872433,17050.0918655389,40184.5816574456,1079.82180208061,1379.95728412476,3957.7271440326,7307.94199653971,6096.84737009509,11558.3107472569,13957.7442568899,12304.5914019548,12266.2728406066,17324.1083963832,22791.41475299,22087.3401237233,27685.3414814076,24690.0420420342,18587.3563499695,358.0311313938,3821.24279407982,5980.35507708241,6490.75902433402,17639.8245618322,22590.7650924483,3208.26359088434,23018.5818210883,13678.3766155696,8929.44188401978,26134.1277241564,26976.5082352525,29453.1394835619,13319.5232007406,20719.0268420916,6130.02915030741,11699.3454781733,24520.4632848244,46881.1187384827,2084.72706046738,21211.6192213614,1514.58824598628,2969.33090589312,11446.6238269537,10058.6674235589,5231.52194810449,19965.5997896862,2615.78313311958,10532.4366181378,3923.6003273747,17645.8749094133,15801.973261869,17952.0361176985,16665.6534821494,5686.77334700187,1661.90065115428,2672.5811553963,4168.54145650018,18130.8952445284,8371.84315384587,8372.37879596255,20320.0002175845,14949.1372671243,6907.61687211192,9920.08619093348,42384.5770557942,26560.9721531625,16304.2509100906,12375.4720194652,8903.22570601146,9406.55769664189,6020.91517920734,29329.2301070464
101976.476340558,33524.3179750931,6259.32201657726,27108.7446989606,25709.0686193479,35858.5886075544,15592.4673161688,7229.1207905126,32639.9217063836,62634.8955952774,23572.2324181978,16423.3271702293,36563.7630499464,24519.6257917126,17982.1840502221,9266.79876724933,16503.6144679456,37268.5093133212,990.74054237823,810.25244511177,3555.75852159676,6821.08366350574,5766.90987368776,10916.805966825,13063.0744387487,11405.5442496813,11411.7168400612,15696.7804106015,21112.2421235116,20468.3210666653,26536.6437610139,24249.6806199178,16073.7696750045,157.888531188962,2873.37146512148,5741.55147959372,6030.65885047719,14965.3982492954,18921.4660379743,2320.04167660044,20349.5375444243,12859.3955320466,5533.89089239838,24213.4826231251,24919.3295039462,25693.5963725508,12413.966852645,19494.2982976409,4755.38981468216,10004.6230859216,19552.584591186,44402.4005650043,109.680293188861,18549.4888721495,910.273405261475,2289.2475684997,10546.1976902213,9513.27604651723,4473.99146551666,17549.5232329322,2069.42191600072,9120.72593701962,3572.59357379042,16066.4369432946,15101.3279079224,17104.0691359675,16255.978531328,3169.9737024338,1027.38912085017,2547.35097961393,3954.21148324038,16591.4322685488,6757.38625281191,8268.24165856268,16663.9367804568,12779.2870922417,6860.7988108416,7237.76879727288,36177.0763639524,21025.398845698,15102.2412509747,10375.7912873736,7942.08216682489,8917.57583935436,5864.78507009187,28517.1378460358
103309.191111951,34422.178395845,6088.45020788873,27122.8623805662,26909.2527076439,36367.0718064657,15460.3861633175,7407.00512890699,36886.6111373317,63515.4279427274,24265.2465034784,17338.1736731889,38470.1568282396,25394.8311150642,17812.1905358575,9866.09898484661,16547.7299051185,38434.7784116735,1016.13198903692,929.657160042422,3781.46241483357,7149.66507173902,5971.77956241101,10960.2487837589,13768.6526230541,11428.574527999,11967.2101840977,16385.1155660277,21640.8633798148,21360.8356289571,27219.8849613418,24524.1182815212,15569.8060239804,258.898815869258,3705.89336380354,5830.87895898008,6242.88609395467,16877.8766659996,21389.0947407483,2192.94224470234,22161.1844800193,12656.1378934142,4896.87244171277,25205.2145957558,25145.5489469206,27854.5583242128,12895.3347776656,19937.4248801825,5219.72486107634,10964.9579332713,18206.3694909558,44375.7770432578,315.72770805271,20871.5693788606,1042.8111856856,2620.61223382946,11002.2056853503,9879.57084780592,5029.61660325804,19642.2203820044,2203.41589151433,9892.2995717025,3656.17352760538,16761.7753868448,15334.5058402935,17823.3066187883,16533.6542293279,3033.90025898408,1570.26217950412,2598.0661599837,4014.96098236198,16894.8785186378,7281.86876240752,8277.1680014963,16301.6403866237,13299.1848016667,6882.83399294407,8316.52096999267,34714.7973466896,23695.8697329916,15675.9669258562,12150.84186159,8065.47971971235,9340.49604429014,5979.946259127,28693.5261106099
108711.80338725,36187.7625926714,7048.10554196686,29311.6334644621,28072.9762336314,37501.735766904,15889.1282662073,8099.30366955012,37851.3160376623,64539.8447029814,25493.929579549,19798.0322575328,40763.110257512,25994.4730635541,18354.1325486507,10175.3330804241,16897.0967078798,40218.3696278693,1072.05384067725,2347.51504152268,4215.96347746369,7599.28704621404,6101.58106205531,11724.4138532834,13984.1058361889,12507.7019064167,12139.4225600729,17373.4252898798,22618.8057795335,22192.666608992,27682.5613274053,24739.2769407113,18690.7044320087,364.75864731052,3690.25775416696,5971.52106094888,6447.07845380879,17976.3836398215,22689.8414362499,3383.82402517111,23044.2087937859,13749.204787004,9272.83419564005,26050.9476671355,27246.5167882508,29603.0233816301,13333.0456996565,20245.1931791328,6072.65411057603,11954.1886032745,27097.184429753,46878.2087833686,2452.93665173688,21212.7459517773,2399.13861379778,3234.84415441542,11477.6763302919,10356.9126249406,5239.78923008532,20137.7553051689,2361.39701639686,10743.1472105143,3775.23555925681,17713.2102546877,15630.4749609963,17975.3438619021,16685.4793487666,5817.23143706121,1666.36539606852,2618.74064229221,4147.71261507855,18357.9903561968,8608.35945459333,8361.1918028167,20666.3901847213,15036.8172196598,6902.53420085984,9386.09510763164,45220.9490623847,26919.2335871233,16305.9416300798,12392.3909927558,8623.61914328142,9446.98413649027,6021.04162377876,29312.205744348
109207.920350759,36355.0861871247,7100.27675637417,29309.4396409458,27948.9894127734,37395.3710979144,16037.0858351331,8093.28697082833,37801.865835519,64548.2445443143,25308.5030081575,19977.0094849814,41165.9798372295,25979.7816855977,18346.5950286083,10172.1067611417,17034.7000060019,40216.3778096057,1077.18589376332,2250.40225567087,4100.16271077294,7574.68817912839,6090.20650615758,11614.3656177041,13945.6329536331,12052.7006711631,12266.3541711968,17066.3157348652,22586.9006039612,21953.1741366928,27640.6721441705,24707.9632407509,18675.4692393772,386.878642353811,3890.140710179,5942.25682463515,6474.22484488466,17432.3417668503,22516.8953555029,3279.61217122234,23052.3031516176,13703.9869204901,9389.8991325089,25824.0222902705,27021.0434213355,29493.7590699663,13313.4505536607,20752.3736660762,6226.53302074696,11925.316577713,26728.3782872234,46558.1912581874,1482.89774940425,21105.4796484048,2346.63931885158,3010.37089959796,11431.2658257927,10329.0464985233,5120.67388781952,20049.5929816997,2607.71117798914,10295.6050286025,3915.35063908488,17207.6150727791,15801.7014179413,17916.5053913229,16663.1735467565,5806.15126110124,1684.82211638329,2664.78753925948,4164.67909428088,17681.913461874,8490.69280024117,8374.49907215894,20687.2833700426,14598.587310841,6905.8835260818,10026.5415574215,44795.4819640163,25569.9875196122,16230.8055799971,12299.926434095,8819.00339354476,9459.91310324799,6007.98683119747,29203.3892867724
109339.4303645,36403.8711532801,7077.66025310196,29337.4496022211,27745.8483739793,37465.9605801399,16015.2024451625,8117.90813163959,37692.2071744092,64329.0798407961,25261.5482770135,20092.0963799638,41211.0972841289,26001.1819390687,18381.1133467676,10177.0116558076,17048.7903004133,40230.8343936564,1082.04448711127,2342.07282734825,4112.85418118502,7600.03964566981,6100.97016492719,11730.8332043124,13973.5314848316,12336.7245686874,12267.3903671101,17140.5675502236,22791.0104722274,22057.9968885155,27687.8534753057,24734.5834035189,18688.5716327251,363.98767714639,3893.65315600752,5973.52668636397,6486.86869732279,17683.2754667157,22617.0909032766,3384.01195713715,22833.3845448797,13513.8910671744,9400.17128962476,26079.1140827673,27238.6642456716,29658.3743884211,13325.1159845325,20758.636995409,6279.41682438675,11981.5909867883,27155.0447783353,46882.555349852,2270.24632518776,21213.5489981929,2459.13987352123,3036.6595213908,11479.8392422298,10358.4333108181,5239.50819138368,20147.4433092293,2628.61657145363,10570.436357068,3924.73865770973,17710.9057472267,15807.268419805,17977.5109631899,16691.4242023518,5815.90520863235,1688.10651336162,2672.94111906411,4173.9831860225,18141.7786849224,8608.88013726909,8378.57784382277,20793.4527012075,14990.4891960832,6907.95844358264,10111.4210822016,45304.5147360116,26747.566397732,16309.5381515938,12394.8247907121,8914.02576119307,9478.41079897573,6021.43070176092,29336.5612659324
108436.002400837,36242.7413359228,6736.01820072439,28360.9700562131,27764.2328073848,36889.2325733486,15573.6952503886,7972.69236996165,36946.5408771494,63562.2450757597,24862.9982373547,18864.7552856765,40407.0514835962,25809.9420531651,17864.1923092563,9818.22193220598,16955.9013875072,39844.9378854312,1033.58798146056,1027.64803887624,3729.00841026884,7451.6868973283,5911.71922400153,11156.60118715,13533.1334039086,12009.0895264305,12136.2873882557,17186.6109480616,22580.0495569904,21431.6912664138,26654.698574776,24002.9743149475,18035.4731936154,285.438312624728,3674.17854093431,5930.25950756011,6340.06657426903,16924.0260649514,22198.9627380153,2682.9166562645,22065.7357484546,13469.0232791963,7503.19319954565,25021.9518898153,26047.4649459501,29186.5068848297,13228.2896099592,20224.88497059,5544.12452558211,10910.8415769543,22278.5132463512,45548.4298379226,1141.61735222166,20667.7004627064,1113.59438733128,2661.30793750295,10897.1426224562,10193.4706215205,5001.97734848497,19737.565542032,2545.67807885027,10303.2149951912,3904.81222433416,17355.6717215941,15699.0362696877,17224.9464669386,15826.1582897767,5388.94704611296,1577.11559389377,2664.50729018095,4119.52373315986,17650.379209839,7870.22224737869,8366.75431777257,18768.748176254,14459.5224706279,6895.33805074589,9282.27652076707,39230.3866896615,24632.6583213591,15661.9560438145,12215.0451600388,8752.381214183,9438.13675939199,6011.28665553774,29228.6534679375
109130.584402422,36376.3566968422,7001.79058910639,29158.3790564826,28095.8749022968,37367.2115731728,15848.3799556402,7641.56645192302,37135.0173416971,63718.8747674078,24980.3229428562,18269.9369709303,39811.031763589,25740.4573765444,18050.8239907722,10170.7482261179,17034.8159924296,39637.4514609707,1072.2833914347,1652.49674904835,4146.50715473077,7592.75642976072,6095.19310822431,11717.4390733903,13951.3682137444,12163.4184825788,12258.0902573309,17191.3980075927,22713.3377373042,22161.2621877429,27159.9942210874,24593.5929265751,17797.6466425303,293.900859189615,3410.175301267,5789.40139240154,5983.20094153446,17623.4470882413,21869.2661442605,2536.49219582045,21825.350923203,13679.6286916743,8881.88227487635,24753.1256661667,25575.1802400909,29106.3608423007,13126.6254111442,19771.6301815887,5148.52877176445,11178.3535548802,23788.1695716953,46232.5765454238,2156.22813611294,21146.7392588453,1723.97112535621,3108.82926058493,10126.3482422632,10327.6552867208,5111.30109822645,20063.7237270521,2610.36024072138,10451.3850403335,3894.84115719732,17467.8042897773,15804.1073449343,17436.724253202,16688.5012071801,4906.12349705782,1583.45882317207,2567.89693289509,3961.08077026573,17781.6216697834,7693.71270121443,8358.76276292047,20120.2771085353,14776.6067053076,6904.75114880863,7953.79924896237,41394.0581533713,26560.3891531936,14869.913356555,12157.8240195528,8792.65022415243,9475.95124506159,5987.30570939735,29099.2878983514
103564.101819417,35059.0567667973,6492.97817295584,27344.6850542628,26269.7948556268,36298.0225613383,15037.6149581684,7559.59682265274,34540.7270780306,61106.0132350915,24406.419304906,16675.9944761566,37540.2084609207,24878.8896745278,17874.6066913233,9635.70058285395,16682.2358722736,38961.749204124,983.245032875221,557.484895516446,3611.96142209779,6918.5657003218,5880.84382590533,10726.9729631129,13196.3374824615,11380.8005889813,11776.104284768,15895.7806725023,21058.3393297388,20714.6631127204,27148.7689862448,24288.225671552,13344.4147556343,75.9264685464357,3313.93218907782,5670.03660686654,6057.85279631959,16316.374514585,18230.625492855,2333.57130869074,20033.0723558432,13263.3290197706,4367.8986499726,24154.0485081982,24384.1915120931,27256.3741255035,12510.5896286652,19385.6167670771,4666.54465682341,10216.3231276888,16607.101321395,43768.4461150027,190.064535486578,20709.5576835429,551.960753353309,2548.21184709234,10879.3799923579,9620.24964333713,4811.8046636209,18924.0114046336,2111.98129406445,9406.17113868219,3709.99568557654,15824.3910684984,15147.6971652672,17553.7528933223,16334.276250148,1138.98751630536,1360.57950542497,2538.7207949262,3661.27148466671,16297.4600511413,6370.18899653263,8170.93595338764,15244.7347985001,13161.4474720224,6877.03937437348,7127.79594064,32073.0101510769,23296.7535629513,15189.1823933916,11814.3126520287,7958.80942338806,8851.16995037637,5992.37763812094,28287.1640318968
109367.619700397,36403.6295907478,7104.72320773639,29341.2373122787,28111.899127245,37512.0476669664,16040.8400730271,8133.76728816808,37857.4263450839,64548.8580331653,25498.3665937376,20191.036132848,41229.3402479049,26014.3504764768,18381.7411268475,10178.4980561567,17057.9155673378,40231.8822385432,1066.63866402116,2217.47296920791,4052.34426696983,7603.40091463347,6100.60604927852,11732.7962779062,13980.5495780916,12319.0460333095,12284.2042987653,17317.3141216582,22736.0668083397,22202.7900208374,27692.1449093404,24726.7960653068,18691.1163258374,309.942003266944,3893.36766761739,5981.02374604449,6499.14581578504,17758.0201037005,22638.4509884762,3384.05737084546,23053.2126105731,13750.9038427576,9397.40401395794,26146.0870903047,27223.2908325838,29362.1683725064,13334.3916313923,20722.0790170323,6262.95070391172,11972.9197669029,27163.300409797,46892.3589546485,2153.48454634697,21192.1659071296,2330.42422457418,2965.54601142101,11478.7577435925,10357.3583395818,5239.80158863822,20148.4551462351,2603.71580886864,10590.0185717341,3924.86563450895,17587.5650101651,15809.8777421368,17977.1685694954,16677.781129702,5819.28161250055,1611.09329618717,2673.62013417273,4172.48221151927,18081.4532715629,8610.77081088413,8377.84133004607,20791.3276614904,14622.3387242189,6907.87701211369,10055.7109278982,45302.5019955933,26609.3045883811,16309.1653482093,12394.8456056301,8920.75636315387,9477.56833901396,6021.39293668687,29335.8449523654
109127.048594709,36379.2626919541,7039.13698668778,29291.6176834004,27602.8549959287,37477.1121370639,16009.8691421601,8082.96548279322,37304.8513638848,64385.8641856415,25260.1868703444,19907.8742642353,40103.7259812839,25728.3763362034,18358.9306727207,10169.7003224363,16999.9279035993,39716.3431327599,1075.15861559031,2160.26704149158,3883.50520033459,7541.48764893669,6095.62138897783,11680.3108433163,13959.3712095279,11999.3154478715,12055.646472359,16878.8809713444,22689.6767274481,22156.406479123,27681.4022399313,24730.8904030231,18437.5284576281,383.423931832833,3866.71559410071,5978.98926458147,6406.43219493504,17071.5651109382,22535.6498474274,3349.23179346719,22888.7365472153,13617.2292506957,8476.37566276199,26007.7734473358,26141.3768307986,28410.0124750604,13164.2976927361,20662.3194820994,5971.80981222142,11797.4178072903,24858.911404244,46090.795415978,1120.4212678266,20573.6374990533,2339.89246133325,2766.32887680293,11382.5421449702,10308.8389826576,5229.73024703687,20096.4015985249,2598.19079101295,10041.8410707032,3920.12776017707,17452.4691390826,15800.1166361244,17956.0498583973,16615.9235052277,5569.55139481439,1684.95572005067,2672.35609415686,4164.35954173899,17805.0259176485,8575.33335399255,8369.97002238664,19876.0636564507,13897.7016714202,6903.56217505841,9704.99447368246,42749.4691651333,24796.3155924557,16197.699876584,12377.5289821213,8879.03558691166,9229.02335638227,6020.20679649059,29235.6056162082
109281.21303698,36372.6390580688,7096.97353644762,29149.713016334,27977.5504654534,37124.9189888551,16035.0290425461,8132.79404043443,37828.8248327943,64548.5078729433,25354.7232167167,20143.8544061196,41080.0709057953,25989.0882601212,18356.2429099374,10106.6840207194,17053.1386888579,40224.143290198,1057.04310516478,2094.16465446888,4196.09271410584,7592.01835608506,6089.20112188283,11652.2731771651,13970.0363341416,11988.0641146041,12273.5237242131,17059.3257099129,22683.1592371967,22120.6486028156,27621.1326892693,24423.7288945863,18685.4845527232,364.779129188391,3886.2622546507,5975.196373033,6486.45087929065,17636.6077540766,22555.4746926425,3381.41891853465,23052.6445005265,13677.28958036,9340.0876358879,26116.3414801226,27199.3170738015,29385.0029577372,13317.2061381545,20749.47713428,6235.19565282098,11858.393531628,26661.6509964709,46828.5625116779,2240.68952346165,21138.8419222019,2145.77217126806,3110.79132244061,11188.1849061674,10349.3564543796,5114.18888271254,19924.0859940744,2626.10082747578,10351.0520864296,3903.94525854621,17419.3313642495,15797.9100186784,17913.5102080919,16685.0034753076,5818.14906386298,1659.30291840411,2666.13388258312,4161.307138293,17904.6604210577,8605.72089581727,8375.35065741744,20729.7435366458,14782.0131457063,6903.98329653882,10045.5240081281,44716.1731826607,26595.2257297569,15961.4413716829,12082.310497043,8896.95969502436,9475.36361878109,6017.98503658606,29267.2104780748
109232.256032283,36109.5992397682,7084.40072317049,29297.1135425633,28099.9941571504,37509.0553333457,16038.7048965361,8129.70015454025,37821.5638470873,64504.9601970538,25457.628279109,19971.1307306496,40875.0114772525,25990.4274489111,18291.3476132983,10048.8606792438,17018.8410668187,40125.7905913033,1078.89907960431,2081.71925143118,4142.62935389915,7142.63306499814,6074.16614736291,11444.6942084049,13817.2633437761,12029.0864803185,12259.4243791342,17283.192437835,22730.3520021331,22153.083355058,27392.0532250847,24396.6842623153,18688.9165665739,383.35668704944,3813.73178338062,5971.53440207767,6488.40624888713,17761.2399078605,22633.2557055287,3383.85075220221,23036.8385221589,13735.9290415978,9269.45398066856,26036.7732813332,26826.5190675175,29473.4957896876,13316.3089661705,20744.8299836101,6206.63055171655,11683.3345926479,26862.6481173796,46555.0101949079,2242.52502297974,21176.1116707951,2119.01594831579,3143.19410672761,11211.2873018384,9853.97001052665,5183.1710001647,19699.7022198068,2624.56739612971,10268.7568085258,3912.49306337751,17510.642480935,15806.595392937,17760.5161165132,16209.7766295625,5814.68093385175,1608.81859835907,2662.99532192014,4153.30222344102,18097.7886655987,8601.09574569773,8366.31957767194,20576.6297333798,14895.0270002993,6906.6798332613,9913.43997989327,44707.4764076974,26497.7978519275,15975.7688917344,12312.8368629474,8836.0690366276,9417.66131873464,6011.48178770556,29139.6057687793
109312.471720244,36394.9976260889,7105.35128165968,29336.896393734,28110.815214783,37511.4789865161,16040.9048774656,8133.67297927022,37857.3310052082,64548.8487931937,25444.0648542535,20191.2246261445,41205.2702490743,26010.9162060837,18376.1769919528,10178.2023151005,17056.0668631189,40231.2663467289,1081.0859781889,2367.11816952541,4178.43580134516,7604.72257107758,6101.50867775548,11730.1193603738,13983.4553588503,12078.0401211334,12280.7010223725,17299.351181889,22612.2430672613,22202.106112848,27690.5968515421,24738.149488634,18691.0400898055,386.228926877549,3891.5636380444,5964.03643191827,6494.489664361,17574.6366955468,22156.0115112511,3384.04608415347,23053.1858660307,13739.7348358791,9400.70157929894,26153.6024246874,27270.0722324466,29466.7008558159,13333.5514860875,20682.6999328412,6289.52992285811,11933.7706648558,27165.2492359488,46876.8425173266,2431.4090348933,21158.8097372726,2459.09412853961,3126.53753773845,11472.4062755482,10358.2713845658,5239.89987750282,20147.8671354975,2632.14612181229,10322.5990697043,3923.93196668528,17446.8556882488,15809.2303046426,17975.4649159736,16689.4562520189,5819.30802331353,1687.37370698067,2670.89220731589,4151.67065174261,17415.7172264681,8610.70231312304,8378.47455054545,20794.6846203975,14793.1598739388,6907.20984883106,10043.0183558074,45256.467037864,26839.9857195596,16298.3051763003,12394.7605884258,8919.98750066146,9477.28282352677,6021.36561735929,29322.8897634428
109360.368554498,36402.9631126155,7057.58404222969,29174.8416827838,28075.405638814,37344.3222175553,16024.5540681374,7970.56443991035,37312.4642701112,64130.9003797844,25088.0574646671,19705.4911694113,40583.1998709198,25769.1310189771,18295.3887046315,10176.0986541539,16923.0052120953,39812.294384724,1077.31183793611,1855.09698762535,4004.76959612698,7590.90087476815,6097.84460469754,11687.8290550984,13865.7905427284,12160.3254754366,12276.143559037,17274.4554736607,22528.4161413279,22085.2298291577,27680.7969917073,24663.681110127,18610.9298231407,384.156183887448,3759.44990103028,5949.61157853517,6189.05040055828,17323.6028814127,21826.41542665,3365.88127553189,22263.7990571623,13718.236665453,9154.53288164508,25382.7816770755,26562.3775000544,29088.5458045845,13148.6019149548,20653.8739720884,6176.10576040414,11743.0628014607,24208.2882876013,46200.6035829885,2211.97300371938,21030.4488030474,1996.70982984995,2926.21369266848,11474.7937404151,10343.7207274655,5173.50006758352,20078.1931236226,2606.42731480557,10451.9434437891,3923.06085199671,17361.7197686529,15794.5719241789,17967.0954774744,16688.2136658641,5743.38563329191,1669.66149437352,2671.60249268031,4169.84407707455,17169.6085244992,8520.08559298498,8377.42407042743,20074.2989755687,14576.9103776036,6907.17694993562,9999.61698280845,41986.7911839243,26496.3674350715,16275.4625989388,12296.5556924808,8872.66923528054,9477.36891683703,6019.2860672496,29279.5284991581
109059.496465924,36344.9156031185,6968.25223573257,28991.9014093548,27325.3451412912,37082.8719090638,15855.7392056496,7850.32725018486,36071.3519040456,63452.422620249,25028.1591833015,19583.8671514944,39176.1259483602,25145.2532245171,17183.2540170855,10154.901115855,16936.0555026007,39887.9676116594,992.957709359631,863.128286399179,4068.08830379198,7520.6624749784,6058.75444813608,11469.9533233653,13714.8844736776,11757.6284257112,12216.1423203256,16706.8408303328,22697.1014749545,21788.1856233715,27597.9894419536,24450.7439624399,13461.1278043321,189.984695820962,3434.46483314271,5897.95561080883,6366.70642520077,17122.768416581,19900.1058703792,2264.89316988481,21840.7305111153,13002.4385657263,4906.08384492088,25039.4862895544,25594.7174796755,27997.8490327989,12752.4191888501,19345.4163389087,5807.97452221951,10785.3210660908,21950.3082529134,44854.3268753146,1127.74332787088,21059.2377755505,848.751214468194,3069.50294305078,11353.4870212097,10255.0583611595,4960.34399710438,19896.0583300983,2609.44909158943,10081.5817171169,3914.02052497763,17551.5558294092,15806.3589787129,17828.886638996,16638.8202329755,593.323104231537,1439.13943578094,2648.09451942874,3942.62168476529,17670.6850282474,6423.29799486534,7756.14948696682,15622.813770791,13936.2962003463,6901.50541506393,9238.46919778095,37813.5029084045,24689.1928148669,15814.8433014536,12135.6709076228,8765.13010811451,9434.60145570623,6007.28092671746,28264.9646744012
109274.375232096,36344.8808827754,7049.06544268876,29320.9035058161,28021.9059122168,37306.3025230872,16035.8714193994,8133.30847108981,37170.6017694762,64154.2059620861,25454.6957492721,20169.4236020764,41171.2540653814,25970.1975360322,18375.2949251258,10139.6709352565,17045.2231145494,40223.322590983,1081.74858502951,2375.43240222125,4072.72117242974,7427.42534287163,6056.53689026879,11709.8509206636,13944.0213170989,12339.9670603854,12278.2733065163,17313.3781621514,22784.8106466802,21962.3758272147,27633.080076966,24494.7974897795,18677.1066723523,385.855547587445,3880.18869317637,5976.12491402926,6498.93422953627,17128.322602337,22656.6909797238,3358.92165585537,22658.2774467045,13698.6482223898,9148.87444714899,26152.8573027613,27289.8208698509,29589.9780148884,13332.3161070547,20595.5528808351,6290.79667990816,11958.1142513156,27159.0925362961,46884.8373879595,2369.91287326851,21211.8580981717,2458.61436535401,3114.47736659285,11394.1868333278,10153.8631823404,5235.23499761452,20097.514438587,2623.98819200823,10584.9030745068,3924.4289532351,17670.3810660888,15808.9968181658,17975.2141419142,16387.3886563396,5807.96673310664,1688.10727073549,2659.04122739937,4169.26031207253,18152.2425905698,8582.55635575176,8377.48484879197,20533.8652394069,15013.6876684563,6906.39058916515,9962.50117102091,45283.186545603,26845.5900582726,16309.2292542559,12390.3027887997,8918.89582828007,9465.50551882153,6021.2280685216,29334.5894563366
105767.136324803,35478.8700068383,6707.18484240436,27997.082583609,26715.4561711608,36602.5316826538,15766.4488419848,7046.88386597081,34289.8803609104,62677.8650095225,23719.051918936,16524.2663953725,38231.7268235702,25281.3106666204,17929.8254410059,10104.1402591885,16794.9862191593,39174.7793103399,1012.81380416632,673.212345259503,3721.98820846557,7370.37133673085,6031.67983064218,11376.2794245448,13650.3431176101,11374.9197195821,11997.8460094145,16014.9085863148,21778.6317985691,20936.8559528395,27366.0499551761,24198.5798833488,13851.6993965383,147.793054645721,2413.83165237523,5710.02329242469,6091.39853171985,15807.0822382602,18142.9965477193,2304.53486017767,20079.8318004025,13044.0373697056,5070.79665744495,24320.3328179189,24301.1566351655,27526.9080442027,12942.2699027804,19469.4443365137,5063.66287284088,10231.8419053114,17803.8638756309,44042.0018422696,233.320838083913,20495.059271391,817.287015110016,2559.55193279897,10793.4405456684,10107.8813296023,4903.40420034204,19653.2954196815,2242.53722683845,9552.52135582664,3730.31932305337,16380.4391151584,15533.1249216816,17777.2016522563,16293.7313249274,905.718584070385,1152.91570198358,2558.49878909542,3904.75203628021,16147.9979112675,6421.98364094916,8094.96003352887,16210.7796622243,12979.7275260034,6891.23006553847,7517.834928814,33180.8131593424,23209.2660215807,15349.2785241946,12000.1313517702,8141.53913315773,9427.77045757149,5990.82325584352,28648.2131867919
108345.678967795,35880.1741160446,6969.38215603356,28530.4048234749,27556.6673410516,36308.1333628069,15709.0894150469,7974.6677813523,35424.0607440771,63593.1177728655,24663.1349694137,18942.4136806868,38827.8143771198,25319.7223158046,17676.5927072836,10063.9013603365,16827.7587855537,39525.8627701226,1031.1614510013,1279.95444465325,3861.85618869615,7365.59886934373,6056.69292924569,11387.1018825251,13614.4380726599,11529.4362128947,12155.8114813215,16720.7791813454,22338.5419692979,21206.1385442209,27535.2794558492,23702.124549759,16271.7993295288,167.69550757021,3562.05559228541,5808.26438689793,5951.10450284515,16596.8498806599,20217.6390752837,2364.02094709517,22138.6547275925,13064.447795371,6528.88514204027,25446.2603643285,24957.4873813931,28112.36890894,13043.0868976605,19669.6358616843,5364.5609569032,11132.7808415173,23125.9224183573,45340.5425367905,773.428372304937,21077.0303851098,1299.72324883421,2774.63818063517,11275.0602977743,10122.3232791906,5054.10380484154,19735.4537381276,2567.89385316441,9944.82771508093,3880.84822510172,16691.1569629029,15656.5838301992,17791.4118865727,16238.6724544086,3497.41801468502,1417.36994499752,2594.74564255123,3998.61354800146,17013.2652073587,6977.81273649808,8332.32845946525,17756.8098025517,14025.7735051194,6900.25352597202,8477.35982186709,40083.5910555061,24823.9529055738,15941.5772818104,12177.9431918185,8662.87310438209,9153.16272615164,6012.69609423922,28995.2841154329
109304.165333549,36389.7513510268,7105.61972566508,29338.7959948583,28110.945801869,37511.0289552514,16038.3445208076,8133.53693422547,37849.2585466094,64548.1894542277,25496.33723997,20156.4383557198,41202.1965982225,26010.2674535936,18373.377674737,10177.8036277458,17053.1309916966,40231.2510477114,1081.69878210034,2388.8808689469,4235.00505040516,7605.19568475784,6102.1560624335,11696.1220560189,13980.5082026222,12278.7214474335,12282.4558713189,17384.1193350761,22748.4312770348,22202.611994057,27669.3702709596,24734.990473337,18627.7231116877,384.194766392873,3881.00122340384,5962.96483716893,6487.77425132936,17812.1573886441,22579.6883584314,3009.87311702617,23051.5709463438,13750.6257985413,9395.00624289748,26141.1012319239,27285.215525887,29635.8535256927,13333.7867739326,20592.424268354,6254.26937554718,11923.6534133703,27161.8803259943,46884.3313853843,2404.67838859314,21128.1911745518,2456.67226846685,3197.65453701257,11401.4146435544,10345.5417098072,5099.33158307511,20136.6530365539,2638.50953052519,10519.4116352789,3911.31378332264,17680.4192196813,15809.4684395497,17955.0391324065,16691.3093648767,5749.51706069976,1683.65108271135,2660.05484447954,4146.03006214171,18094.1052842709,8227.06563177769,8377.19758215756,20773.4655909783,14969.1690673787,6906.52065426728,9912.78865299956,45236.8281816244,26791.9423802922,16222.6073079848,12266.2457868198,8919.04905495205,9477.9948118194,6017.2387732045,29312.4710905608
109227.861077785,36352.0903522185,6918.88771455176,29229.860172038,27794.5383778643,37163.8108255058,15618.9608794911,8108.33791592649,37759.1424643183,64540.468914914,25429.3251033579,20011.1640028494,41057.7406181488,25988.4798693317,18367.511207353,10143.9818814142,16995.4089154296,40223.4628786207,1044.05336139043,1657.57799346163,4177.19821356866,7585.61669496761,5927.93703977868,11641.439757057,13974.8440419496,12318.7947563007,12111.0284305041,17255.828133757,22666.5134322904,21652.3593011871,27649.978302747,24725.5236230163,17620.5751685063,337.832350994286,3888.54569385503,5949.0621074946,6476.85964092374,17723.1180228917,22672.9082369924,3375.62735926849,23039.9646851835,13684.9689585647,7145.25686088675,26016.5865653596,27261.015549507,29578.1499124487,13311.3876770805,20691.8985373549,6172.11257504298,11632.7149860729,24771.4260234198,46754.7991913361,2326.70968528875,21212.2793623914,1695.92074863776,3146.111668139,11420.5059746683,10352.609300037,5239.2054129201,20139.3649197982,2590.75461217575,10540.4571147598,3763.83031532733,17633.3026699325,15684.8309016884,17961.1015874464,16651.4838529257,5144.94488801839,1636.22511518229,2667.14624147154,4151.29800432263,18170.3924047095,8601.46539534879,8367.62340378226,18523.1803766999,15017.6702067662,6905.43403821124,9924.40918675548,42499.8018954303,26789.8839895948,16252.4612351762,12393.092647854,8846.08939593023,9426.9900767348,6021.15966573718,29297.0805599838
108936.062711279,36350.4592483662,6997.45392487384,29151.518282254,27082.6277527614,36780.0888450933,15973.7988465065,8015.06201799639,36608.7855939555,64500.3693897169,24993.1239154655,18974.9118332287,40077.3763384875,25674.5349435927,18308.4826005707,10157.1950686532,16932.2505712182,40112.2657756886,1081.26108192257,2031.29804165103,3985.93982247602,7558.17094545565,6001.82875257721,11444.7225802653,13774.8291527115,11665.8576499119,12010.6853788497,16315.5147676907,22347.0921768183,21233.4636060454,27418.0100741551,24655.2115524454,18280.7127487034,352.440452115727,3828.51454584027,5895.26656918001,6368.44794556856,16258.369440617,21799.5351068209,3047.96694821478,23037.7293343361,13410.8465726784,9386.47189863224,24989.1609889181,25546.8045819126,28824.3708638941,13092.6072459386,20663.8214825169,5846.31629822911,11678.75844556,26670.1749828396,46016.4883296443,568.165231149209,20468.1784799269,2129.58019225352,2792.66990968244,10891.020959454,10321.0684224064,4845.02855542645,19909.4279852689,2585.00321960193,9607.32606673362,3868.71056445403,16873.4056047851,15720.3255719967,17745.501029506,16666.4015994647,5431.55023575033,1636.00752185376,2644.87597809488,4102.03977229548,16887.1123939619,8277.82197595672,8367.94559214159,20741.3187911572,13714.2386804108,6905.17462213186,9489.38010458509,44560.2239405401,23626.578195094,15537.1468826896,12143.7832324315,8598.1599612771,9466.57688209601,5988.39504795888,28973.8799190322
107611.197820644,35982.07472311,6863.96595890471,28327.8574721771,27479.3848685594,36583.0809567743,15393.7735595999,7823.3332665988,37407.195056045,63958.3849051778,24624.2174331849,19333.0661167898,40313.9831130663,25655.0421472306,18271.6424261577,9752.25003897731,16939.6014284727,40096.8955408328,1011.40567499258,1567.91828587059,3853.5913763463,7022.36098531866,5912.00705658984,10947.2426655427,13820.6810056769,11762.9129873401,12207.3463180929,16976.2737808167,22411.3069677432,21412.981856472,27439.4071657357,24460.2855837265,18108.0525849038,187.935039086647,3767.87169325876,5884.8501311654,6360.09287446448,17265.0079076157,22394.0899153192,3138.85751999358,21754.0721162884,13614.5351727692,6903.56940801871,25497.1491894518,27003.0010558735,29239.2051743177,13082.0068020187,20299.5017017832,5545.60400186181,11500.0259432988,25644.5860481915,46710.8434586553,1802.47373774853,21170.9358680072,1616.90598730617,2957.77519842988,11296.7613649807,9723.93032318077,5123.06225369669,19727.0466841517,2565.52715307148,10245.3837691935,3885.90551793596,17013.9050654464,15601.4899530662,17917.3060577986,16477.1158900937,5642.19131977245,1491.95011732527,2646.52626365018,4055.62333276487,17701.7466743949,8300.48273929962,8352.01390207348,18028.2133059501,14850.3667730355,6899.09769806929,9001.55644552504,43513.2319752092,26177.6088284952,16075.2324761992,12175.8426825274,8832.64564510516,9067.58420910217,6013.25508591351,29035.8678473319
109319.997921205,36387.7432309929,7101.20521747135,29266.4847783288,27952.0014665686,37367.6644791304,16039.0281811137,8129.74643007749,37647.5603923686,64541.3950027078,25333.4933622372,20171.3982405943,41189.2982037272,26008.6389085981,18238.5148092983,10177.014310917,17049.6790691905,40228.0076762797,1081.73800698109,2356.55160448863,4135.09643723187,7595.94544748013,6098.86390536994,11718.7585108608,13940.7191317366,11974.9125356206,12276.5814014402,17084.5683048656,22674.2608199064,21971.3021589082,27679.8742973264,24709.819307907,18689.3391267814,386.829280595353,3890.07305170351,5979.17136621116,6494.66925613757,17300.4196964542,22267.8673515755,3384.00781422039,23039.1528536406,13640.6395717004,9400.51478113618,26129.8714093628,27242.4033970898,29602.0696627666,13331.951797714,20629.9790145563,6291.10726857767,11970.8363429848,26873.8990737604,46844.3583416594,2143.09974082132,21180.615070249,2452.78079097142,3080.03481738246,11462.9932952701,10353.6428184877,5237.23589796753,20140.667796873,2630.34819590952,10243.9156997201,3921.73193362687,17329.5437934293,15808.5434318506,17972.2451530194,16687.5889335675,5819.26205421868,1687.96129146981,2670.92268379312,4169.53647685832,17462.6032553577,8609.56152017973,8378.28942726855,20793.8261360222,14928.5144057559,6907.09341313189,10111.1244834001,44999.0181110743,26551.8408299506,16287.4301998013,12394.5892304213,8918.05165912322,9476.19712663454,6021.31961384614,29304.6908661118
106995.698517884,36163.1630153678,6816.90898900072,28729.2092286358,27531.8505068254,37340.2859446607,15845.7288395952,7765.82747669924,37463.6056872099,64013.6364695868,25151.2842841153,18733.5729826245,39915.8464618381,25624.2505965447,18299.7487555275,10165.0730261648,16836.998960332,39818.236544847,1018.51461324474,1007.19394541431,4066.97383863642,7582.82326056541,6041.42244621477,11675.9158469754,13709.2179980553,11822.5541287908,11978.6666496081,16761.6929653855,22429.3394466247,21772.6195254788,27449.354996833,24717.7810979441,18019.1838296427,197.029844728282,3355.77559585808,5850.70033796264,6313.45125586529,17158.4683598934,22297.18676968,2924.02885311519,22494.1502981099,13530.5136503953,6611.27648828095,25215.0714804389,26543.1738088587,29317.9626688008,13103.8662297572,19705.1889690639,5379.29599765346,11279.5668057296,21106.9046992598,46077.0197162582,1772.87250182452,21148.5907812763,1046.4035577112,3009.04984286354,11213.7688185731,10339.4904242984,5102.76800350897,19858.6757203716,2262.94766285585,9948.16574592661,3715.83247794554,17214.4295035895,15542.6681148669,17766.6240297804,16673.3609573028,5162.70939160492,1488.71371850044,2583.86647074867,3983.64671084668,17635.7315731839,8000.2665967356,8347.78537503921,17806.3340212133,14479.702677033,6895.67365403066,8171.14629505001,38485.3789414307,25948.1178882974,15894.9555751923,12263.2112630932,8491.20078501838,9433.51205469435,6014.29754948807,29136.8165500784
108397.992630429,36373.6768820349,7033.67613860592,29037.4588763951,27049.8097749841,36833.8349727751,15918.1956853884,8031.14646213026,36309.4816074043,64536.7604288631,24874.4572235425,19779.2616173924,40532.8654918056,25650.943295251,18189.6246842392,10169.8603305543,16994.9916005877,40205.4591790554,1066.96103126451,2234.1797092387,4044.51135986333,7567.11425186176,6086.59167298587,11710.9444003876,13822.9728091694,12140.8134132989,12219.9472946976,16544.1704187067,22778.0902771659,21611.1634827864,27665.1045821514,24464.5230161673,17548.2428034412,353.54967545168,3746.98364652076,5968.1185623595,6387.1393930116,16857.2330314675,22545.9359846064,2847.33140785236,23014.35572842,13189.6318152858,8919.17220276463,25809.9860252241,27080.4037079914,28964.433172932,13038.0653962292,20554.5198614742,5950.48312988371,11914.2445412893,26642.2933867577,46703.7780774338,2122.89530687488,21165.7319265027,2342.99239213375,2964.20906880789,11470.4240580752,10339.2086537744,5143.04476851708,20139.0786707236,2618.65685899975,10396.2040456135,3922.96280516702,17628.9037996155,15808.2172584565,17974.7119299772,16690.4211396193,4683.88515424152,1659.4891807152,2670.24308105889,4145.29255765469,17964.574940242,7983.56889656024,8363.66830468038,20273.9553995717,14897.7928214647,6907.1578842341,9768.69328910048,44708.8408158477,26469.134340796,16290.2892341724,12273.240293616,8912.34330532578,9477.83539579227,6016.57082279206,29317.5715464726
95348.7788976506,31167.9119097972,5091.51810635183,25771.3750977715,25774.7242437123,34465.943039722,14213.1062263872,5976.63398046206,29953.0197729207,60416.799056165,23991.3660292732,15355.2927181514,34215.5285364498,24026.5099666836,15659.8730229636,9234.93883837905,15588.5694842977,36606.1037995165,957.945436993388,507.186894162863,3350.74618987625,6716.04344777066,5653.35007365759,10261.9806845267,13172.0588394826,10918.5706070196,11381.2245775248,15612.681310934,19975.815359983,19362.8273622396,26786.4128438129,23432.4629434367,13515.0696618764,70.235492637014,1926.40671290337,5695.67318204808,6095.98353418752,15554.8592243251,16826.9353150397,2288.8394674635,18593.1445895221,12808.3425848077,3966.97306381697,22645.0969215977,23584.7873449808,24890.5738452781,12192.0813162797,17681.2663263198,4563.8541250785,9795.69408294509,14012.8945713032,42884.2485040192,88.0372845772818,19216.7308625003,400.72990233503,2471.77530467216,10268.775925067,9381.74710172647,4638.43869803882,17937.8822362575,1931.71026718303,9411.67431209896,3247.35132648835,15399.0190148767,13859.3604716204,17548.833302471,15505.6415505375,1694.27962453065,1314.53927525928,2539.09496620183,3673.19103614831,15830.2384073564,5433.38137718629,8141.7374275554,14095.2561302442,12606.8141753679,6586.3759914706,7036.66548693534,28897.6006972418,21540.2191362937,13809.6537799035,10668.6807308171,7601.76574945511,8693.67187697109,5950.32376413025,26899.2275769584
109072.185113861,35946.4658739399,7091.71932514536,29329.8281511134,28071.4195395112,37405.1854580077,16038.2479138266,8130.43882776523,37840.2134716846,64443.8468619213,25442.4090916854,20159.9694596094,40802.7752643656,25787.4127097125,18354.5354055832,10171.3031195087,17045.0275862508,39889.4834887148,1079.49544607662,2378.54883807281,4242.16346193221,7553.2404116409,6093.73160390463,11720.9922425249,13971.5968910684,12473.7582288745,12278.2458972236,17352.479489702,22716.0056902487,22139.1143736842,27642.3041011621,24529.9485041473,18688.7074831397,386.727778811299,3893.26194231375,5976.21509594453,6490.69517885248,17953.6842631174,22680.2370015886,3381.8329140807,23051.2977502426,13735.6438494094,9291.49256132182,26136.4393483342,27288.6669303169,29388.3694450428,13201.1544805695,20746.9134020709,6287.12475380814,11839.8962960392,27164.9201121213,46688.6113594128,2326.23972226764,21194.1948706722,2450.45854175562,3179.26425663754,11383.5119274697,10318.6275271812,5232.44090913399,20137.4262742659,2629.6185833338,10718.9043387153,3916.7078003381,17620.3222888008,15807.5168110714,17957.6753157608,16512.4797504234,5818.53983643837,1687.9918945735,2671.33836697252,4170.864728286,18331.4273247451,8603.85626128007,8372.44983739615,20683.2336086429,15018.6777613532,6907.42063568125,10089.7064866239,45177.45386222,26593.9859308809,16181.7516759102,12393.8308912326,8900.83525453444,9474.05068530899,6019.67451525084,29293.569775301
107666.099747769,36065.5279649423,6943.81241768971,28725.7891242304,27257.0023403093,36534.4623077282,16001.693421611,7780.12054051342,37112.4489886062,63306.8172445033,24901.8246435453,19492.0082157984,39882.5504047433,24824.6721997049,16403.0064344881,9811.80245846543,16757.4140205178,38575.4217668293,1050.44294980419,1606.87696887724,3908.23798239749,7546.98138016568,6045.20601533536,11476.340376153,13756.3045727845,11520.3981851209,12051.1869758008,16462.9998498229,22475.9096191318,21370.305812552,27583.8065362992,24305.8141588843,18481.7617408822,380.773448891705,3451.45500141808,5934.35147751053,6429.76642816947,17097.8588180245,22051.0137637268,3280.84228981283,22182.1575218969,13528.9638354818,7236.41053399595,25653.9899386346,26620.7714736573,28471.5923607098,12719.579083613,18389.822000983,5678.72176851916,11197.4433105001,21451.6048111051,44651.7339647589,1410.40620930792,20434.9631119038,1540.29837567274,2670.92936235654,10878.5454129989,10281.5616889527,5061.52450154916,19979.583732312,2225.11810877721,9506.97867515311,3783.20042095665,17390.3412197215,15382.1348986657,17861.1124036354,16643.3375807961,5610.43831060437,1601.53634493321,2634.85799723905,4130.40144518341,17557.0057007498,8301.16346796334,8360.16984239768,18615.8291177369,14754.5418620748,6890.29689131666,9100.98138280895,39108.5976360254,24659.9282352884,15345.3020806655,12233.7353354858,7726.48021563463,9361.30401427974,5911.45831929798,28743.9813810879
108370.291201646,36368.178834767,6425.9922863543,29274.7301179627,28049.7568366975,37333.429980203,15773.9344645682,8080.47239915411,37318.1767244153,64188.84546577,24997.9889761698,20170.7549901736,40745.2903881799,25902.4125545169,18347.3928165413,10151.5604330135,17040.7132671683,40206.6611907841,1081.10660050623,2033.71845813678,4053.63959824945,7572.67305000598,5910.86631103791,11647.3422345843,13958.5038142935,12152.2852529899,12101.7429591658,17170.7536031932,22706.1228598114,22060.9108716634,27655.3704880932,24708.2904509697,18476.9513977023,368.794238891976,3845.06382984004,5981.63199084289,6496.2801017266,17506.9528422046,22591.3110550807,3380.13723913417,22569.9271823695,13386.2179337919,9145.57786515722,26082.2917109194,27132.9019992892,28977.4506799934,13269.7629341683,20750.3454443224,6289.4287534866,11764.9806381818,26480.0229007819,46748.8906043274,1903.83308944889,20861.142402852,2156.11224519677,2970.50210964179,11413.2233648715,10344.2955702228,5198.12695640581,20134.3763920104,2605.99153864314,10257.9046321365,3922.42077133205,17424.51898091,15808.1717291974,17970.524141148,16660.6252402789,5815.63279663196,1684.53027668985,2672.96304136072,4172.69796946302,17899.0602784619,8604.39509384771,8377.37958719791,20507.0327726073,14662.7661625618,6905.18428375071,10114.396312852,44355.4218463544,26004.6506188706,16243.768833116,12383.4774441315,8915.22660526176,9475.47374737565,6021.01243149291,29320.9753249884
109272.215198855,36229.2111937152,7042.95731579978,29184.1103774258,27300.5777077908,36853.8853693078,15649.8185470509,8128.74424424471,37214.4011173765,64548.6236724722,25053.1564314333,20164.3357606991,40447.1050504381,25781.7388265608,18306.7904657584,10095.0583080584,16997.3599381337,40191.8968060375,1080.05701257545,2294.5937393796,3946.72973909695,7124.08107477945,6051.61960915639,11273.437269082,13569.9176295382,11874.1309633453,12175.185168573,16614.9824693473,22663.8327458221,21439.2569996902,27406.8674983054,24554.5565102661,18308.8955755064,386.97686509433,3892.09667112341,5975.42054968299,6464.85927058891,16920.7493270978,22638.1770324728,3383.65274257539,23052.9725932338,13333.4898571137,9399.75446978147,26110.9468514405,27190.2219612356,28849.0325329212,13164.4611235261,20757.7807487828,6267.40461020294,11954.7764246315,27031.966412416,46648.903555478,1915.19459254402,21178.4161376709,2451.50218299264,2778.19375406738,11204.5304321287,9898.05277050709,5196.06394577195,19453.037939155,2609.30283261428,10059.5768411097,3907.58084297186,17397.0397733949,15803.6794836149,17719.1268216049,16478.6662944136,5819.16598198016,1687.54300555145,2669.30211510847,4166.08292121202,17835.9536985176,8607.38783456298,8369.98727399472,20791.7558658582,14912.3828953231,6906.05003148608,10081.5048756406,45143.5006479118,26178.9549091613,15981.3360791251,12383.876642543,8902.5576508005,9385.93815980048,6019.79369475792,29260.5691743782
109134.757459934,36389.163375743,7067.79294097237,29087.8059659386,27640.696897595,37384.8001147078,15999.5529984183,8121.08747886599,36488.1982999234,63767.0838132191,23898.1392039475,19976.4454260339,40330.4178646225,25558.0705923154,18145.9605865832,10170.6962590871,17003.9955053658,39952.9887744547,1068.4503697477,1678.93173888477,3947.01940779027,7584.22042128473,6094.2151294963,11647.0143833118,13821.1541955899,11837.7853980347,12166.2595190917,16627.6446278589,22344.0880982452,22113.9515235305,27634.314241041,24665.1206951529,17668.264722246,294.174100394244,3851.67676295748,5945.33117863425,6448.17128456815,17265.4607169663,20002.6410907669,3234.79622531519,20836.1284594671,13614.7108533311,6533.73472558084,25284.8156027014,27022.69724188,28612.487120608,13104.9915287681,20354.7387072426,5991.4551139106,11676.8579991721,24361.1248815641,46487.262827917,2026.57124393145,20285.409952038,1858.41658695386,2809.51720145644,11332.53962331,10352.7098921717,5154.71923028186,19466.3214882747,2600.32018895703,10104.860298279,3888.93804931879,17000.0253810408,15807.6988617957,17922.9853554158,16676.4864374157,4780.05040397455,1611.83830661315,2642.04876630509,4101.75737250398,16640.6269009693,8152.62293830601,8375.31987355452,17191.1333325194,14673.5862031679,6906.13212297496,9583.04800384317,42189.5018471619,25523.8190879173,16045.3440546952,11728.5483522026,8910.33293519955,9473.39904608345,6020.64168145641,29146.7138823132
108838.823884304,36105.3632644794,6957.93561592419,29167.722421864,27220.0056541087,36481.3491226868,15773.2285867363,8018.02022161336,36631.0429227673,63896.0211410812,24939.3727875655,19589.8054582582,40328.872048175,25651.4798807492,18221.9901497491,10138.4573153939,16987.1567301115,40041.2003865684,1027.9281222492,1401.34043399428,3852.21612578399,7417.69057714242,6042.62765443307,11437.251780245,13737.0392959012,11808.1601735836,12176.919841322,16391.0840510489,22225.6096440254,21178.964434763,27492.9595459966,23936.7560106915,15986.7114287828,201.313303636149,3755.69241975655,5870.12419085852,6373.16546720564,16651.6685645743,21035.2360830789,2370.2779871823,22532.9576824811,13292.0799371717,6403.34527613132,25403.9447055414,26396.498907425,28716.4140317385,13164.9939331326,20310.1135546694,5718.33074136504,11535.4687983813,25524.5010373843,46361.1462545013,1082.78985677788,20568.8505541813,1486.95915762761,2703.92878572121,11265.5414547494,10162.143674755,4906.25060084782,19556.0620885881,2570.16252746749,10001.3115177685,3887.2621309622,16645.8496678911,15773.6651670698,17837.596926036,16283.4238769377,3204.67546934034,1546.6143508507,2645.16652568434,3990.47712360055,17479.0557297056,6707.36396213119,8337.77132952341,17438.0832653513,14118.3886493048,6903.72350640793,9183.64608539041,43179.6064405199,24522.5874282083,15854.4341973896,11835.090311192,8807.5736931609,9440.78937139106,6002.37435858913,29045.2549219069
108889.312177102,36268.4957681875,7096.07246765494,29197.8830705872,28091.5124140978,37511.7528119697,16030.8392439944,8090.03793623776,37838.3932482041,64517.1876915284,25495.345422287,19994.9548981694,40424.4316105116,25919.4430888626,18375.6123700787,10177.2045702097,17043.6234168403,40180.3779254319,1076.68974596163,2320.90233661025,4255.81204333832,7605.76809759723,6102.43259876454,11731.912729626,13984.6801025779,12511.8335344137,12275.7459604059,17409.5633230826,22786.5089063612,22202.201980832,27690.7119366559,24739.531633385,18691.0722583876,344.278321672056,3820.33201615128,5967.35217232548,6469.02196022577,17976.8965208696,22690.6444092374,3383.94614218199,23021.2318715198,13750.8096970769,9398.15752862778,26091.2602949055,26685.5892716972,29671.9605614041,13331.5373799778,20663.4298778864,6010.68410768965,11762.5954610966,26598.1986728491,46805.2634661598,2457.42161694579,21211.0951779783,2378.53863595217,3235.11467638216,11478.9394965641,10359.5237969636,5240.41087444057,20147.1687843871,2628.48253789567,10751.8234293253,3910.47030152805,17736.3073063914,15808.7487585722,17976.6836829423,16689.722552075,5818.5751311481,1625.43083962606,2663.78534200648,4147.84349062864,18359.5382147216,8610.74893969734,8369.33747437899,20790.7325289681,15038.5440119194,6907.83141631878,9678.91895797628,44530.7588115819,26931.3866320791,16307.7517569599,12376.4551606351,8904.08786487713,9475.15708451113,6021.33066513983,29307.495325828
109372.93423074,36198.5504628252,7095.70470140316,29336.975291138,27820.4767421419,37446.3039286728,16038.3021295111,8133.1306878078,37725.0143122496,64548.6203739569,25455.0046485704,20191.2376804558,40991.178136779,25907.3189330171,18335.9898970397,10068.8315879238,17040.3919468217,40176.9536921145,1069.07516474742,2146.1124349169,4137.83159977687,7274.3841023327,6090.95276237966,11486.4178425845,13903.1634198101,12327.9432087408,12279.650145755,17096.1071202045,22769.3478240115,22108.5696908846,27659.9348752201,24674.1051052939,18657.147846308,386.609982947877,3893.036389341,5981.79462874227,6493.53787167312,17717.0912992242,22472.3111035889,3287.76821584924,23051.2949564797,13707.7875160456,9373.43087266397,26148.3208799275,27209.8200938618,29412.369521795,13262.6204760298,20759.8275358941,6248.39545855694,11958.9233874716,27150.9053093729,46748.1820276631,2129.0020765815,21204.8533248063,2192.16921385267,3157.0903331067,11420.9339177195,10026.5685285279,5184.90406418615,19843.7003625446,2632.54243769613,10570.0115108376,3920.33769174019,17529.7380724188,15805.0151021956,17919.5891195987,16611.7534827017,5785.85872834874,1687.5631186582,2673.53025114816,4174.59317571658,18211.3341250259,8301.86903427506,8371.26136796759,20766.1496040172,14942.0209395873,6907.23301709921,10071.9386429955,45272.262534881,26474.1767873446,16231.8276037112,12355.0802699431,8875.4459225586,9282.05177192902,6020.95912823244,29199.6423313636
109373.497764076,36404.2229497414,7105.52629859652,29138.6257365858,28108.7815432549,37506.4089872236,16039.663161103,8125.4441813837,37836.8608840257,64547.1585758599,25498.5314647597,20186.5663622079,41220.5778398719,25965.2052437398,18381.1392950537,10177.2099408564,16993.3985083208,40001.6281313063,1081.99766291585,2397.19481115695,4256.99467541953,7606.07320161305,6098.0828974474,11634.3678711368,13964.8207007186,12311.9235627071,12285.0126934618,17426.9120329565,22791.532962617,22203.353196271,27687.8191951173,24732.8628320913,18690.1325515927,386.978546838334,3891.82333133172,5981.19456784532,6471.96397972933,17988.3795852303,22607.5778765706,3348.57937160949,23052.1241062736,13751.5253647074,9398.9805920833,26132.6878667088,27308.9042015588,29668.6183591728,13286.1077381647,20697.4785500014,6206.43684809213,11948.475788407,27150.9663388984,46406.5187650872,2317.20534265126,21159.3467419446,2457.44385067286,3235.88447220647,11469.8832068255,10355.205370748,5124.34100674593,20102.4960465358,2640.8370951761,10753.2447649126,3924.94575139886,17756.0101494615,15809.878982502,17972.9283566312,16691.246268034,5817.92871837318,1687.93626417516,2673.83382024011,4174.16516765009,18364.0716484726,8490.70680689177,8378.60962163866,20777.6034253894,15036.5917955177,6908.00208322203,9956.9182393403,45271.2186552398,26561.7799631938,16272.253651744,12349.0528203549,8823.86213498277,9478.0727992442,6019.70645823993,29210.7891696114
108785.370976116,36383.3226983868,6888.26100655459,28916.7952139592,27783.6024794914,36982.8188305157,15992.2828322607,8122.8292556965,36628.2385249609,64318.5145277102,25237.9881751579,19986.4959525663,40799.6935900766,25757.3618290263,16848.5056584571,10164.5868755752,17030.0323251044,40084.4537970945,1077.98477313522,2135.24723763939,4239.81676746916,7597.21321464697,6058.48711485881,11674.3672261471,13536.9833704368,12442.3167453657,12244.6142615315,16924.2252836591,22721.4591006082,21913.5167561865,27447.2549180863,24510.9662397332,18674.6854893049,361.813060982735,3842.38910742395,5966.76737802735,6458.41991377878,17651.1739962546,21772.0100706299,3283.40940145223,22608.8277736442,13738.1875613939,9343.28301479708,26095.2175228939,27045.9448201274,29312.5895510559,13169.8332509636,19001.0873934818,6092.16320194637,11604.5600271234,25439.5940502884,46411.8494258067,2262.02190831036,21175.4147987217,2183.52110083669,3117.09419669114,11332.6785623392,10329.5381505683,5071.61497416359,19918.1026461637,2635.58201624197,10654.3677757389,3913.08247764775,17451.5280338721,15807.9783206889,17742.7496278838,16687.3203933844,5798.56513029593,1673.62482399852,2624.70858459375,4155.99485888379,18232.4924030796,8490.16713867942,8376.35798231349,20732.9989858548,14979.6939378913,6907.14826658845,9653.506027915,43116.1756089143,26512.3641445275,16025.5702871175,12181.1086766132,8837.16474356916,9475.89957601717,6003.49574592602,29177.2861833479
107249.511205959,35126.2052729879,6690.32766568428,28029.0803660589,26591.2843046905,35635.9905371699,15263.2765837669,7620.66888709152,35500.772888803,63863.1354171979,23692.7281481158,18241.544124509,38560.2042903453,24751.6396874639,14979.4875100196,9503.29214315491,16696.2980107354,39465.8447527098,997.530797942483,950.805202381724,3743.10552693113,6878.22205494401,5749.33091293244,10424.138272371,13266.1736916412,11440.255538883,11926.6883229957,16281.0414150926,21513.7658623417,20108.6254919825,26719.2547644679,24166.0900707141,17173.3758121039,307.252774085163,3362.44958646902,5783.83743305607,6245.30784574037,15167.5223835055,21984.2194378846,3158.13408134561,21336.103181287,13079.3442596947,6519.46791388166,24607.6563999474,25295.3599210037,27987.0836347076,12690.4427056771,17182.4732679881,5021.18855475243,10818.008530844,20770.4849571508,45442.8385147667,1528.81216388021,20721.3511832333,912.123271418985,2544.44206686688,10743.1326023857,9619.27745736631,4407.54826187416,17141.8919891841,2162.41451078199,9771.47333829298,3647.19532799783,16429.7016875843,15465.8243530969,17172.6916843482,16233.3147711696,4767.49435936917,1330.70269629416,2573.61796543274,4039.83908099106,17032.0456067677,8327.89743745825,8281.47508312097,17335.4383358998,14481.8208326761,6892.11685916653,7888.97737100016,37904.2663500858,25098.3585951166,15288.7680069027,9769.05840545863,8302.52366706259,9288.726488841,5994.61981936218,28872.119117164
106449.313590478,35730.1138250568,6842.92057451283,28083.2694933356,27604.2314626877,36057.8124201852,15054.870656133,7685.44296426638,36123.3823289829,58404.2863560274,20922.6595619383,18585.1240678212,35678.607158375,24907.2881671615,13223.5181805449,9977.65403127511,15601.5274156049,36593.575198553,1037.99064766583,1636.33466679101,3871.06299322765,7540.46032594678,5859.96674695703,11269.1424886024,13178.3318276588,11335.9812575754,11619.853235619,16772.9753363401,21825.9719303295,21779.1500904791,26563.708732715,24525.6301922001,13023.3856378784,314.763194159345,3466.58362200571,5962.82995757076,6403.49575933335,17133.0032192045,19342.4760353557,1428.20138513613,16204.8953334472,10786.9444520977,5221.15738922426,25313.9695582509,22796.4493583285,22846.7303435329,12705.5533858819,15408.7742680998,6188.69053540552,11366.4840529557,19371.8214389538,42691.8397390535,749.815350197559,19115.8293771402,1847.31757066804,2606.87295455688,10973.935483724,10310.0244749805,4800.93518857431,19848.4704656654,2264.03097326285,9826.11690766485,3896.20886627914,16421.8589849528,15774.7190886811,17096.9506965157,16610.3386032984,771.904350417655,1667.82393195315,2657.95117038579,4142.52361422177,15185.0524125523,7579.81784500495,7734.11124987246,16848.0534315472,9655.75123116747,6627.85639122633,9901.21619115445,37992.2013944492,22647.6445770268,15668.2471203935,12100.2538853319,8859.55975362106,9458.34557839145,6009.83223512515,29155.7473254743
108660.792881477,35628.5794445411,6949.22929193848,28668.0232124408,27219.3468053117,36649.3564137691,15741.3024012507,8123.15630544916,36171.2917586907,63618.5360413285,24716.3212647107,19777.6487299652,40951.7283519041,25850.3336122605,18075.319047746,9695.700261326,16983.0896601297,40010.4293485777,1076.95652815205,1935.27360882194,3766.31486003962,7029.1675990854,5951.39745750868,11037.3736720657,13790.9851527936,11444.2464208185,11983.4937264318,16219.8665669831,21782.0609787703,21056.6182989485,27457.5783599357,24277.3594026285,17289.098927425,329.824660229147,3892.37967491522,5955.56818787782,6434.95521307908,16170.6747459409,20659.1604056058,2639.59645472444,22018.5469589034,13126.6012173519,6896.28929298073,26001.8765966384,26837.7209757199,28431.244700255,13272.9770357679,20714.3089063591,6268.40835270159,11658.919863726,25530.7522888078,46691.1058159238,1282.98858354599,20662.0952742493,2111.29566195577,2595.23943051112,10830.1606995767,9772.01414967891,5078.5269028313,19801.9042331047,2508.8038107796,9686.55312110542,3874.88863766252,15941.954561751,15797.7925133752,17825.0663648598,16184.4466081215,4484.65091944211,1685.91791245048,2648.52478526348,4137.1919900157,16141.5952217494,7819.18797119725,8330.99892445501,18272.3371103776,13579.4654855431,6898.19562089156,10029.7855969701,43489.4952462213,25111.8083994331,15618.098839007,12204.5927097079,8877.02038107098,9332.58166722779,5998.52725444646,29109.4714883996
109108.294451873,36388.4535297863,7024.43114183471,29030.6529252296,27965.3278398626,37289.8208036399,15881.376647293,8097.3100507512,37441.2838376425,64266.3856298723,25073.3482286525,20078.255903205,41125.3464699294,25879.0806219552,18369.168376289,9820.89205528668,17023.369214779,40051.3990605862,1073.60822471115,2091.42447176552,4083.08824600792,7596.76070304099,6057.39600154571,11495.7441430797,13960.4996718593,11913.8312724137,12254.9650996414,17031.200530529,22509.2469012747,22030.96143978,27645.3653778075,24715.9412635749,17023.6344236431,365.347575178312,3854.61760218267,5973.45084137801,6471.79899490811,17200.8606139047,21659.9604524801,2728.31182584478,22377.6115121577,13717.1961376391,7513.18231072791,26112.8904188341,27072.4426121125,29495.9159539585,13292.3399917646,20669.7964216571,6276.50091834122,11538.3855564343,25591.3215896095,46666.8408526136,2279.88784793357,21122.1217315623,2208.35682697577,2997.59414448356,11453.0331213643,10344.4023816136,5157.21547037498,20118.6858401866,2622.02681343968,10224.0172786747,3916.7512515792,17136.3263505092,15807.3087598379,17959.0491592414,16683.0793011459,4219.93906645104,1687.20298570133,2667.27538286358,4168.20173985255,16915.4221932182,7925.98306304971,8369.06186442775,18897.3554455134,14785.2599254884,6907.04696389532,10088.1896247643,43639.0975782871,26657.4647591355,16274.4597919438,12295.4513264544,8917.69497686689,9474.52587020537,6018.32468152877,29300.3114328207
109334.36061279,36397.3285774621,7068.45652933232,29336.0679285144,28049.107685715,37453.9897194491,16026.0236776465,8129.22473282099,37579.9493217682,64429.6803813344,25478.274824847,20118.8330902142,40915.8137106951,25922.8320201333,18378.5290779269,10177.2687570337,17054.0778558489,40223.7284297559,1082.02981924685,2333.92867805972,4128.20194582653,7587.55353548919,6100.95392557466,11730.328503014,13973.9056996746,12402.2320982383,12275.8118012535,17352.5392620286,22792.505406295,22138.2811145773,27690.5540761608,24733.9023273191,18464.8679124054,381.363790048752,3882.32800401084,5981.91011502559,6497.32564432255,17648.4132328527,22588.8153382801,3254.47353734839,22930.5897994,13729.8449120104,8994.75083567646,26153.1223903211,27117.2919737613,29385.9943194968,13316.917602384,20746.1051439286,6294.03852278169,11980.6819045544,27164.0697266188,46881.637999515,2211.23394943835,21213.4939924404,2451.42435353046,3048.80682655668,11478.1786625414,10350.1648083044,5218.67844943632,20148.0443703855,2628.77913078235,10642.9624597427,3924.91472927324,17721.6200827484,15809.8160889554,17977.3828336573,16691.4615315041,5586.35650116985,1687.69015815726,2671.71425223537,4174.59262679901,18205.5841514576,8470.34461065067,8376.44140840531,20384.1884657805,14980.9026961761,6907.92184198892,10125.5949708812,45312.1819281876,26687.9578523244,16301.5288923638,12363.9870669067,8920.85883131385,9478.45491197845,6015.98552065238,29335.8647218956
109167.429985411,36389.970132647,7093.14846175164,29336.2706737733,27912.4046966322,37408.5912058051,16037.3687297561,8077.78752955061,37723.8200697666,64430.3955400353,25426.0480575045,19752.5782956696,41127.1679171976,25970.5859127673,18354.3499988031,10176.4013391491,17046.4666327343,40221.3422849439,1046.00839575188,2214.64910355303,4132.92686354066,7600.27998825332,6099.86460624042,11723.7006113505,13971.970411981,12160.6788504319,12272.6317809882,17295.6011547802,22696.5448104409,21956.1841365127,27665.1126176747,24729.2358219114,18476.7486044967,342.170038818207,3887.49200006982,5882.17465250054,6464.4377260948,17560.3219555018,22213.675209169,3298.93369306531,22931.3393833524,13696.2701968059,8112.19122481113,25829.4353245791,27240.8454072969,29603.6622020846,13323.3461773,20551.4952578774,5950.15842500073,11813.5591550441,26864.09294788,46823.0256889565,2331.49003449632,21132.8722583512,2281.10899266694,3073.07247966432,11447.7606837783,10355.8987369028,5124.28454252961,20141.8949202883,2624.61926427973,10380.7056584926,3922.35013864777,17580.8046604444,15793.1987677462,17958.6050859294,16686.7643055411,5603.16853866098,1643.71917743323,2667.47538373864,4102.12838791654,17589.060229077,8521.32559166639,8373.44446858787,19496.2728688788,14971.3224914704,6906.47117664164,9597.21881321736,44798.6329644024,26713.8490596785,16274.8112786776,12271.5786446367,8899.95771625213,9476.58243535913,6020.47695390217,29305.4538237089
109279.780722763,36386.9471570383,7033.06632477231,29225.3580298657,27645.7330713884,37237.6659365292,16017.1936825908,8120.94083737819,37280.5332226907,64342.9239511126,25414.0412961771,19943.7706531818,40965.2722139154,25804.6368077076,18369.0238837207,10169.3145587402,16991.6479822763,40208.1194123389,1064.87238915422,2019.41852170974,4165.39170814457,7475.00614329189,6070.71267322171,11617.1254858677,13787.2658160076,11998.8487278553,12210.3567007025,17163.8698251225,22750.2787462866,21689.1799697317,27363.9025330585,24560.2915107926,17906.7465943478,383.947117183649,3816.58276565053,5969.86459818149,6459.8301899191,17113.8663430924,22623.7137587955,3380.32942326437,22839.0418358357,13717.8956836507,8417.59575741523,25840.4627961788,27042.5483622076,29472.8130656836,13166.5957813514,20750.8739562126,6158.27739318804,11613.5625406653,26853.6443098539,46613.8652111543,2402.94445216309,21060.2275369565,2072.70163445314,3150.09607036097,11389.3857412979,10230.4271847174,5137.93060451909,19946.7046793343,2624.58803765627,10224.651609925,3920.39165051846,17620.1713296325,15808.8594696568,17681.3626279035,16532.407120573,5052.06183693201,1618.50562879111,2668.34886314353,4148.60976542439,18000.6429462055,8590.83060390194,8375.22760089475,19603.4536352301,15001.4259373244,6907.28536104236,9895.20751500328,44536.8645022782,26703.8772129135,16202.0838461862,12332.6104619574,8916.17067688791,9474.59348501079,6021.22012818271,29284.7305803234
108959.220884756,36349.7487457152,7057.89845002629,29336.707222254,28111.1851769835,37506.5427882071,16027.8644163677,8132.59027409356,37717.1649114825,64443.4260715628,25493.5245725405,20048.3623881695,41156.090401357,25931.9259151146,18378.8503497843,10176.4853290037,17038.7258995168,40221.3229796942,1082.06285909377,2396.90950131952,4256.95761664887,7605.92971543019,6101.74707261706,11730.0558621941,13985.8430967131,12513.3019688578,12279.4440156291,17422.9720381817,22791.5916676493,22202.9719921714,27691.6526444512,24733.4222130408,17948.5352356087,378.238409211801,3848.86724937696,5967.39687699906,6497.72910455789,17987.2761066423,22598.5796629209,2841.08424164364,22993.8431711267,13746.7052775651,9121.4017448792,26158.2356051268,27282.0832827454,29677.1563886325,13329.0909683085,20344.0715353324,6290.2779921185,11962.1872638017,27163.985795996,46887.484599988,2427.88140426564,21210.6899478873,2458.14600921219,3231.27773414529,11473.6096156869,10357.6816120147,5166.11007466249,20148.2912821662,2609.60553674423,10753.7152272558,3917.11673141009,17750.9427813415,15808.1435345444,17977.0425732634,16691.2198566822,5073.54803836881,1688.1067002975,2617.04740542597,4168.58093156398,18362.9903274392,8054.73942897891,8374.36125477613,20511.9697845369,15007.4716029601,6906.22423413396,9776.05538041447,45295.9194754809,26901.2278678025,16303.3167312493,12312.1998010589,8887.58311209589,9477.54070375999,6019.20921150157,29330.863255416
105137.332264672,35428.6793609881,6565.43841992317,27431.7061147113,26641.0734614932,36160.9192954092,15273.5604895336,7712.14808984178,35829.4804450402,63425.3829452279,23843.6810718053,17525.6282767632,36881.6541668535,24604.2781400892,17374.9917722993,9672.65347523179,16653.5160167918,38605.3557399303,973.838411724236,735.400216126095,3814.5933312132,7262.45220727913,5907.44726293298,10899.0827045344,13586.0646815832,11338.128303496,11822.6500313771,16159.505820528,21978.977257451,21004.7040026116,26832.3936778814,23952.4910469854,14154.8784564746,102.338346047346,3315.53194243429,5756.9983615012,6243.84577472829,17011.2510061762,19936.4769680013,2304.33848778392,21136.3489033991,12900.8145015434,6162.89483695642,24968.0009047334,23853.3276187755,27644.1112204676,12594.4688108477,18904.3754349448,4859.57791943523,9854.1552378154,17112.4673131368,43843.440123069,429.023253572527,20209.8225882584,585.596487800048,2694.5197758396,10876.1621828049,9996.71375135005,4956.15393121782,19569.2416674614,2250.35991503312,9564.10863676552,3697.65564450302,16713.4167490325,15502.1206331854,17203.4336227532,16430.403967444,1640.18558981682,1268.53034733656,2544.92013459442,3929.96381623809,17093.4756434605,7100.55646761087,7992.39988627474,17415.0153193734,13556.9856629405,6882.48981628958,7424.35467406588,32587.9382891985,23345.2395427928,15273.4334622032,12010.9868922869,8194.28289456398,9255.64792044333,6002.0510540837,28518.6201240348
108503.401002477,36352.4989559318,7082.72688001953,28805.9410238536,28086.8942654952,37507.3512338991,15964.2808451935,8020.16550454695,37817.0232855603,64470.2635214172,25343.2025857945,19485.2692854226,40950.4937113598,25975.8016096777,18347.1241194903,10176.3456591349,17035.8438055248,40206.9773009423,1081.23421435931,2361.08007315337,4249.56302013178,7602.01907437114,6085.2459902108,11722.7981848535,13974.2027083882,12456.304984539,12268.7037303993,17420.8760646305,22785.4422875899,22182.4425936001,27687.1066852403,24735.3983969085,18608.2505044786,373.272947556312,3773.34726903832,5920.6489455672,6412.16469090993,17973.657598065,22635.6353145186,3309.55463239539,22972.7928052424,13699.3121177548,8639.58070417472,25762.6055314337,27045.4199056709,29511.1960058754,13323.9487677435,20371.4015736867,6108.88458014085,11896.3471817775,27092.5003404117,46642.6215763642,2346.12095299573,21200.7054405212,2441.33325947035,3205.32766075743,11461.5376635956,10354.4077640854,5211.74680881051,20144.3109552942,2623.36079704226,10677.2512392115,3921.64369309153,17750.5065406088,15788.3099223021,17975.9300367106,16687.9486708015,5736.71974160161,1676.79497010537,2620.5337406093,4135.97744020612,18350.1958840687,8515.15872361715,8375.97731055296,20024.9867273615,15000.116085814,6905.22517233586,9574.8979332897,45161.3379645366,26582.4849579016,16281.2110364686,12378.6191488437,8883.19511815667,9476.59776489949,6018.26891642681,29326.9182360619
107086.428611758,34910.6529209555,6622.94777270965,29021.570836735,27676.320273014,36666.5055202399,15925.84252185,7984.34735205151,36527.3396773618,64491.9315908877,24897.2416420919,18840.9499126609,40922.7286203858,25894.8175856154,18318.3437879993,9778.7742770114,16990.942272529,39003.4292308153,1070.07019243506,2167.84496206581,3975.50504707615,7235.70017771772,5989.0347808394,11387.4057193069,13790.3809163409,11787.0748087738,12206.0084766699,17001.5150937755,22602.1462285926,21387.1765916153,27458.360472108,24620.6260160863,17121.8510289356,366.202720937444,3849.6495973284,5941.54472332113,6416.54916319953,16482.5230673484,22620.5010643885,3057.66796213362,22945.8383346897,13272.565099215,7312.33255246043,25918.7902695365,27061.0513769966,29347.6800302672,13299.3469853401,20334.4305378111,5867.79263623053,11551.8148758933,24237.9306382851,46665.2292883573,2158.36586688706,21174.3951993699,2297.67778018262,2924.85906248025,11113.6158215316,9995.16716709436,5168.64128443214,19838.3420679645,2555.81655153946,10089.4686391891,3872.46710853343,17203.1925268683,15762.2149694618,17868.1680173729,16604.5228685807,4250.10457993396,1669.42910497321,2614.9663806879,4123.71487980878,17843.2265582436,8191.21721193983,8353.84326428955,18634.4233941214,14843.5366665267,6888.92527509853,9213.98381715233,42153.8085415745,26439.2525600848,15976.4174472865,12347.2429463547,8851.21922188596,9177.70221829623,6017.66451805059,29171.4136726742
109330.43288001,36403.0533001404,7083.61393772438,29329.9679202652,28111.9674764276,37510.5034283991,16038.6653626257,8133.55322440446,37841.6417895555,64258.4910491831,25497.6261170995,20185.1879932937,41217.6942375358,26011.906267378,18381.5857961033,10178.2820964885,17057.3981806033,40231.5657035471,1068.6005126973,2301.43132627453,4256.45537573588,7606.09398482041,6102.64730751747,11731.7854570462,13986.0670635612,12515.0363603846,12284.972826019,17427.7344759724,22794.4328079191,22203.4288824825,27692.377774294,24739.3750314475,18431.7334676905,384.032503220311,3893.43042876653,5982.27801499475,6499.78455953841,17988.4286307858,22677.6126742903,3371.61580758286,22761.0469887462,13739.0950337976,8138.0876225401,26157.0812327774,27293.7646768754,29678.8705953603,13333.9322251952,20757.6185902323,6294.36411231358,11973.1149855852,25501.7428963141,46885.9829450352,2457.45474747606,21214.0251260325,2349.50836360897,3235.88374588615,11480.0461034056,10359.7984340667,5240.33025813778,20148.5763175662,2640.92121328157,10755.2755127807,3924.91895668936,17756.0857496087,15809.8814844666,17977.5809205933,16691.7072989484,5559.13635077607,1686.95687435864,2673.79501333454,4174.58770413609,18364.2432717955,8597.16991463833,8376.52178731025,19519.4439926485,15039.6190034138,6907.27036858595,10124.7033952196,43634.7497456893,26935.5702999065,16309.1374048492,12394.4988177005,8920.86607947334,9478.51871107658,6021.12513780862,29335.679801384
109297.912743564,36377.4449218418,7100.5860859591,29321.4111961229,28110.2025540024,37505.7444735426,16031.0825293626,8133.37361416512,37857.0811614431,64548.4376607314,25414.9684906644,20189.3822811005,41200.6706878897,26007.9866079851,18360.6168693913,10177.753848387,17057.325254976,40226.0294279948,1081.93113674596,2063.14636593708,4249.64834682643,7601.6795518052,6085.84447971935,11717.4121450104,13979.611399258,12480.2630693174,12272.6473950826,17402.8172056396,22767.3567621405,22194.1976737734,27662.3325187038,24738.0189145012,18689.1560339088,350.478086228541,3886.22158882243,5978.73509187647,6493.1877806827,17978.4077228473,22676.8509776954,3370.62524046284,23052.4658435477,13731.3549432039,9398.41987157904,26122.4460175578,27309.6653061816,29646.7109428031,13332.8807181227,20694.1420680293,6183.26012062759,11893.8448728174,26923.5674329171,46564.340477,2254.65368419679,21192.9805552559,2122.56131527043,3206.98160777846,11381.9965793309,10351.9894511766,5176.73592818348,20137.7518109057,2636.1123005487,10723.3278139548,3912.52437955193,17714.4042047979,15808.9062012188,17941.2581528355,16689.6318375315,5818.43200704118,1651.98803538294,2670.26919344917,4167.82286415785,18350.7756355083,8585.491764765,8376.60366071598,20792.0000386381,15001.3591443487,6907.78106573841,9934.61136726208,44993.8040791638,26383.039730099,16185.5405662903,12340.2635730779,8889.52132533881,9477.42479827354,6020.73523601384,29294.6081712991
108587.844710375,35930.8018967495,6958.53555066651,29178.0724160513,27794.2413956337,37339.1529687927,16004.4507408462,7990.92042956914,37266.414733327,63793.1590961583,25082.5418588202,19192.0698924803,40323.0417928379,25811.8618595993,18093.2149119647,10076.6919519758,17017.7384011571,40055.5340205038,1013.26202937443,1456.14717867854,3934.9875521746,7261.53573057417,6072.93061460291,11574.6499334932,13906.7692533839,11600.6786867383,12101.4027604556,16641.5764065068,22348.847121883,21886.2035877149,27366.0669253332,24624.5333744775,16845.237057916,168.741394451501,3827.36692214297,5811.12547538187,6327.83428694018,16977.7008720155,21660.3283459058,2702.97321088962,22276.6968869522,13409.4476722805,6119.98913997128,25512.3683349618,26521.748015156,29062.5420860221,13290.3080307581,19930.7824792629,5368.91446708973,11551.0187444827,23606.987199244,46433.9473305894,1676.88166576682,21054.840051272,1415.43543650865,2840.57102674259,10891.2168707185,9994.43199654989,5074.01540960294,19755.1343068359,2429.70998245303,9662.91130612914,3719.58606904534,16726.8142121832,15493.6211409064,17596.1527533821,16393.840103035,3937.93888716804,1492.32085354545,2587.77033144051,4003.6471847073,17072.9233549978,7756.21964564221,8316.74762213079,17498.7476133744,14493.6260660753,6897.10662194213,8436.53976907096,41206.0049732476,25632.4178532184,15559.9627868995,11990.8688169085,8381.43602085498,8678.85202748304,6009.73263724072,28721.8302085218
108879.801298588,35495.0213248445,7036.84354256559,28774.4789693591,27417.6945122093,37122.5599560025,15891.2738151609,7852.11751423277,37567.6216604621,64299.7871770049,25177.1559225339,19390.030471851,40292.8447828349,25522.4471727259,17775.4865272503,10073.6933942613,16842.9677877014,39844.8461922309,1079.83908271976,1974.32982831821,3889.19412017919,7470.69045672647,6063.73004560892,11532.0324665786,13823.0292761307,11400.2997694522,12100.9165763578,16608.5050486002,22561.6831985983,21938.6749157205,27553.5567511181,24486.7598435892,17957.884732943,356.283703308203,3622.78403809248,5878.11093011347,6182.63029319685,17306.7121888101,22242.7060978013,2903.72522687127,22752.0181206403,13583.656140381,8840.24787414044,25578.9083584962,26708.1338852546,28965.2360055019,12904.3669976629,20195.5089712944,5825.48717588886,11608.3223779602,24306.0768005989,46011.9746075971,1223.84126311132,20337.4621776477,2120.44648180419,2574.40130349071,10966.5687082073,10230.9581805093,5063.73058597933,19910.216593106,2533.32196820877,9876.53628897654,3830.32085038988,17438.4892729801,15656.3442280799,17826.9087035126,16656.9177922013,5134.72371095291,1634.08444880141,2599.15017523673,4067.24716735972,17463.4704652488,8031.92962751846,8337.0686326552,20217.5517322775,14653.3557763011,6895.35780548595,9011.90327361325,42191.3280308372,24257.9277777683,15521.9274461207,12174.6669116054,8576.96291370444,9441.93516214471,5982.79833923077,28897.2440171978
109244.338569964,36319.1609101276,6909.60335326905,29296.231800667,28029.2839068901,37472.3224704112,15708.3385167219,8133.6341175182,37808.9582571052,64515.742081061,25380.3746599448,20193.1490246487,41007.060229959,25965.9382239687,18379.2788409414,10151.4910546524,17053.7581015371,40148.2462762953,1071.60729395319,2320.11971256079,4043.00548235443,7587.57633166929,5914.43644951738,11689.9496122854,13960.6518180702,11924.5810260793,12254.462763776,17162.3232856896,22750.8479982507,22165.309429938,27677.2913623224,24735.2837367267,18388.9800845132,386.973204846552,3893.6244380282,5979.54791251768,6492.76442933583,17482.2914364664,22492.4888905769,3384.03538883233,23053.0609332946,13687.3725500919,9400.36571040389,26157.3240155267,27181.5704806484,29420.6065587272,13311.5973088327,20759.0596168082,6290.30795319402,11925.3588162214,26720.2056109601,46802.8251584573,2022.60028809347,21179.9436755832,2458.76026669453,2946.56851874036,11408.3296248029,10353.4540254382,5236.3854370222,20146.0683333154,2616.08852868003,10160.1157355459,3920.64162756182,17507.2347627832,15808.1899437411,17969.9676267547,16683.9206196358,5819.24657426775,1688.02320706908,2671.04846634949,4168.32039785257,17700.2526923864,8610.53491155815,8377.48822913156,20794.4927272557,14904.0756206583,6902.5619805461,10115.5644388368,44745.2848980539,26466.4416566844,16235.8925616558,12394.8611053575,8915.9038956812,9475.81556474557,6021.3674861117,29301.8469856698
109313.562477867,36289.2135971388,7095.61131302826,29252.551043869,27883.8237574883,37387.3168307948,16035.9330031242,8112.53713448916,37693.2487564273,64542.1800144538,25478.7306874436,20049.7669405398,41185.6628019717,25990.6345126086,18274.9005981615,10170.9389896939,17029.5269891855,40147.0333182584,1079.75980110699,2283.1281819453,4001.33990533475,7589.42149434827,6092.50551667286,11723.9144060349,13940.2087442284,11744.4193208397,12258.3044053483,16817.0123003088,22302.7309875791,21962.7507273231,27610.509768167,24693.3696637694,18674.7516414766,386.929302425357,3891.35846760485,5966.70515826665,6473.70531415986,17193.5131945515,21992.179439647,3308.2052296026,23039.9469035667,13735.5643286106,9356.90161809709,26005.5220376457,27167.4176224209,29138.0322743935,13315.1317342161,20735.2624871862,6136.23651700465,11950.6435737694,27090.755565443,46695.0617715819,2118.52289210574,21013.1643852228,2454.94005697017,2794.22348982689,11186.3764315037,10347.7158118482,5182.06329755811,20142.2846712626,2568.39167979942,9868.35252409177,3891.40984584892,16965.410983826,15545.4110866701,17938.5694255156,16672.7196859033,5806.78821345896,1687.86378626921,2660.89031432924,4151.33485494158,17019.3819844087,8529.35652418024,8363.54135497543,20750.0026512794,14393.6368609738,6905.83765858843,10009.6451270271,45167.2853936031,26217.5902827726,15935.3755003858,12339.2875055101,8691.33215359435,9468.13624855084,6018.62341460038,29211.5547498027
109345.441367283,36387.1862078756,7088.48498624377,29142.6124486914,27293.5995340485,37090.9703667364,15990.2667151804,8042.08957200841,35526.4597274203,64230.7138180496,25287.4300414366,19849.9414130693,41099.5910057779,25848.2300657961,18239.3467111666,10166.2635983975,17015.7830898792,39926.2990020046,1081.98511455883,2348.08008874988,4088.25619296927,7585.38285511063,6099.02972289454,11701.9955092328,13932.530283513,11991.1063338194,12244.2870649772,16833.1691537213,22771.5304383954,21579.5341954625,27571.5732642524,24618.1432723538,18663.9742364449,344.012447390181,3810.59461434902,5973.28140543023,6439.6848488538,17092.5259607711,20930.811337919,3288.34214507852,22701.9141652422,13605.199418151,9366.18590596471,25796.8723949256,27019.4362927536,29538.6310045143,13262.5796701047,20571.3443801466,6288.02452250273,11971.451928379,27163.5574223524,46483.4883399298,1966.69052616289,20905.9616897332,2457.44305972423,3014.34139534517,11368.2055989021,10353.6750142095,5181.77417842054,20136.0337837578,2623.61835303064,10346.5629399449,3922.13924922416,17609.9648132472,15809.0569060324,17879.1137897868,16689.1710529393,5799.4928212146,1687.92271759867,2672.01967888931,4170.31255646417,17992.9912921778,8513.91232809855,8377.38582638488,20762.037967868,14746.7468884938,6907.56512793212,10120.7900600188,45302.819135841,26073.0874025932,16191.5129481567,12346.2297429495,8907.45541138592,9477.2476432902,6020.27507330826,29309.7724252446
108289.238784353,36297.2122600916,7084.33194610849,29281.7810440306,28024.2028162591,37474.3623141064,16010.0824384358,8091.04083841748,37830.2819428183,64112.7347245385,25410.9642864508,19751.5353901492,39841.4437895212,25698.5613642759,18364.3572627469,10174.5220213962,16971.340060075,40193.9675705363,1027.38601824618,2311.91944504436,4249.51247333293,7586.59337118769,6060.27730088978,11666.0347793125,13923.4754524692,12440.1043811675,12193.4669515201,17325.0716163183,22641.8838372873,22191.4180337365,27641.9702865337,24710.7833588254,18689.2987005383,229.539467165072,3598.27651301259,5907.09262783499,6446.95467663353,17963.0218420418,22689.4758376312,3381.89906412212,22564.6827091058,13740.6629222354,9271.94661870628,25990.0496079397,27224.6999504929,29083.1581635756,13051.2331262478,20000.0720305092,6069.75541483681,11520.9716493487,27008.1097684068,46292.9783781273,2348.64995286116,21126.3152178794,2327.24979362177,3140.30243522022,11271.5224443574,10353.209894256,5141.25374690088,20084.1062865194,2361.73196876841,10685.0874237401,3828.16978169268,17724.5808454416,15651.3482171532,17936.9958388668,16686.1525768223,5817.64131994639,1356.42079305236,2614.80053965328,4065.71712741203,18354.9422244404,8605.1764451011,8361.67790968088,20631.9114561587,15017.8603672092,6901.75037779438,8999.7115253174,44504.532964237,26506.2388610822,16016.2926423872,12356.5600063825,8585.29635137506,9458.19946968544,6017.74858805863,29255.3968162722
108973.315941486,36313.084343722,7059.53213826523,29307.345784382,27805.8340551592,37391.5378523855,16007.4025727282,8100.47631472733,36938.655986371,64341.3169402302,25404.4747435083,19873.5418557379,40860.5093524214,25859.092331232,18335.7322550509,10168.3844070138,17003.4124670767,40095.9065617682,1069.66944937635,1767.87557495059,4173.30350134848,7593.67702515161,6082.38735256649,11718.5450794799,13951.6590747931,12044.553097342,12260.8410816913,17175.7195726789,22769.7677416857,22006.6435118241,27627.2259063065,24655.0712610014,18479.7667201884,361.007307938708,3797.05846528057,5877.20109787429,6344.04086108913,17638.4394940971,21862.35254877,3380.53850431385,22798.4536785992,13733.4416209197,8469.56198720608,26050.9393126302,27246.0522869509,29481.8512493466,13210.46121903,20385.2951445392,6233.99698431867,11700.8954328615,24621.1197849693,46660.0424330933,2387.87923558653,21169.561694575,1831.2433393714,3141.40282926441,11189.4080599317,10351.06994857,5221.13611165807,20105.9729546383,2626.37221313594,10298.5568505235,3894.92713515466,17631.835285935,15805.7462831554,17931.7508051594,16680.4214122232,5613.78334564599,1672.06969102804,2576.51862382959,4008.94988300613,18061.337624848,8601.4197931384,8366.05578112311,19857.3350763069,15010.9182389529,6904.90491633641,9656.40628153197,42361.5519224722,26762.3262047953,15831.4222045237,12358.8053101794,8888.36939548393,9473.87942517933,6019.99611756613,28956.1866771835
109269.560846089,36343.3385069274,7095.66486294381,29318.4083383577,27688.366979247,37425.3357637818,16039.3154130172,8126.43943907425,37805.3872228749,64545.6816324835,25451.7070500148,20161.572925036,41157.6105740573,26002.9323307476,18359.8296646491,10155.4629781294,17048.6651573591,40211.3099119426,1081.71256686561,2391.10593141452,4205.53928805259,7518.10747509619,6057.79740314046,11713.6975548293,13966.5881004673,12475.8662839785,12281.6481445365,17195.9377131632,22607.8735713107,22165.8771327119,27563.9191897432,24568.4307080456,18689.6353098721,386.954331140092,3879.875622047,5953.62503345904,6495.47136226995,17932.6398196684,22691.0255765151,3383.89217965154,23053.1712835809,13713.6242575824,9400.23355517921,26127.2995587193,27301.7888216143,29613.1292853412,13325.4875257905,20555.6753862718,6256.80852141784,11924.3166533373,27164.9832915285,46770.5010376675,2361.49192017657,21179.2568678753,2456.56385950773,3174.86790295108,11321.9243753656,10260.0961006919,5210.13379977026,20120.6428137301,2632.35504199867,10719.1619293125,3923.30840800569,17740.7732394554,15808.0565367257,17966.3849084901,16465.9936153805,5819.30861388147,1686.87016233912,2660.68024987541,4142.34782858985,18338.1086371922,8609.03153349151,8378.03466443182,20793.9195258825,15016.9726349214,6906.81532585865,9893.51076571475,45254.0188065507,26692.651740729,16147.7958873654,12393.2550454547,8900.41167797204,9471.82786010322,6019.32643780054,29308.8865516949
108656.970237325,36359.992641997,6979.05589852296,29217.8399503296,28023.5460949242,37090.2107985825,15912.3057220991,8126.41191076115,37116.4189286046,63971.8721356308,24592.3404198498,20148.7014294278,41136.843503898,25920.7756362844,18350.59228426,10156.9784447332,17040.7947309494,40198.0824814396,1080.38094065269,1856.06800694927,4100.71310448693,7527.60207642376,6076.47034377983,11550.6111516048,13950.4405676839,12092.8735036105,12270.0640365864,17154.1363303764,22518.73471619,22038.7609179389,27645.4842712642,24712.507608847,17661.6509212698,374.946752302814,3824.58291318695,5967.62684495375,6494.21345589219,17198.4906280662,21474.27057395,2753.00799888879,21691.298288976,13695.4509651851,7285.413342493,26088.1369226777,27208.8156913742,29464.8278016542,13328.0579993636,20435.5345531067,6166.35890785423,11827.491105062,25295.7672817202,46629.4060341371,2285.66110829008,21122.7708774803,1939.37490196509,3051.77558780307,11465.1253610796,10280.6917456433,5133.58583487841,20032.0059905964,2614.89757368644,10355.7709000995,3921.31078394159,17219.6519881647,15806.9719799673,17941.4799932103,16663.6843608773,4819.18852742668,1680.77429679403,2621.27292113753,4162.64499703145,16937.3894519546,7966.42232782767,8373.54629555856,18612.4764437785,14870.9138695301,6904.74896287452,9686.84425866646,43151.354830849,26609.0683943442,16260.0242755069,12275.143903889,8910.97426359664,9442.98534325941,6010.49351427144,29308.2241215695
109317.57069084,36191.7084028248,7092.07250317186,29314.171042447,27919.7466351837,37203.1747098598,15981.507555094,8117.42580672716,37405.5674438255,64547.6517348998,25264.043517374,20094.7285988071,41167.2172387885,25974.792274949,18327.0615145938,10069.0854518876,17022.6110597879,40188.4776182055,1068.17263274011,2372.12087730109,4125.71967762685,7199.64966853865,6071.37202279642,11548.3817374886,13902.2301451719,12136.4015139251,12270.7575026425,17229.5718087112,22707.4025504086,21768.4688429821,27643.0453024339,24597.1299649924,18264.6506481657,314.348634744703,3886.2800263426,5942.4813591327,6471.98517057998,17189.9917684679,22478.3606613544,2631.10160601994,23051.4509689462,13523.7275683407,9343.51298561518,26093.2282209937,27062.2733387258,29604.5495120381,13320.01481529,20620.1621543667,6237.7376158592,11905.0333278105,27160.0084263579,46851.085863526,1978.49386941615,21168.769319254,2405.90422041582,3113.05138943926,11408.4759425694,9935.13856894818,5104.82442434691,19904.0560454668,2622.31107548217,10387.0387479833,3915.53713016369,17503.5213221481,15805.4910983709,17915.7281397129,16542.167285685,5443.70062339125,1616.75196331,2664.84864370245,4129.34583274322,17808.8172701058,7846.93908426857,8365.46475757309,20737.2722649521,14791.7214086866,6906.06653677544,9927.5963502754,45234.9186242837,26397.9040233796,16231.9180263548,12253.2448531969,8916.08871083957,9421.90093915153,6016.78616204753,29306.2418020517
108744.052086121,36143.0097075379,6995.86809179373,29169.3381604096,27550.1821326502,37001.2573837261,15580.5548381436,8064.20226140869,36974.2778668641,63712.3505146119,25316.8212155034,19698.796257202,40820.7203533426,25655.7915076427,18117.5827866952,10091.582021434,16994.6189642346,39955.6505920279,1077.69985278585,1644.2432001266,3956.0092528881,7273.96426361611,6050.97854769416,11264.7812123231,13572.4323166428,11812.9011854106,12144.6229740398,16979.8596854396,22377.2680999208,21573.1791660042,27492.3346459108,24522.8678784115,15921.5197102768,366.893076616107,3834.30126341048,5946.33577448929,6394.73513416504,16611.2307515072,22039.4083798961,2804.53498777319,22570.2685469679,13627.5965963126,5722.37969864174,25816.5779512121,26619.6211282155,29509.6763560047,13025.8608169095,20533.2079298506,5881.60230854134,11736.5712510049,24412.0977737739,46534.9751140056,1645.65331267472,21099.6234631197,1774.05780618478,2901.82925180546,11308.1934770828,10032.62697738,5091.36975191411,19420.7851570794,2595.07671442349,9955.52081044769,3905.09448330984,17268.0965153069,15781.5900911648,17828.4371519432,16473.7294967935,3450.31250450922,1673.10999531508,2656.01714810867,4119.81973792682,17182.8965940426,8007.08999834178,8352.84631838487,17092.2990435806,14727.0208972141,6900.86738921853,9620.7540588908,42283.4746382562,25941.8001664563,16133.3650686011,12271.711910831,8889.47346031998,9444.6669834638,6015.63824824027,29258.1857798763
108438.108153502,36043.7586756921,6810.77038380701,28424.9364163283,26985.9563903618,36628.3743192265,15610.4236853909,8046.65526926789,36469.9091819527,63070.2550009382,23408.1747801681,19426.9498803047,38222.9579029405,25011.3821983675,18028.1488055863,9667.37866453445,16631.7790299607,39334.1266869257,998.590143760608,885.706081709041,3793.76550923556,7295.24284730984,5955.57696997569,10880.1345166086,13704.2452913783,11405.7529722883,11948.7797779918,16196.1934676603,21485.7576209083,21712.443819863,26561.8803085866,24050.5496052948,14637.7920302566,134.004133304823,3590.45277631329,5818.66178314392,6312.71377806017,17012.9109334431,20917.7057772738,2368.27274897005,20043.2860725083,13262.7240881893,5094.64505650332,25030.6677842455,24449.8863074481,27600.2699729813,12798.1682969473,19499.6944005231,4958.4396197314,10526.1158221089,19739.3665223187,44216.8048766749,673.533362681015,19730.5292819664,947.735947746481,2554.25037485828,10795.4440054484,10013.3764871881,4498.04029460165,19427.0747797181,2220.83171938722,9941.8475203475,3689.05804019618,15988.464414477,15664.2889973952,17002.6511620485,16229.9707245411,1957.68245696557,1295.40870316558,2560.55369478763,3968.86996798308,17065.099485897,7447.5366027472,8275.27477329666,15865.9484424735,13352.9889056059,6850.11402078823,7657.05792126778,35918.1035803841,22972.9362319865,15356.4382631977,11488.5225535025,8234.62283153193,8795.16103784402,5939.19102154243,28291.660149819
109011.604825969,36343.9189390209,7095.48526707478,29188.1402721172,28105.2649077922,37442.0704450789,16035.0025500798,7913.21826357697,37845.1726291776,64426.7126071975,25443.4301418555,19796.7276845929,41042.8470694516,25918.4028722285,18356.0496733894,10176.3371580971,17001.0890118771,40224.8723957637,1080.91328859096,2221.08096751664,4254.05108949635,7604.45354307798,6096.81944030692,11709.9075652147,13952.8044083086,12417.2822423411,12234.8015241342,17392.8857434711,22760.6953058678,22201.0082912883,27687.1637894525,24684.7632436631,18684.4952302956,371.797211549303,3616.00680003967,5960.58999371598,6492.67831732624,17985.155226426,22681.240850244,3367.40943252854,22907.7474439783,13743.1105147779,9357.35282809113,25926.0085805599,27207.7294956101,29632.5947364887,13251.2289461601,20116.0527430704,6212.27547433297,11856.5693252757,26412.9271426288,46847.90416802,2078.75374779958,21196.6367927864,2282.55759281392,3227.42696459297,11471.9708870049,10356.6053259846,5212.33853927633,20145.0906528784,2495.35024016653,10750.1831863934,3856.57988113869,17721.0397680525,15797.1954922539,17973.9226276553,16689.5877964958,5814.63404928893,1673.09657566942,2610.25891179184,4155.97486167809,18358.5209707849,8592.8749068759,8371.7370138003,20749.2282085533,14934.088654161,6905.31364656298,9399.8366682661,44395.4984277021,26530.3254293526,16293.7991334856,12364.2326830068,8767.7736597624,9473.88996337494,6020.36105161265,29279.3797236909
108530.361364628,36387.0491946866,7034.309809573,29112.126010627,27526.0377223585,37011.2947616628,15953.2050654258,7857.46948804904,36972.6085820016,64031.0454532132,25331.0065953019,19552.0373421128,40475.0485170614,25605.1179945706,18058.3891494054,10168.6311839289,16998.4709070453,39792.454936123,1053.36537306971,2244.62023826852,4001.16637082968,7578.47774906212,6096.05351564806,11724.9884800766,13923.6758028307,12071.4236202791,12260.8248261897,16951.4296697455,22303.2479701177,21813.028720858,27553.6010834705,24651.3324977142,18682.8318224975,334.642491379958,3695.58258792519,5929.95596224756,6410.77705764037,16640.4991639555,21913.5000667152,3381.80532639311,22925.361162396,13638.5665920295,9180.02595123138,25760.7733965375,26684.2057703258,29152.2315823176,12957.6865927069,20470.5656798059,6166.70481645223,11942.4706302667,27076.4536361917,46410.4287108583,2248.90974569545,21122.4144048642,2353.93444018747,2931.60635889287,11469.7922464509,10356.1431985776,5237.54556324147,20137.1270649598,2582.93147689046,10358.7574425635,3913.76406027476,17317.3659983382,15734.6368300974,17974.9787592599,16687.7311887323,5818.26329611696,1634.7012182496,2669.97695876384,4096.80063927767,17083.1425391382,8603.70013539772,8376.60229230509,20537.8791995726,14862.4704883281,6906.34376846498,10015.5422185955,45213.79719924,26621.9197523164,16265.5833900234,12381.929527843,8886.52015979768,9475.3909144745,6020.91339626058,29282.6500551896
109373.688556637,36404.2018754463,7103.9740163926,29341.0876724338,28035.2552981377,37487.8145726915,16040.6642728489,8133.56926854432,37769.793108114,64548.8700410407,25494.0751433265,20194.8694533316,41230.7818851229,26011.5270114201,18381.9298767655,10178.2571875883,17055.5806326859,40231.2783784033,1082.07663516607,2387.19575376227,4202.35153993149,7603.4738739485,6102.08028105879,11732.417764665,13984.607614568,12268.0699773894,12283.2490023159,17295.2065275848,22756.7792247948,22138.0924498839,27689.1697738725,24738.4824898602,18690.7693193973,386.978546838334,3893.75431133329,5981.84503478289,6497.93858102895,17621.3673705317,22557.6033882888,3384.06937872083,23053.2619949457,13746.6133788463,9400.73827688035,26157.8429159733,27307.7547402745,29660.9454913904,13333.5007623392,20760.6218724005,6292.88744647079,11980.904651165,27165.5012986393,46888.6174996598,2425.14131782987,21202.9183432497,2459.09637019207,3171.26103431615,11475.209672074,10358.9890394548,5239.93716923823,20148.1363785143,2637.73732767371,10508.3490304832,3922.53527309053,17621.3019771022,15809.5603796197,17976.8148082732,16690.5409489116,5819.30861388147,1688.12848452776,2673.5219424502,4173.27782500838,17950.9048963027,8610.79015906062,8378.62880172604,20794.565233758,15020.1884892123,6907.71398829727,10122.3038091083,45308.2407682538,26891.6149181369,16302.1860246848,12394.9134018604,8920.61606731772,9477.84181756666,6021.43070176092,29328.082052255
109259.744157131,36375.4668839108,7100.44746362418,29326.5374753131,28111.2649594992,37470.2922263737,16039.5371130876,8109.5618906162,37843.0562183084,64150.9566169754,25493.7558757928,20117.1709625704,41110.6215444561,25887.3437831136,17767.8132232544,10173.5826646519,17032.9950634979,40204.6564128758,1034.43694901373,2251.33521051123,4253.59114647959,7593.5233471028,6101.98919231305,11706.4058732702,13965.8762378045,12512.7515897469,12277.9096956271,17394.2455442941,22754.6833191346,22198.7789947325,27665.7810437945,24689.5727162398,18685.3457172412,241.19291509755,3863.61324625777,5950.42862324358,6477.8738949626,17982.4139039691,22680.6376772886,3377.17205650755,22652.4979840075,13739.4009317767,8914.47565689881,26105.4841040211,27298.1952059334,29595.1097945069,13222.1881430331,20063.0102117512,6171.0611015891,11908.3477149308,26988.1145177105,46819.6865898473,2429.90167158135,21207.647562325,2268.84679684561,3231.93987894221,11474.2704708345,10346.7550793841,5231.87333499943,20118.5504883851,2637.04354630248,10749.8635285849,3918.85314427089,17685.4091275532,15807.9895246704,17960.3891434264,16666.5935953674,5813.44293403655,1537.39855333496,2671.49054208305,4128.72530849895,18356.2514969467,8603.04205001955,8368.04634684534,20261.34447403,15032.818423879,6907.37355921476,9888.78391161759,45046.4676059671,26901.4543446432,16301.1910863045,12391.7864494507,8917.51428210046,9474.48577670893,6021.08690867829,29317.3504212042
108992.301403119,36236.851300565,7005.99771437608,28963.6435638736,27870.308851691,37243.2176962239,15939.4717872021,8112.97000651753,36920.4282856074,64258.5639793069,24951.6696845149,19702.709340193,38748.4477510285,25345.9139604123,18329.6429097427,10115.6037595735,16975.9064242489,39938.3502073844,1061.78331046453,1481.60808420519,3933.81586989644,7553.2768684451,6054.06011474737,11433.3846768954,13798.5203069967,11705.5503649494,12098.7058885467,16859.7912610259,22479.4625047254,21820.2956656623,27570.5366936238,24616.5215377877,15630.5739350239,333.113244460954,3811.13446052327,5944.9951928368,6431.98135007581,17085.6722196033,20704.1055901826,2731.58796315972,22719.1373168739,13335.480004251,6026.77872662027,25868.8374987071,26621.2049446078,27023.7017056323,13020.4608650259,20210.3807268534,6100.99842118585,11287.4364577048,20427.5556700361,46293.0054803146,1325.81324487359,21030.9086332114,1617.97383345023,2842.86441318691,11177.1375269854,10310.959468666,5008.26612276408,20021.8464227713,2456.94760963198,9925.81131870404,3847.97496259289,16983.019867435,15799.8678984223,17875.3036644654,16657.8719698348,2728.21686267979,1673.09236424777,2584.53819105253,4128.48110162758,17467.1749662281,6880.09277986182,8320.14705020386,17337.3953747296,14557.502638346,6901.74883125909,9296.70826527511,37837.8691547439,25391.2128752025,15851.2640497114,12222.9880229707,8661.63507441961,9463.94652646047,6014.52716405875,28974.4686392234
109274.202634762,36388.6037788889,7098.75542674586,29335.3056978649,28111.1898724437,37508.8593161213,16012.1438654101,8114.03877431073,37839.8952673622,64244.2042270554,25494.6199765098,20069.2100276557,41203.057262456,26006.0582811752,18379.7938854731,10177.8933749503,17055.101331807,40221.9494277583,1076.64619476954,2368.48658797913,4238.20575048332,7605.20678666182,6102.49391809804,11731.7202195814,13985.2849182473,12247.6372906945,12276.8564256099,17083.1585076526,22630.051652242,22198.8715159325,27680.7512422143,24736.4432898844,18532.5898542739,378.027631568431,3864.43868053576,5933.55658760585,6449.35251155007,17644.4514301194,22139.1754276981,2833.02577654683,22747.9116211663,13741.3490902662,8839.46076549762,26116.9158625974,27197.0426971382,29645.5713621621,13332.1911345772,20576.9159920622,6183.9995636186,11874.5181962252,27116.7662346194,46882.9996034307,2252.4464298127,21153.7508298121,2435.23612795054,3199.31449506595,11438.0225379863,10356.3112911624,5133.8440417907,20147.3410499916,2636.66961224866,10481.4181233149,3910.95118062198,17259.3550964473,15807.9690118715,17965.3299917835,16687.8762828945,5658.78329631372,1680.80774799065,2661.160267798,4101.68569818791,17496.928087898,8048.09082894229,8376.84493723535,20224.3758193695,14918.3012019607,6906.00649962446,9813.72244298499,45135.6686799973,26668.7465725731,16250.3290747864,12279.5335140574,8915.86594779533,9476.15057768009,6017.12787405064,29285.583610096
108427.481041188,36174.8739051502,7057.03447488695,29197.8324642768,27897.6872545779,37222.9520034506,15952.5186993968,7941.99626937124,37416.7401528917,64544.829622183,25444.3837065292,19622.2238200401,40729.0252169427,25866.2719628992,18310.7346882829,10170.7507649298,16856.600617354,40031.7795286441,1081.37466056726,2316.10999053507,4108.19553249713,7591.51664796221,6101.62995686941,11717.957671916,13976.1348281332,12104.8591041666,12049.5090767958,17137.3613643143,22241.2844479124,21968.7323976816,27454.0475104433,24729.2289343593,18447.9194555597,368.590297784861,3709.94528800051,5939.34527976613,6394.58362520381,17163.8042399802,22348.9985382452,2997.01380605705,23046.1197146539,13699.8294636339,9030.63953949965,25528.9424916493,27151.6316826558,29587.9760410185,13226.912370549,20499.5657851953,6041.21384939968,11735.0591420904,26583.4529382031,46623.8692513211,2320.7199990731,21172.0213200747,2418.71443939378,3055.78570670506,10982.491224141,10341.7154561969,5175.65548782458,20100.4579168196,2274.40623273805,10306.8106067817,3688.12106219953,17393.0466188388,15462.3720522474,17841.3996936823,16677.3613313762,5568.27276784636,1586.87973231948,2651.46710262592,4135.14726124716,17621.8927143702,8198.31015088468,8361.63154331059,20054.1333278223,14970.7987346152,6901.26032086648,9557.38843104395,44519.3384956643,26748.7994676343,15786.0006695794,12280.1967754731,8505.75510788307,9433.64137988677,6019.4302864535,29246.6651351564
107103.131100367,36136.5458374261,6635.52601452276,28702.3385525113,27809.6014868543,37371.6031167875,15806.1381448608,7895.848132301,37106.6628821958,63212.6956052317,25408.8711328586,18438.2821938668,40928.9763473924,25727.1829062323,18182.5883986398,10165.3029107414,16996.2504472265,40035.8862497015,1007.22113209538,850.450409515518,4102.34971957502,7593.22612330201,6089.237178598,11712.7067325098,13964.8299673046,12188.9979394278,12255.003329451,17281.536541638,22394.8512455006,22027.2707213939,27566.3317300747,24712.3085998793,17330.8472611496,132.289667276651,3668.85330575062,5847.2609831068,6379.08717331311,17744.0703571502,21555.4552687237,3124.57931505449,21694.7355548098,13705.9607824063,5344.40899347969,25435.3563957138,26928.8631250449,29534.0011945536,13249.0214380058,20165.6330924159,5351.26016616976,11347.5005145557,22852.3155952308,46525.9719053721,2109.85367498535,21180.7686958647,868.554258041365,3163.65074448125,11448.4689230866,10330.1827206814,5186.62594715377,20119.7726543883,2570.3529126351,10279.1867127427,3902.44543392865,17575.8882122688,15525.5152718873,17972.2033467716,16683.2459115898,4440.52107478946,1473.7487642236,2637.07768058644,4053.87069487684,18034.3907381371,7951.75809440019,8362.00880433875,16700.0105499958,14865.4969650517,6902.70636708784,8793.1878051188,40340.9945792546,26398.7950001246,16193.5151620855,12313.9318305596,8685.17840776004,9471.66274969687,6016.67196379589,29216.3655968338
108163.307242367,36192.5692363768,7000.98154296679,28652.8525467125,26862.8050450459,36509.3370060646,15907.3668544963,7433.75273609709,37113.5420330965,63602.4825836298,24891.4758038078,18954.370760804,39327.9418064598,24799.2680302935,16968.5552059454,10122.4246431156,16799.7193028063,39960.2185644096,1060.27376450196,1862.49111163689,4151.18764895862,7346.17481701943,6053.5638502561,11378.6196494175,13122.2476362644,12024.243582048,12019.1102425064,16301.7430325393,21717.4808345416,21814.6773291942,27192.6030030915,23307.0995847202,17535.5094503905,249.112011274908,3448.77400382626,5874.71277278278,6289.84211828702,17473.9108367751,21733.9613973106,3010.41531708814,21771.7689895519,13575.6822719442,8594.75688814017,25324.3065058537,25978.371240497,28220.361361392,12346.9012121902,18947.8213915322,5423.21156521122,11522.2370813359,23769.7635724496,45852.7101287944,1638.32696505496,20937.0723159557,1928.83077967271,3142.22262547824,11354.2260429723,10120.2499052865,5140.13502113097,19258.5227374204,2265.9278254158,10253.0433095773,3739.37782973865,16794.0651212219,15471.2106361781,17909.9696034327,15667.6479355059,4692.48332927689,1580.06941467568,2647.43556208042,4046.24328770002,17624.2926439215,8166.65845932172,8318.08962495101,19964.8847355647,14227.4895500172,6886.75241624005,8790.47394453547,41020.0189201031,25732.2422448319,16177.383911889,12312.9111067354,8478.91865664784,9436.59901657794,6018.16255362671,29209.1253146866
109373.440581749,36404.2389452736,7103.89903820492,29340.9563240623,27827.516149668,37468.1132327314,16040.089257304,8131.56786957488,37743.606851235,64548.8637755141,25495.3779792679,20183.4227463213,41227.3561048117,26001.4931714269,18381.5649137704,10177.3922874165,17045.1648958467,40230.1953324438,1082.06162561849,2391.33083956479,4224.99662079406,7603.1945706809,6101.88803666318,11701.8046127273,13984.2457515509,12258.2314009212,12279.5758962118,17102.4047498147,22751.0204699901,22064.0186932562,27283.1932101878,24734.2577188523,18690.2002547801,386.978546838334,3892.59022586199,5979.59206963435,6490.1006181349,17597.3782988524,22503.0005016418,3384.06218622276,23053.1458570686,13747.8923834685,9400.53269336757,26146.5483398201,27304.7022269731,29665.6055339818,13321.6477085105,20760.6717231028,6292.16979668313,11971.2416653633,27165.2324849548,46876.5560400141,2427.01558701732,21199.0572695257,2459.00623542239,3196.95267001423,11476.3619733538,10358.770066295,5192.15530449082,20133.8854360754,2638.99410596979,10493.9680586059,3924.02471824043,17566.2976123553,15809.3472166834,17574.9147486179,16690.5837422898,5819.30861388147,1687.09199617355,2673.12962700916,4172.56149566634,17891.2584197471,8610.78295834269,8378.48469549068,20794.1802144258,15023.3868376004,6907.71326959378,10113.2192788442,45304.9131689519,26889.3711202721,16301.8443903405,12364.5961955372,8920.3619939661,9477.59562419495,6021.43070176092,29324.5693487767
109166.342130403,36366.746143206,6989.03788398579,29140.8224207429,27111.6688314248,36795.5392998396,15821.9630523673,8070.96302623967,36723.5085237944,64427.7288578762,24970.7832392813,19978.302611892,40502.5198266748,25577.3692388269,18322.7157724567,10151.9301664194,16957.4518515464,39630.1025664723,1080.35014552786,1824.91391607816,3960.98155901226,7559.738048659,6068.3633258228,11659.1826701181,13897.2850303788,11702.2277313398,12219.0746421963,16851.4913755745,22025.9299692614,21294.090754829,27479.2412143389,24650.3568915335,17778.7051667246,341.770673247958,3754.9120815259,5965.42368901481,6413.7743095654,16279.1717569875,21742.5915989664,2605.93016968027,22638.165094559,13621.2855702628,9176.97783149877,25959.3479579027,26917.1713229474,28403.1059989688,12995.0083540063,20668.6464888251,5920.17961788007,11830.8361874651,25748.6988934617,46043.5755142299,1915.26457724872,20983.099024859,1981.97903275333,2880.50760163119,11349.2215618688,10342.6660757685,5166.64108588668,20130.9324174095,2554.17361885495,9978.9046240488,3898.19308875472,17114.7353982937,15654.5153679489,17960.184242128,16682.2717701447,4951.2324906574,1647.65327175331,2667.48600191624,4145.56591872598,17024.8194670434,7604.84241398226,8373.95102625887,20571.6230554759,14160.7987698406,6904.10899081,9716.40134601364,43752.0518849548,25986.252243687,16163.9591692235,12322.3526165312,8872.93620707322,9471.1707695463,6020.5944576733,29262.438496369
109183.587789039,36389.7477219384,7090.83330304921,29299.4465261614,28061.5295568109,37323.7215184714,16016.537592878,8055.72407183133,36687.536399221,64476.1367971301,25120.3446709444,19799.7680985708,40973.6393554714,25968.5779681178,18374.1967912838,10176.5900115055,17046.2756645989,40173.9737211825,1078.09037998505,2342.62399107753,4103.6278515734,7592.49967949075,6094.03569923039,11726.0898097208,13969.3710661964,12193.6971269512,12269.3599826562,17325.9263382575,22791.3186626625,22003.786195456,27689.3223354514,24738.3634968184,18214.330415991,321.155058099946,3845.50486570376,5913.54918758955,6434.59271541837,17433.3599870482,21775.2012991828,3382.48456173413,22981.5466533048,13381.7963645772,8740.03741846175,25932.2124035336,27119.9254682949,29464.5186330286,13324.2187690432,20394.1715836645,6191.13300030126,11892.4777686317,26945.0721125727,46738.9456656119,2188.9658531569,21210.1948377071,2454.27326505078,3029.34759270365,11479.1367138211,10354.0443129974,5236.93291067949,20143.4853302899,2624.92491208971,10408.7359651152,3923.27167886734,17676.782755119,15796.0425915783,17976.7702122345,16690.6993704466,5343.98233990586,1627.50094590633,2639.97182230465,4121.47023550159,18066.2012986961,8609.02288236533,8374.55550622405,20133.2327892304,14959.7271070346,6906.24861577584,9657.88630672725,45002.7690857276,26577.343763031,16307.889300808,12394.3184663982,8891.5856136069,9478.03754095873,6021.36541965127,29331.0496280165
109234.633020769,35606.8862628028,7012.24777691648,28269.7943839459,26620.3121227047,36301.1505410881,15850.7533012708,8098.4401957415,36616.0771477758,64059.4976068718,24812.4381693085,19959.7523179607,40834.6943255905,25784.6327813019,17961.5473841933,9918.56044265244,16964.341883301,40090.0468108384,1027.0579777059,1602.2740235945,3869.35991060659,7154.70329985003,6042.32502603467,11215.9915474079,13766.8461096702,10884.4567544077,12172.0542759604,16062.621145193,22636.7109029095,20838.5538478435,27560.1998619443,24341.6414898705,16439.74816374,217.626432033053,3886.17297478078,5929.36738128368,6401.60493042478,16232.9380191984,22242.5010610405,2553.8829869557,22543.3997762977,13084.9212773664,6120.34430828197,25388.4208013795,26995.5480315089,29242.4517913182,13181.835833662,20618.1280123229,5794.73596170622,11811.3128834218,25316.5029278036,46489.8176361276,1752.22559831679,21083.4252762136,1700.44450924572,2779.99262643814,11223.3648142737,9934.04946495874,5099.72910867896,19572.5444612742,2570.65383498254,9923.77918238397,3898.9591893204,17096.9814632694,15782.5670646896,17840.0660045832,16554.7748794687,3738.00310226879,1525.5001342987,2658.7963832644,4120.39584174992,17355.0583712135,7743.62321534625,8338.37152662303,16941.4007297921,14709.8071324787,6903.87900019216,9500.83287648691,43200.9067770708,25862.9083677792,16071.3483283895,12148.5426781786,8867.7434771263,9285.51249813801,6015.62188766049,29193.319913917
107659.372088953,36281.9667007545,7066.65107481927,29291.5172441253,27572.3660705984,37413.7405942832,15675.5550668188,8112.79359241565,37527.1235068222,62951.7914381768,25447.0944577348,20079.833323271,41069.8215650134,25810.2713765792,18336.6732644827,10169.1388368047,17008.4688894926,40169.2596341851,1079.04203425732,2256.49222110282,3944.20034210143,7554.94957731155,6033.53686478699,11635.8426886179,13860.3169951239,11887.8228834196,12225.6324851314,16600.1763337126,22558.0147671276,22075.7876198016,27556.446088993,24554.8965644832,16501.9043897428,372.24624518177,3877.12805911677,5941.89076035149,6405.97397589259,17534.1146787393,22051.4265587796,2397.72541728416,23012.0708206599,13711.4290478622,8447.15783703048,26029.5385303627,26781.1927173156,29555.4861487747,13194.154426385,20659.9504212157,6216.99894489977,11866.8402829543,26785.769530818,46456.2777087463,1074.43588993978,20480.4384194795,2450.72167496948,2696.84701897068,10960.6691145898,10283.6329122341,5034.90647429548,19990.4094337529,2616.81649831217,10111.9717687407,3874.77598277497,17163.6791449188,15804.4160037627,17871.4166397501,16601.3822753513,3918.0142836243,1685.33592681307,2649.19754103777,4116.21053273202,17803.9753623669,7303.02756314146,8353.73123442405,19831.9712544832,14514.0347461017,6905.1288611287,9943.68831935403,44745.1448629517,24451.7561469763,15691.8678118794,12227.7616689989,8866.18385053682,9465.878490731,6014.07564259616,29133.831915071
109203.062642705,36380.538719417,7093.72395822947,29316.2866703095,27805.0261934549,37382.0967358411,16029.2450140942,8132.26158082148,37396.1371532832,64545.8313230956,25213.8827690301,20091.7373679263,41096.4828687068,25982.9694390553,18374.6910367333,10176.5189098135,17040.3948389434,40221.7744661465,1081.24598215381,2362.64021268446,4116.88258600503,7594.95028812421,6095.40186164575,11725.146438688,13972.2924266863,12051.3703217585,12257.1125044907,17004.3922210089,22721.570041215,21970.822252146,27682.1623708387,24733.4064280237,18682.365105536,383.842492918542,3841.27804345859,5941.49138934596,6483.4996443668,17065.1160614524,22427.8779142282,3380.36637995508,23050.3346930136,13525.6340547983,9325.186569173,26135.77552989,27177.7250189837,29556.2118450053,13325.2770187384,20333.7747905066,6163.29427656409,11902.617079664,27050.4832358406,46860.8138954891,2288.38003532833,21175.558084894,2454.70613881742,3058.11532535343,11474.9434530417,10337.6507693598,5219.14701178274,20142.7354908569,2619.92405828205,10293.8204186225,3921.22642226162,17452.5601879467,15808.1141756703,17975.2128262236,16689.0112881511,5814.27170905689,1688.04021034687,2614.04112499137,4128.91423081235,17651.9782704837,8589.9905744195,8375.88731277245,20739.8189083108,14887.2169363798,6904.14560269087,9560.53773754515,45113.7834648192,26715.3644372838,16294.3758487255,12355.432052092,8914.01548976923,9476.48805357527,6017.57590681862,29315.2278228714
108727.329577322,36384.4491046927,6847.63678040169,29040.8433036515,28081.6613746881,37363.7565380349,15976.8680068462,7892.9374005148,37067.4487922019,63587.4911623981,25107.2462594588,19352.4270610121,40985.9906323757,25904.2863085899,18160.6345116563,10173.0612197501,17048.4856700145,40042.0904658852,1036.01965205371,1729.74964690465,4103.33220526914,7598.84976783884,6099.86745288683,11716.3891713474,13865.6041085799,11892.8683007294,12266.6912257201,17142.4912655773,22511.9870015383,22154.1835822354,27615.6512460709,24619.052562012,18262.3642536834,332.575296174095,3672.48047914682,5922.41852093451,6338.3921303486,17446.4712748879,21224.5537791385,3327.6015739427,21791.8984610486,13651.067366637,6882.07804358211,25642.8862312349,26962.2337917294,29390.5553058629,13300.5315372306,20383.1910818078,5998.66914245606,11657.7444949895,24961.8711952748,46631.3565024687,2355.1515494367,21109.8083408354,1797.45652048435,3038.76326615422,11302.3980698633,10355.4006755241,5221.77155155916,20131.417736476,2626.86225265241,10136.578313566,3896.69557958673,17233.3763767416,15791.2692892668,17898.592333372,16685.379240633,5389.26650452393,1612.22992493067,2657.08228809313,4121.12280529837,17073.3238520782,8551.65229616803,8373.94737862446,18257.0736435548,14797.0243319875,6906.21378647594,9632.67658567935,42758.6128170788,26716.8223853857,16117.0602417794,12364.3621788885,8880.85431103891,9475.21922019636,6020.52970887988,29279.1064333161
109370.705907817,36396.356450675,7105.45062942617,29338.74088741,28109.7711283714,37509.4635360776,16040.9156384099,8133.70065733511,37855.9777931906,64548.8702723309,25497.0622061384,20195.69525156,41229.520923784,26014.5993399615,18374.7983346758,10178.1304965151,17056.5215992623,40231.5790642859,1082.07405836228,2396.80221470236,4252.6377899379,7604.36997207796,6101.84550295741,11728.681549197,13985.2490470991,12486.6474550862,12284.6478574806,17413.5262612349,22793.9207895119,22201.7253645686,27690.561036298,24739.6524330252,18691.1710782059,386.978546838334,3893.74435893015,5982.34185063839,6499.94638789492,17967.9080145673,22690.8533073307,3384.07505334564,23053.27282548,13750.5687187493,9400.7049543747,26157.6255794751,27309.4026884353,29675.2301834879,13334.4064661539,20760.6642507113,6294.15922056074,11983.0099477246,27165.5610280515,46888.8326261146,2426.97382082083,21213.8360173423,2459.01000265015,3231.06003947067,11479.9638368963,10358.1064457262,5239.95210258145,20145.139102841,2640.69421970658,10727.3770878,3924.76375360839,17743.7405247141,15809.7333736164,17977.2860905435,16691.5650015911,5819.30861388147,1688.13148818462,2673.82779385243,4174.61672003823,18344.7937656833,8610.34395501827,8378.58086520643,20794.4127923914,15032.6198761227,6907.88315070665,10125.5328295242,45315.0764999911,26901.9058897475,16309.2606722586,12394.9028982442,8920.77777560632,9478.44441624125,6021.42951646296,29335.6697424194
109286.510700594,36348.1331116151,7086.5855348669,29315.2043387862,27803.9402951002,37192.4640058489,16023.6237348908,8131.75376847474,37184.4445257974,64165.1683138129,25308.156499852,20159.1651589145,41022.0601000246,25960.8291861563,18338.6253824935,10170.3327444863,17035.2745644518,40209.8053200204,1081.58488356834,2321.25087935082,4074.38218562549,7570.04329562877,6092.2139488415,11669.7744195121,13936.4417343439,11740.7815336293,12197.4660147565,16866.9111412093,22502.7556770612,21691.953843334,27600.4067166239,24709.7386739856,16679.6025756664,378.691762621573,3893.19855262793,5965.64470734581,6469.04204758947,16726.3776835928,22091.7614027658,2881.69745042123,22651.7734606004,13607.3820074245,6406.57610940182,26088.7558000202,27035.0615924299,29281.6068832522,13319.7927060532,20744.4479354136,6267.22917088876,11927.4082216937,25817.8768549868,46618.9254193557,1497.83066494222,21067.5525710732,2444.44762846205,2965.26685655193,11274.3930757524,10325.1243835796,5099.17422205134,20062.1135169132,2618.33493958821,9924.07215172529,3878.52315616451,17040.7886496127,15804.9574241713,17895.7888909839,16660.3055209774,3806.95296622044,1687.82800024614,2654.12994070485,4147.64153126927,17204.4356300577,8075.70907816914,8357.15142401063,17783.2906529427,14545.8528409908,6905.74277864455,10047.0087952232,43857.0532380324,25608.2849659944,16069.4270919789,12241.9557067535,8902.28976251784,9469.19127170317,6014.94748370815,29209.4651560243
109167.689103319,36396.981795643,7043.4585937988,29065.6817691168,28073.9693611953,37398.2691038358,16014.7034434987,8095.38789592788,37773.5301531581,64337.0025657155,25387.5474528116,20054.2240016219,40922.350006884,25956.3078636245,18372.0235473827,10167.275238895,17047.2368345738,40191.467477729,1082.00576254033,2397.07347171544,4256.65096445917,7586.21702590305,6098.25004609261,11655.8438720908,13960.6429070566,12370.8265099895,12226.6090972837,17418.2277744368,22773.5778498487,22097.7699353434,27683.6445175787,24649.3089484577,18388.3326886667,386.319502702041,3890.99070300779,5937.25556007831,6487.2752161586,17977.8646415563,21949.1449685358,3135.26355298692,22758.3276564447,13741.8436635241,9177.2782288111,26016.6827687193,27207.3080820879,29434.4239976798,13313.3095988459,20715.6235366047,6276.65934699017,11952.4154545218,27120.9906052103,46823.824481952,2302.12806236674,21137.6573439138,2457.55036297237,3223.95454204166,11475.463913821,10340.0339686217,5134.54086173762,20123.7656695293,2639.11931256333,10700.3540183396,3922.12476989353,17739.1785756771,15808.9300237028,17976.4434446192,16643.3305531051,5510.29716748761,1688.02443244332,2649.62152227876,4174.27790180256,18363.0878205401,7690.63109082946,8377.87149730907,20571.2362728876,14996.9030876849,6906.96876027307,10090.5232427984,45254.3289012183,26690.6734010138,16267.6281130561,12336.2243784991,8919.42175641697,9477.73626230028,6019.20276016108,29307.7362782033
109373.680821384,36404.2085230331,7105.69564098679,29339.6654524421,28112.1420927644,37512.3799322243,16040.9925366085,8133.7491701442,37858.2498656996,64548.6989562958,25488.242661838,20188.594759321,41162.2422304805,26003.5655801031,18380.3528040173,10178.4187694174,17048.6158900552,40221.9982437254,1082.07604565006,2393.21527265548,4249.36368371476,7604.16713284125,6102.34224089468,11730.1882571517,13984.1674723686,12343.598358222,12283.0794234731,17368.0291107763,22736.4975476232,22202.752375192,27689.4365579369,24739.0611998499,18691.0195503071,386.978546838334,3893.7351256999,5980.87745520205,6496.76755570841,17895.3126399235,22651.4201343707,3384.07226968207,23053.0880950993,13740.6266482359,9400.72670476523,26149.5441525193,27236.7292164769,29484.503982233,13325.5341430134,20759.0666647818,6291.94389636093,11982.6691416502,27156.1503578493,46880.4204227729,2392.00533278324,21193.4710016809,2459.14260322024,3223.46521248273,11455.218099977,10357.7218319962,5239.09068948333,20146.7324542205,2639.65297443536,10582.7229105855,3922.25137502473,17641.1925426992,15809.5886045201,17973.9165400914,16690.672542735,5819.23058103165,1688.12809033244,2672.35235862201,4171.45228821377,18230.8849217597,8610.7882757007,8378.4220703122,20794.776683016,14839.1712703608,6907.81790217257,10122.9327184131,45300.2919289358,26847.9474164675,16281.9913041865,12394.5940262001,8919.56706251431,9477.65377995512,6021.43070176092,29319.8921354655
109325.097537662,36372.8681266815,7104.12506614032,29339.7990482589,28111.8924786747,37511.9877575855,16039.8467340105,8133.70723070682,37857.1024279296,64545.2100420408,25496.0492857588,20159.493735945,41204.401864958,26010.308468621,18374.4018322884,10169.4440846575,17056.9183241122,40219.6429756468,1080.38838893874,2383.84329495765,4211.05877784197,7576.38493395405,6098.09534872929,11652.787781428,13923.6805893094,12489.898323463,12263.2101487009,17412.4822584635,22721.194904488,22196.3528048461,27623.1666233023,24569.6441841106,18690.8883477008,339.705102390668,3893.04632749269,5955.89329838252,6486.41083524947,17980.9212971402,22673.416288713,3378.32519957819,23049.137269382,13751.3848824531,9257.23316937324,26153.3506440688,27272.5827149879,29672.1843469461,13331.64708255,20748.3717281426,6172.39941064292,11908.8507513702,27032.4707078816,46653.9987281067,2446.30822046768,21197.2004692107,2413.15103836212,3231.29008271848,11401.397019285,10306.8636473525,5220.93296882627,19998.9046029937,2613.28890001983,10734.2446952476,3921.66746683873,17662.4983734239,15808.0297336304,17939.2233454916,16472.8520497637,5811.95096162143,1641.44782434887,2669.13548500836,4132.27719682304,18359.9069294151,8590.18030440592,8364.33899419219,20649.5194462671,15007.9073499199,6904.64101985341,9969.73193033983,44890.7271549255,26894.7242879862,16141.5533948474,12336.5813604675,8854.09160777926,9457.92135155114,6011.14856185857,29131.6518120561
108803.731257836,36272.8680554721,7053.30681568012,29230.2659548009,28086.9437968284,37220.9019761174,15917.2783553445,8124.65280641559,37687.6145963063,64410.6876152242,25465.7228460503,20183.3254973722,41207.9811563697,25972.894670622,18324.7743550406,10122.1240424804,17035.3388954827,40186.2512126162,1081.19248675089,2386.96869725897,4218.01805884914,7585.33310690668,6069.18894235976,11639.2639782082,13978.9392019236,12346.8123603335,12275.2640311078,17139.9592127393,22668.0487282709,22182.6041050021,27624.2016036725,24697.6751986877,18673.3446538224,384.337784817384,3893.46065858717,5977.44614851959,6490.42341233499,17751.4668816661,22282.1665949979,3324.17110509766,22914.2888155087,13736.5895158298,9074.87979075559,26151.1452189664,27297.3636595672,29579.8320944553,13330.859199788,20721.7713350483,6291.7108945645,11924.3077063514,27160.1461044325,46873.1655059261,2427.78533925361,21191.9128524922,2456.17414311442,3204.71261407132,11431.4627024571,10337.5370232571,5215.52226497885,20137.3407476713,2631.12408188311,10608.1636067212,3912.46786842024,17358.3798540736,15805.9251130676,17967.1245270798,16619.7806226425,5803.89614543959,1688.01940406306,2668.46611916024,4165.30334475439,17786.3828103759,8529.12916110308,8365.12638337676,20459.5949482219,14939.3793125671,6906.45869499503,10101.6700316274,45275.6722097881,26879.0033949259,16274.2206728029,12364.2904463171,8917.77779518132,9471.77006265495,6020.15868620737,29283.07579324
108510.925738345,36237.6902350908,6914.6730336789,29148.9553627525,27806.3963527493,37353.5623223926,15783.4948437749,8031.35040953109,37666.8602311574,64028.0917641749,25418.3751833667,19470.2000969892,40433.0746822525,25842.6332007882,18312.3958450104,10162.4489597735,16916.862544154,40015.5434809154,1039.98177142109,1982.38140238635,3950.4227760568,7584.23960790742,6083.1428277964,11684.7728914957,13969.6532468721,11665.8039881029,12182.6282179365,16741.4542900426,22350.027560137,22107.9848735202,27611.4112578031,24645.2600132439,16883.8359711052,287.78269464901,3640.21152921118,5900.99158097914,6393.80438694794,17303.3400889875,21878.5454877482,3188.37315580691,22501.6564368577,13693.5281650871,5847.32818805338,25807.4444289517,26772.1561242789,29142.8554255163,13204.8727429397,20119.8830014932,6083.15470026344,11675.8408807386,25471.3559196288,46443.6409128038,1411.10717581119,20929.429048962,2096.6401969858,2906.35713710892,11287.5026229952,10337.3549905029,5171.66248842061,20128.8651504483,2423.61239650229,9930.19180525169,3829.65265372164,17086.5040676153,15616.2068257227,17947.6203253595,16647.5856120192,4117.73600053199,1594.93697725056,2620.84702340119,4070.82118640182,16974.0182791651,8402.39356656186,8347.12356643088,17216.7228411127,14553.8304518108,6899.11697468453,9290.35645833443,43276.9600987379,25413.7011271684,16090.4832536053,12328.6377580205,8677.11125040671,9460.67688507831,6018.2067345975,29206.293071897
108849.658974971,36386.3382293265,7003.73109841719,29029.2296668543,27809.6756030507,37419.5932608112,16013.4335173838,7877.09872132505,37830.0539564006,64505.1271198308,25348.2653347855,19197.3726821059,40058.6194773484,25875.2987271096,18171.3153204063,10173.1147183479,17039.4828360297,40066.5518646408,1081.84503287717,2228.63346234478,4229.42941267905,7595.33882889268,6091.90172114252,11724.3632352505,13969.7190195569,12413.4597350417,12252.2877027778,17200.2031519248,22574.3220196948,22110.3770964921,27613.868049053,24727.1007334124,18548.3356381728,371.789563582337,3781.83179218194,5851.73324891977,6430.6754040313,17940.6340393962,22660.9272496623,3381.93109526054,22946.423626015,13721.4312928907,9158.72102242027,25018.0260917171,26011.8410551893,29451.2251970229,13210.6510821832,20645.0905043402,5959.67220271586,11925.3076123912,25312.8285557976,46528.2141904188,2153.41623132853,21179.162564516,2294.78020851299,3193.52567001106,11400.6570814309,10353.9376363274,5234.43040719384,20135.5894151865,2605.89759277296,10571.7929214017,3893.70405783603,17656.2174060021,15674.9340872061,17974.8909178895,16690.1282903464,5678.13116396812,1673.15637236944,2599.26067533711,4135.90416631382,18311.0858582357,8603.20420235471,8339.91212515137,20233.2379053665,14867.457435979,6905.98599095654,9861.48720744986,43348.6510169748,26412.5407387129,16207.540424988,12387.6076089214,8712.69819255307,9475.37598772254,5999.81958558201,29117.1129441372
107201.887303497,35234.1976172332,7038.10854682047,29106.3563151052,28015.8766892478,37379.7205599467,16014.17251075,8010.40522639256,37713.5369214304,64503.9974077649,24783.7861715001,18418.7315777271,40839.0677504968,25982.5195001247,18100.40524492,10080.3085920328,16917.0500499841,39512.6229847829,1080.09945469943,2348.14804011839,4211.07757515518,7559.27138738951,6080.94328384899,11709.6993963988,13982.3754607216,12399.2237363143,12170.4168394689,17357.0092760203,22459.104796424,22067.6611602169,27570.258647918,24669.9219997602,18616.2251436239,378.846201383567,3846.38840511919,5933.57812404935,6454.74914854439,17838.2526273669,21959.3900630733,3366.41865146928,22308.787987569,13739.1559371419,8722.88685567994,25775.7898172546,27183.6586506553,29613.5021880004,13332.0891309385,20270.9655660816,5913.81422285809,11782.4302436057,25856.8873127302,46750.2836046619,2110.42201889073,20989.3353593507,2414.15963666962,3194.52687854343,11456.1424869423,10310.0324464543,5209.66464014986,20117.7534545399,2258.03691652492,10434.2790670924,3816.81597339809,17657.2391245412,15427.0352403641,17972.5357826012,16686.3481416367,5686.64751620195,1685.80040483235,2626.80189572612,4156.67643058463,18216.8646078631,7877.59177715611,8358.0494007247,20114.4417994754,14940.5359272723,6900.91994681861,9330.77685281017,43730.0077190325,26315.8927947063,16287.2064514196,12360.6288394299,8309.62304067319,9444.60088407586,6020.27426784387,29296.7859783454
106780.03826722,36130.1480471712,6710.75539331837,28279.5709031344,26677.8419742038,36724.7036916832,15816.8483502422,7840.86506880801,36333.7872341729,63678.0574629939,25133.0064838384,19372.7932613469,39395.5440062666,25349.4121529049,17788.6447472908,10126.6061064174,16714.635942247,40122.2155559149,1054.34727331303,1887.59975714027,4143.27676144381,7552.92658648576,6071.48470971694,11561.1471214426,13890.1079260636,11898.8443315914,12079.4328006353,16373.2510655635,21947.3009796634,21675.876303372,27448.9849668423,24626.2598282519,17967.8253863648,291.594193203724,3776.48866493697,5885.31081696455,6195.18836502233,17097.1343056861,21572.2299285637,2785.2715872966,21918.849887438,13694.8569517277,8155.18412687236,24615.6989385968,26925.7775514366,28358.9566765736,12805.6405357843,19788.1704265592,6101.9442117653,11575.2412804794,26209.396169519,46283.4163911333,1802.88335192727,21118.3691934574,1914.99843689916,3135.32161830595,11337.6472907047,10290.2849635456,4955.11855211105,19903.6917013565,2287.38275057552,10400.5104237222,3720.04471643793,17270.4390585335,15413.4052500231,17931.1722870616,16673.4960523731,5157.97921286049,1640.50788718949,2615.8017214358,3641.78889792403,17999.2441771073,7896.04034950391,8346.01363571194,18478.2720238863,14669.4693115291,6894.10303751356,9486.10514068179,43882.8314688378,25803.5690999477,15969.2623088705,11848.0223612563,8380.39401614625,9433.93907715369,6007.24320936313,28750.9976782342
109277.406224052,36380.7948974519,7054.19037727884,29294.2756333161,27318.9388065673,36920.8842826872,15928.6601191589,8084.3426472541,35757.6905937144,64174.8680331949,25384.4627125901,20046.012858051,40792.3840022944,25790.2026022581,18359.1195625659,10165.7100675548,16993.7310875871,40069.3754419586,1056.68098091986,1831.60725094879,3984.6605556577,7576.75551803672,6085.72855240473,11605.3043722822,13906.7974218737,12013.5487417812,12273.535854672,16774.302128436,22692.9189852108,21306.8374723953,27605.4831312504,24659.5986359299,18244.2555537523,311.408716942555,3871.85095333413,5963.4271735613,6413.76740011225,16593.5404179378,21020.3568686184,3186.20282910368,22685.0901258652,13662.0496266753,8906.54414649511,25876.0837269775,27028.5546656093,29331.4017476869,13184.8504395038,20711.4264831826,5828.77003736002,11638.8184724525,25524.6950406262,46485.2340886882,1760.85748807882,21094.7411074918,1943.7197184072,2891.21692065039,11444.2392797433,10348.1042759801,5099.34320540051,20033.4959528569,2620.1625625384,10187.768224529,3922.30399933865,17440.6816668399,15776.9308755342,17919.3540746227,16685.3698725183,5393.56834093475,1646.14238249621,2667.15506407946,4139.9844528608,17490.4857862419,8302.09917942528,8376.24122706882,20158.276778843,14893.3890268897,6906.29636826843,9517.34918244014,43442.873374139,25947.9776766937,16256.9271525409,12313.322582773,8783.26207649941,9475.37757502077,6018.11040951224,29244.9239799771
109097.266989212,36318.9084897469,7070.21112688631,29205.1361380881,27846.2218372673,37021.9074241347,16023.0843004904,7926.0298455396,37281.0334894396,64540.5730403312,25400.0959422966,19943.2307726633,41108.5359427687,25953.0346685606,18270.1891928434,10165.360918109,17039.846530597,40210.0595410527,1081.53781976632,2317.49374856963,4051.89560922945,7581.89627301862,6055.50472366763,11722.7574903765,13953.0257970864,12182.9628017868,12186.9427332854,17231.8037418893,22247.2892231685,21937.582751719,27529.5206932812,24600.4627225217,18674.9335856339,386.653903669561,3870.77444668254,5972.52716899628,6440.5940496725,17049.2187076474,22671.7177299615,3376.16039657581,23043.2534079445,13674.9152933767,9386.54731606075,25973.8004854821,27191.7339817435,29549.7864909546,13314.1077772598,20713.3809366837,6195.54040052001,11970.885731291,27127.9964574332,46695.5659266068,2095.3294475881,21176.9785638264,2438.60012622207,2937.60660426982,11354.8618555336,10349.8253022798,5210.58279355639,20141.9282199179,2542.01228167734,10424.2875508225,3888.32105355995,17591.8470422004,15394.2891511349,17975.6106031712,16680.5459508789,5804.24758371915,1687.63667161711,2670.22422586021,4157.07901614371,17958.0578030467,8604.0714006385,8259.09139132022,20793.745129674,14972.7395220868,6898.26050649083,10050.0188762196,45248.6728197299,26351.5206310876,16152.038401293,12391.5860681112,8713.79872880568,9469.63114169193,5950.0267249751,29013.144285402
109301.460001583,36229.246815328,7085.2345994059,29328.7861975944,28095.3219444454,37475.3318241197,16031.1834954461,8133.5061356473,37810.9388625659,64310.4095012583,24954.5988385719,20104.9287619722,40909.409483945,25969.1028532325,18358.7937450835,10043.0512883315,17051.3130904867,40211.7472559409,1080.98064104788,2189.62875598273,3575.56435236055,7547.47016543674,6069.22995427117,11723.1954661201,13958.2628617645,11974.5796333693,12267.3357714366,17114.5857289806,22542.4426207137,22170.0032220194,27593.8926625666,24590.3308349195,18315.8111884308,381.261528044357,3889.84723586193,5978.82313162636,6494.56378724766,17384.0307328429,21739.9162302886,3132.01422057767,22813.2783514959,13216.9021819333,7739.18653306819,26129.7035644563,26699.1496657515,29389.336158678,13325.1789883352,20738.1871716917,6265.24211874206,11883.41723077,24714.6281865806,46844.8094605906,1968.08588756749,21040.1795329228,2348.49208084471,2860.13251098009,11036.3257136287,10248.2506240574,5105.55017541279,20141.2951669091,2577.84732772899,10250.9532794852,3921.35966162611,17169.3395345686,15805.9953045412,17969.1032338371,16476.3819267112,5411.69346229231,1686.98137176142,2666.33431526057,4169.30085664606,16918.2815659685,8295.6746244214,8368.59257787117,19143.791414714,14485.8360835077,6904.15627348667,10080.5816864531,42737.7190142423,26256.022362471,16272.9424516952,12221.400253534,8918.53382189333,9440.7261100933,6015.42133606882,29299.8292243006
109327.685766856,36374.4188647237,7094.5902698841,29327.715083004,28072.3618734628,37454.1522699534,16027.9938453179,8132.82962689619,37812.4949637055,64544.8200164735,25305.8261997667,20144.386495663,41115.5316397008,25976.8636113522,18355.4145993891,10176.7055322464,17039.8363946129,40091.0575176857,1075.31628915695,1915.74173464417,3915.8567854088,7590.77436430746,6094.58322533686,11697.8556504808,13941.5040336107,11885.3089468621,12253.7746834127,17031.6496689022,22432.1594472248,22142.4154906448,27682.2100241515,24724.5721131903,17913.8419276155,384.42821916478,3888.64687128633,5978.24931197334,6493.55138043763,17281.0213262232,21141.6425160773,2844.46545693325,23046.6649031964,13585.1472595871,9082.63410905423,25487.8724300693,26715.0358287524,29230.6734445711,13304.6287238332,20753.6291700607,6286.79040553968,11832.9738901053,25086.9698711376,46156.1861944003,1672.6296682457,21065.2141787177,2099.04195525647,2754.95039601876,11466.3795584149,10348.0161281179,5214.24436182831,20134.2290866284,2588.13508453895,10141.3734170028,3920.74238686665,17008.2848930672,15808.0957716479,17969.5597699623,16681.2889923966,5042.73313978323,1685.71342216112,2668.47813735204,4168.67884959054,16155.429415568,8066.41018918459,8365.50915160845,19824.479545856,14136.2918645354,6905.41048431455,10091.4691746186,42617.4925171081,25889.7592146638,16273.9748428608,12391.9661112722,8913.87237303791,9475.04316903884,6018.79341332603,29290.9368423541
108295.962371241,36271.9740028614,6839.07078174746,28206.7937011365,26241.4860299155,35310.6826220476,15631.3873289846,7765.44365194939,34813.9314066529,63543.2637237982,24718.7865578909,18388.3823542519,38170.7558135111,24765.5372204947,17412.4170559309,9657.49452615296,16844.7856050693,39198.9854905955,1036.28477490679,1024.40807412902,3826.89112154547,7239.92584369681,5958.99971290387,10595.1679200893,12749.8883620631,11282.1949120481,12019.6378882393,15671.2605718503,21592.4067668482,20112.2637189283,26996.5377714692,24058.6638095153,15649.6874418556,169.823852769385,3385.74217617071,5843.85961543849,6159.51957638343,16283.2306674755,19107.712569676,2902.62222318185,21758.3327841415,13345.3566488051,6188.99996964191,24625.1778828414,25216.2169635873,27180.0430852785,12310.8111430751,18988.9649117507,5024.00897055456,10389.0442094784,18738.8382570446,44773.4251428014,1331.1214128576,20119.9180631666,1159.16365040782,2637.30248480688,11158.7727769833,10001.9491669734,4523.24911395274,18151.158532264,2443.17570679149,9598.68323614234,3879.44599369049,16280.7774901016,15653.0577238524,17318.3450506524,16574.095564928,2786.47719718735,1457.36299717755,2585.82775176101,4012.46517706425,16336.0278194768,7426.88198383036,8322.2771816595,16970.7784011331,14187.8575859305,6811.68895629584,7924.86444567442,35165.4143425068,24505.5097618771,15772.2977910104,11363.6162167731,8500.53851926284,9378.4729371914,6007.4597036018,28997.1287879853
109149.595155622,36388.1733372453,7039.96469428483,29156.7844247909,27676.7908274047,37304.4128538365,16017.6569935585,7903.74236337037,37174.8938672788,64027.7408685798,25198.448768307,19742.3463362848,40775.6398277041,25548.7418868835,18188.1584000661,10170.9611728174,17008.8454542004,40098.9268475426,1080.37369112851,2249.56014226162,4159.99890502193,7585.68100029824,6063.36870791247,11451.6661574447,13715.993663192,12266.4723303699,12198.6123452332,17155.6016349429,22515.6483556316,21919.4809080296,26787.2632402494,24665.3277272654,16893.2122709766,296.776712486726,3185.76913662834,5886.86187496275,6092.79981627845,17580.5863202552,22528.310613592,3316.95574664505,22371.4495110217,13666.2674777696,6566.62215866419,25667.4415939254,26974.1569672329,29092.7251977382,13228.0943872561,20127.9738618236,5665.34976831274,11290.683900591,25786.0278446315,46477.7429437293,2149.56561115663,21140.3709682589,2307.82819038787,3022.17308795589,11231.3441859933,10347.2177251601,4918.34587580559,19692.2587187626,2485.89383143943,10434.0589801873,3874.74163146576,17579.8861826631,15721.9258316212,17095.0762370798,16674.6356500522,4033.95223712718,1012.31749936738,2636.27677134171,4081.92504968744,18171.642707284,8548.08916466252,8343.03316700808,17866.1221610814,14938.6228358902,6904.92452693509,8434.26653518481,43720.8763315473,26421.7141507976,15932.5304451725,12090.7878410181,8621.69128567661,9465.65536424564,6012.46187211131,29229.143124709
108171.052344571,35753.2471538349,6702.19549575089,28260.0645421876,26389.1306823216,36207.8565078686,15169.16370878,7988.20535259615,36858.2991986107,63782.4588335376,24575.7252618955,19367.6360228985,40044.4704236244,24985.9575900155,17401.1561520231,9579.92190065482,16856.6240717468,39426.807408185,1025.84516178141,1087.36861019485,3118.42911257231,6910.43737380496,5658.39276225635,11352.5162508388,13353.1678171555,11078.6091070548,12080.5594729239,16229.5917582905,22304.7756433012,21251.8159281853,27048.3030919899,23689.0849938892,14227.1193199731,225.686740422896,3635.33203207255,5886.8320678479,6306.7829131916,17176.7350426458,21083.4180419948,2343.70028180909,21707.3170098405,13288.2610263838,5630.12576721816,25591.3748082493,25704.8070059666,28613.849369161,12493.5174680627,19218.7578072177,5588.78050727687,11282.8867476108,23975.4236416942,45158.2041402678,600.089705825059,21013.6367269174,1060.5050973003,2671.89740845673,10046.6406843848,9393.47224937985,4969.01940133261,19460.9659645121,2488.9818480809,9754.60626090788,3861.33194188655,17221.2312089213,15729.5167742593,17526.0980371945,16214.6071941728,1983.97839740402,1523.13954976238,2596.03507848486,4029.99126279014,17695.1541735599,6683.71494437295,8026.45223990599,16989.8467872806,13425.4737794558,6818.79391093684,8828.8346271622,41070.9791662269,24337.785938463,15196.7201953121,12120.6032654276,8217.94850790853,9215.70403776609,5987.90946672672,28153.7523645224
108981.396344527,36359.8434278652,6996.8953678988,28990.6111559221,27354.5721712466,36558.5607508472,15911.6355553493,8040.95568508924,37013.307089722,64070.8903371688,24867.6999089313,19639.171092841,40440.8064308763,25611.8621852832,18227.1300089438,10146.8230870436,16988.3929412945,40171.5192193538,1074.39810908958,1952.44090220101,3975.7185401904,7552.33865433987,6073.5224340643,11509.7986625638,13751.0668851817,11950.6520350019,12212.4155665032,16759.8026503243,22697.4691371587,21666.7419823599,27417.6487938466,24449.61050318,18165.9536281638,349.880115628825,3727.47530812433,5965.50035331856,6432.19510841926,16895.5636113411,22475.7883340273,2596.81590573117,22550.0122858738,13214.9714399056,8995.58386237426,25871.3648411476,25828.5680534812,29207.1470855832,13154.9328627533,20511.8122381468,5905.54894749955,11777.2008070927,26553.0813243424,46628.1130376859,1209.58610795397,20992.0087927599,2057.91416900653,2809.7257255556,11132.2441985792,10311.6733522252,4974.13568650651,19984.5455193049,2599.3229001287,10294.4643376399,3917.29740544001,17598.9197264313,15805.7471637626,17691.2140816262,16680.250445469,5313.82120976839,1642.65807694369,2664.30267467876,4130.51540168116,17886.832157709,7777.23504058028,8366.68667773646,20389.6188019758,14236.4120175093,6905.03329592213,9649.31269187155,44518.0824615713,25341.1772520403,15809.5850754351,12135.2012089017,8854.78854268912,9421.37273328996,6000.62889157254,29200.8458881029
109064.835795383,36230.0257559847,7000.17771208845,29212.4165589055,28103.7407269031,37498.98270929,15870.2437197174,8102.52431838366,37818.8064392917,64528.3951718304,25427.494835773,20080.8752333057,40939.4773405697,25914.9642587299,18366.7282935595,9987.37238781399,16889.5308127185,40102.7000035406,1078.76498456951,2291.30727371364,4214.74985393998,7604.35336130794,6039.72087405319,11622.2708458024,13982.6874730573,12492.7384229858,12129.5712322289,17418.8310173473,22606.5525453126,22177.7115665385,27680.5927506634,24738.1398539278,18325.4515285817,324.966972812603,3772.79947098985,5969.20994248323,6429.30218151642,17965.2963918911,22690.7364554962,3381.38319369708,23010.5717824041,13742.9701726746,9324.55872347916,26086.3608363109,27141.8626037575,29668.8979510722,13244.0300911344,20722.4775545619,6046.42303407029,11712.9325170666,26910.3456147333,46641.5529697193,2443.63691025999,21213.0044690371,2349.26526067575,3235.02192911203,11458.2077872913,10358.0852873739,5239.70528785512,20128.0543688943,2563.33842230891,10734.9831615134,3775.76109041931,17725.2014720563,15604.024974894,17973.4335133932,16658.5708749937,5461.99797062017,1612.10725529183,2665.1446130136,4126.36536447948,18356.5465105964,8609.67122597591,8362.68194361427,20717.2838814909,15027.1234798763,6903.17674584186,9819.97762680438,44892.7111751745,26909.647076709,16286.2080671325,12376.4876342759,8831.37187667092,9421.52287605917,6021.34055137343,29302.4465051126
109373.752113308,36404.2798802833,7105.7046535667,29341.2795631504,28112.4774829745,37512.6202053423,16041.1612806957,8133.76782592118,37858.5113844909,64548.8789694831,25499.6176755917,20196.2186498401,41234.1000318285,26014.7988135549,18381.9951380016,10178.5017447305,17058.0663775199,40232.0927466513,1082.07766093221,2397.24755881517,4257.0141704299,7606.15484565665,6102.85667414451,11732.9515019669,13986.139642945,12515.3685158507,12285.0436948173,17427.7372378132,22794.4545974699,22203.4351657657,27692.4648383814,24739.8377575637,18691.2663272441,386.977590302995,3893.72610644798,5982.3677235517,6499.951249265,17988.4447760151,22683.3703975212,3369.996880566,23052.8946693843,13752.0556509301,9399.97933348652,26063.1925609024,27314.9186441964,29678.8950933461,13334.437729565,20760.7787336077,6294.42036762112,11983.1259343624,27165.5771555336,46893.3993719323,2457.4590603266,21201.0504418314,2459.17981341277,3235.91368268407,11480.0791001573,10359.7302750686,5240.60640175571,20134.8156907434,2640.92322744173,10755.2755127807,3924.9609667068,17756.0885114495,15809.8814844666,17977.5897824331,16691.7214471838,5819.30861388147,1688.09672961681,2673.84535612306,4174.63304834266,18364.2502081626,8587.78065917426,8378.57320069731,20697.9746723383,15039.6227839725,6908.00689880049,10125.946796151,45315.1033137143,26922.5866911317,16309.5590620836,12380.8703110401,8920.8680936335,9478.51871107658,6021.43070176092,29336.8827031497
108405.459561943,36001.1034188233,6997.82081429858,29232.2424296206,27751.4472911414,36703.40471545,15992.6175915204,8112.27185677143,37062.0170585876,64482.1282642158,24857.976851726,19815.252714052,40175.7854461763,25712.871309984,18354.6287221147,9921.9384192219,16963.4627563835,40151.0466792046,1011.25277812487,1828.51040912268,3447.05195976549,7501.85853843007,6008.22506610554,11460.9369684304,13809.079018721,12072.119201827,12132.3223460348,16879.2244089751,22433.1675486851,21282.5629510869,27080.1737942614,24668.5700793177,16302.0097704431,237.046424912727,3344.71140994588,5890.90529758508,6379.05535427877,16673.5309299005,22174.4360193146,2907.45987623488,22972.1624474683,12998.5369326681,7379.78835978627,25561.0251266576,26819.2044822352,28941.5442572219,13263.3875606409,20205.5115609548,5494.00746130641,11105.1867097476,25415.4286010836,46082.0743725849,1869.74909578462,21016.404717667,1943.59341701043,2620.68164039188,10809.7835706638,10205.3767173907,4681.19125734392,19772.4205439452,2318.92196787946,10205.997977934,3851.69480567181,17060.3499619199,15704.0521963894,17362.7934432787,16599.173299836,3436.36797702435,1048.23556961466,2630.82767817162,4009.96232166282,17334.3513574335,8135.35157680232,8116.77719803271,18265.6558415231,14632.3831764897,6899.26762372872,8374.68614819807,42328.2997880876,26130.248610977,15898.6732826183,11846.4929610263,8538.71106004243,9353.10464410752,6004.73187103929,29186.4927015539
109373.752113308,36404.2798802833,7105.7046535667,29341.2795631504,28112.4774829745,37512.6202053423,16041.1612806957,8133.76782592118,37858.5113844909,64548.8789694831,25499.6176755917,20196.2186498401,41234.1000318285,26014.7988135549,18381.9951380016,10178.5017447305,17058.0663775199,40232.0927466513,1082.07766093221,2397.24755881517,4257.0141704299,7606.15484565665,6102.85667414451,11732.9344426407,13986.1090338142,12515.3685158507,12285.0436948173,17427.5385502598,22794.4545974699,22203.0848068027,27692.271049866,24739.8377575637,18691.2663272441,386.974359410873,3880.83160337608,5978.84117042751,6491.47448384098,17978.5620588826,22689.1412363481,3383.41706040152,23053.2500443166,13752.0634300515,9370.14161726472,26158.6642522427,27314.9186441964,29678.8950933461,13334.437729565,20760.7787336077,6257.62417473667,11940.1535717249,27165.5771555336,46893.3014335139,2457.4590603266,21212.1562896669,2459.07605746185,3235.91368268407,11478.4998846307,10359.9215096572,5240.57168288459,20142.0371365423,2640.92322744173,10755.2664066532,3924.75806487032,17756.0885114495,15809.8814844666,17977.0456349547,16691.6786965868,5819.30861388147,1675.19899565278,2670.31880299887,4156.27356578608,18364.2502081626,8607.32705276896,8378.65671204985,20763.5329152255,15039.6227839725,6908.00689880049,10046.3589051684,45314.7225398123,26933.5839593316,16306.2685466608,12388.2802359049,8920.68817776389,9478.47596047958,6021.43070176092,29334.8821080569
