"1=Left-Cerebellum-Cortex","2=Left-Thalamus-Proper","3=Left-Caudate","4=Left-Putamen","5=Left-Pallidum","6=Left-Hippocampus","7=Left-Amygdala","8=Left-Accumbens-area","9=Left-VentralDC","10=Right-Cerebellum-Cortex","11=Right-Thalamus-Proper","12=Right-Caudate","13=Right-Putamen","14=Right-Pallidum","15=Right-Hippocampus","16=Right-Amygdala","17=Right-Accumbens-area","18=Right-VentralDC","19=ctx-lh-bankssts","20=ctx-lh-caudalanteriorcingulate","21=ctx-lh-caudalmiddlefrontal","22=ctx-lh-cuneus","23=ctx-lh-entorhinal","24=ctx-lh-fusiform","25=ctx-lh-inferiorparietal","26=ctx-lh-inferiortemporal","27=ctx-lh-isthmuscingulate","28=ctx-lh-lateraloccipital","29=ctx-lh-lateralorbitofrontal","30=ctx-lh-lingual","31=ctx-lh-medialorbitofrontal","32=ctx-lh-middletemporal","33=ctx-lh-parahippocampal","34=ctx-lh-paracentral","35=ctx-lh-parsopercularis","36=ctx-lh-parsorbitalis","37=ctx-lh-parstriangularis","38=ctx-lh-pericalcarine","39=ctx-lh-postcentral","40=ctx-lh-posteriorcingulate","41=ctx-lh-precentral","42=ctx-lh-precuneus","43=ctx-lh-rostralanteriorcingulate","44=ctx-lh-rostralmiddlefrontal","45=ctx-lh-superiorfrontal","46=ctx-lh-superiorparietal","47=ctx-lh-superiortemporal","48=ctx-lh-supramarginal","49=ctx-lh-frontalpole","50=ctx-lh-temporalpole","51=ctx-lh-transversetemporal","52=ctx-lh-insula","53=ctx-rh-bankssts","54=ctx-rh-caudalanteriorcingulate","55=ctx-rh-caudalmiddlefrontal","56=ctx-rh-cuneus","57=ctx-rh-entorhinal","58=ctx-rh-fusiform","59=ctx-rh-inferiorparietal","60=ctx-rh-inferiortemporal","61=ctx-rh-isthmuscingulate","62=ctx-rh-lateraloccipital","63=ctx-rh-lateralorbitofrontal","64=ctx-rh-lingual","65=ctx-rh-medialorbitofrontal","66=ctx-rh-middletemporal","67=ctx-rh-parahippocampal","68=ctx-rh-paracentral","69=ctx-rh-parsopercularis","70=ctx-rh-parsorbitalis","71=ctx-rh-parstriangularis","72=ctx-rh-pericalcarine","73=ctx-rh-postcentral","74=ctx-rh-posteriorcingulate","75=ctx-rh-precentral","76=ctx-rh-precuneus","77=ctx-rh-rostralanteriorcingulate","78=ctx-rh-rostralmiddlefrontal","79=ctx-rh-superiorfrontal","80=ctx-rh-superiorparietal","81=ctx-rh-superiortemporal","82=ctx-rh-supramarginal","83=ctx-rh-frontalpole","84=ctx-rh-temporalpole","85=ctx-rh-transversetemporal","86=ctx-rh-insula"
1.30246504931711,0.746779086766765,1.31899429042824,1.37704128655605,0.368255657027476,1.62212782283314,1.29965647764038,0.482634930231143,0.327493175514974,1.22617031959817,0.909607225796208,1.34125125018181,1.43339852138888,0.307784747390542,1.70431739080232,1.25712543376721,0.466082652739715,0.331385584082454,3.23198437830433,2.32038244162686,3.76866495632567,4.60894345352426,0.462291616771836,2.72907445626333,4.97609269432724,2.57885685085785,3.44601416931255,2.60730510845315,1.64728285511956,4.4764826647006,2.64612144092098,4.56462949840352,1.62575350754196,2.81408470775932,3.70970035297796,3.29624638217501,3.74365688418038,3.76331242453307,4.36018839548342,1.8593774617184,4.43184563051909,4.04570630379021,2.14670743758325,2.94967380608432,3.18525195354596,3.81820240197703,3.64871116727591,3.87278052279726,1.58198774792254,1.46368398424238,2.21615326800384,3.17624102928676,2.7106687593041,2.31746539892629,3.23500140220858,4.59517356613651,0.388587109162472,3.00035038590431,4.20424136845395,2.09512064245064,3.26378724211827,2.65489240759052,1.47690005536424,4.61500876583159,2.67145804991014,4.16557352105156,1.54996854416095,2.98821196332574,3.65197911020368,3.14816520339809,3.31721676536836,3.85636761784554,4.42928849090822,2.11077618785203,4.68247534986585,3.80726754351053,1.77362386760069,3.31100230896845,2.55047817691229,4.280567901209,3.50405299291015,4.45246311370283,1.56153516168706,1.34360233077314,2.00125014665537,3.34744586661691
1.10166971036233,0.632545571774244,1.27777956239879,1.35316408029757,0.352543234068435,1.74960224761162,1.27163803472649,0.499680305656511,0.307102616410702,1.07103335042484,0.758118309313431,1.27636626595631,1.35776244057342,0.277967541187536,1.86317310994491,1.22598423506133,0.480660860892385,0.318654550355859,3.06159849732649,2.38703694473952,3.66865346662235,4.46988320350647,0.444833206536714,2.53163832519203,4.96386694302782,2.58571932301857,3.59141074860236,2.56136872153729,1.69769659568556,4.18426557071507,2.69811067753471,4.53414698503911,1.66419562045485,2.6132492471952,3.78779163048603,3.33505418337882,3.74196451716125,3.54469704511575,4.15417116251774,1.7336455869372,4.46365065569989,4.14514245744795,2.21527080563828,2.80914029059932,3.18318038689904,3.94832079391927,3.45079971797531,3.91077549126931,1.60506730544148,1.39740517898463,2.15004763787147,3.18912628362887,2.50718668365153,2.38931576441973,3.25661633838899,4.45242013735697,0.411080074030906,2.78104377235286,4.44441464915872,2.05329115525819,3.37758321524598,2.69421784067526,1.41646358044818,4.34242064412683,2.82036187825724,4.3501987461932,1.53824288607575,2.82188687147573,3.53591181454249,3.22751226625405,3.25063020829111,3.68798394454643,4.21957630338147,2.00911478837952,4.70544886030257,3.96434159670025,1.88813890953315,3.25968200806528,2.78214148059487,4.08141155634075,3.28218649677001,4.40161430765875,1.80109925428405,1.32612440735102,1.96105808787979,3.33202827582136
1.22046591481194,0.744460295652971,1.33521570917219,1.38183662248775,0.369970734813251,1.7398633507546,1.32746497774497,0.475293865893036,0.337878829566762,1.153703086311,0.8635282011237,1.35340568143874,1.40420803287998,0.318551232863683,1.85420455224812,1.28374822903425,0.458449094003299,0.35275029274635,3.06767717981711,2.35551387257874,3.73901137616485,4.52801820356399,0.447573975514388,2.67762816091999,4.96299745095894,2.51386569626629,3.62629185197875,2.52696524001658,1.66730463539716,4.34770869999193,2.74097579601221,4.51967165619135,1.68692552312859,2.67999618221074,3.72459059068933,3.26070161536336,3.64793747337535,3.63032501167618,4.2026140561793,1.85452139447443,4.38526077801362,4.20151566993445,2.14919454825576,2.94102664291859,3.0885652389843,3.88092685304582,3.54548636521213,3.84372121165507,1.54699121927842,1.43838810489979,2.26709053851664,3.21159930038266,2.63728910963982,2.38864256255329,3.17594687757082,4.51122287660837,0.416808325215243,2.92087501380593,4.42485547251999,2.11089536640793,3.44383833720349,2.6402080100961,1.41934524214594,4.47435935540125,2.80518969101831,4.2346374085173,1.59609314845875,2.9112960100174,3.60158836795017,3.17079300875776,3.33117128862068,3.75050259241834,4.26126967277378,2.09118134039454,4.69731186237186,3.97878079628572,1.84472351637669,3.25295753125101,2.6830350686796,4.13355288095772,3.42990936664864,4.40734744211659,1.67072347737849,1.35020227811765,2.05623255181126,3.36741359563894
1.20418582321145,0.635382325388491,1.35247725318186,1.3271025638096,0.387552430620417,1.67173114884645,1.31056499597616,0.47777887218399,0.286831545177847,1.19963905506302,0.743231058935635,1.36055088276044,1.36421530297957,0.271401587640867,1.8166572235059,1.30961991194636,0.468089355621487,0.290220419177786,3.09287796216086,2.25524296867661,3.56937829684466,4.60040691215545,0.471120662521571,2.54249106347561,4.79724128032103,2.43557898583822,3.46872263785917,2.56776759261265,1.62451777793467,4.32074812031351,2.668913672911,4.37070426903665,1.52784242690541,2.85383229143918,3.76162163796835,3.24280644394457,3.72068290633615,3.66142456280068,4.48677574959584,1.75393186369911,4.64039729489014,3.98201990919188,2.15574071893934,2.97457243432291,3.06328588700853,4.08248118450865,3.57073700474575,3.94285463658161,1.51384619018063,1.43115061055869,2.16446079569869,3.16799636639189,2.64292399448459,2.20610859582666,3.14801713294582,4.62923354236409,0.421634845522931,2.83346790727228,4.30212512472644,2.00591135164723,3.28059624438174,2.69362262496725,1.44173148734262,4.47917060519103,2.71999221295118,4.14878291636705,1.4599242862314,3.06444579176605,3.63705660868436,3.20634281612001,3.24904214404523,3.80021161329933,4.57248484808952,1.99637128226459,4.8842301745899,3.80601255735382,1.83484845759813,3.26617225189693,2.63372643105686,4.38007818721235,3.46128470660187,4.45383350085467,1.66779484087601,1.31024815968703,1.98929628892802,3.3234234417323
1.18050542101264,0.648472954868339,1.30081401835196,1.32321661664173,0.344823493622243,1.62793867569417,1.25116238655755,0.451252719154581,0.314007437555119,1.13196890451945,0.795402814168483,1.3094772445038,1.33187765191542,0.292536154796835,1.73524637520313,1.20154706540052,0.436020687993732,0.309801401221193,2.88941375399008,2.29167295666412,3.6845026598312,4.64985005557537,0.429870593041414,2.64776084199548,4.8542296634987,2.40671608480625,3.45485000405461,2.48909455537796,1.61215545795858,4.41522625263315,2.61638230306562,4.36672509554774,1.59402556398709,2.64672285690904,3.62808114453219,3.14347170444671,3.56851306324825,3.6634008330293,4.28287503623869,1.79742725705728,4.32503436488332,4.0519022209337,2.02185737330001,2.87461259542033,3.00910407854826,3.81089279893786,3.38734295556787,3.69472026440781,1.63243712019175,1.33182552887592,2.08087450964376,3.06106899841689,2.39200513949618,2.25178604386747,3.12316366308369,4.64466836908832,0.373238479485735,2.9006487778388,4.26876240363345,1.92497319774702,3.24593168240972,2.55901400838047,1.39950401685201,4.5513142501004,2.65312483534217,4.01117767952383,1.55197598529048,2.85565609112382,3.45299625606276,3.06870779278688,3.15985330811236,3.78429409512319,4.34295701992232,2.0687652840279,4.61258581932634,3.848608646309,1.70539013564121,3.25259296689183,2.50032900692895,4.1720050573349,3.30366376903839,4.22424944723025,1.70118501130491,1.23187327873893,1.88429961865768,3.19463397259824
1.09309795917943,0.594425088725984,1.27661775168963,1.34328545583412,0.353720276645618,1.73961754888296,1.2491839597933,0.480166143097449,0.288947904249653,1.08397260960191,0.698376653948799,1.27634808514267,1.34726449893788,0.289512304239906,1.83867274411023,1.21502558211796,0.463296296773478,0.269719534553587,2.92828434915282,2.3697758334456,3.67053971532732,4.54666809830815,0.453734028633335,2.52739217923954,4.89946095598862,2.40800557192415,3.56840892951004,2.45850770035759,1.66495214123279,4.28234155685641,2.68269364349544,4.44371113739908,1.64504471165128,2.52781011164188,3.72913495195098,3.24452791304793,3.62150862242561,3.6296460526064,4.12154637463391,1.78057987522334,4.41868188837543,4.17404106189497,2.08114884587121,2.74632095568813,3.10159171011765,3.82017446216196,3.4205597746186,3.88154011184815,1.61918391217478,1.36713949916884,2.0747151998803,3.10624115262181,2.47126637841575,2.36666502198204,3.11202670820057,4.53176892828196,0.412509799352847,2.80402687191963,4.37799521861598,1.95518382033333,3.36445259000175,2.62050412828103,1.39983754215064,4.43773700529709,2.69194911979139,4.22939768433571,1.54033690295182,2.76360395830125,3.50135236117058,3.18954602535814,3.14806180866435,3.77273332863115,4.22139257984236,2.01179148280062,4.70644851913676,3.92734636273235,1.74456838029437,3.15144213382155,2.67268556240015,4.10954808059614,3.35602700989693,4.4028768397402,1.86576099532249,1.25334488553926,1.90018811356276,3.27080349181779
1.23112421715632,0.647594793466851,1.29429106041789,1.33928153652232,0.343563795089722,1.76292129629292,1.28839448373765,0.453305190254468,0.272089109523222,1.1936918059364,0.773735754424706,1.29411081597209,1.34581717592664,0.277053277124651,1.87299280334264,1.26308336528018,0.418594633112662,0.270590225845808,2.93831212306395,2.24846181739122,3.63586199376732,4.67910829931498,0.47245191433467,2.73451289953664,5.00160181522369,2.48830461548641,3.64211201271974,2.51033812668175,1.61876179440878,4.41404738044366,2.6552494764328,4.48043236415833,1.66853917040862,2.64920021872967,3.66654960415326,3.17139636236243,3.56061060447246,3.74638341809623,4.24498037621379,1.75769065707573,4.45698948251083,4.18429386662319,2.07940172031522,2.85138153261505,2.99469404330011,3.93817097041756,3.48199498013128,3.86621268698946,1.61132275685668,1.36306219198741,2.10474165808409,3.05854860227555,2.55487095023273,2.26315627386793,2.98055876884609,4.67282714182511,0.435106047138106,3.01844157557935,4.410929068923,1.95140527770855,3.43404201418161,2.62607995793223,1.29976987751434,4.56346690095961,2.70864443480968,4.1735991211608,1.61128721293062,2.86994404857978,3.48823367711157,2.97504519950598,3.08905203663744,3.84703444084153,4.3300634296611,1.9883354823105,4.78676913306117,3.9941762778908,1.70588688808493,3.11109848984051,2.56797348184045,4.23493262194097,3.41899710241705,4.4517737601418,1.68402795877773,1.27122114528902,1.89966489071958,3.20706877135672
1.28789176372811,0.682600992266089,1.35924354731105,1.33889244473539,0.333773007441778,1.78827065369114,1.32724292908097,0.451697228651028,0.305886614369228,1.15965852094814,0.814111225539818,1.36873514857143,1.34182929084636,0.290219331625849,1.88955882424489,1.29502141615376,0.43432106875116,0.304631297185551,3.04399587260559,2.29203331875033,3.65059183584526,4.69528229022399,0.461613003441016,2.65624631009996,4.90097372420132,2.37094961409457,3.56610883027315,2.46479073353112,1.55408775666729,4.45600539422594,2.5694035035558,4.35236992873251,1.6387658744934,2.80095854401588,3.59571776213124,3.12928939657286,3.55152699351311,3.72171323886141,4.49740442447364,1.86162199755199,4.53389995358884,4.15744827850722,2.08518648752943,2.80497123277746,3.02692745067179,4.04788922588341,3.56661697570235,3.77431229362264,1.5451949252747,1.41913762316108,2.18211087328382,3.03647392056882,2.55142005567905,2.28592142276466,3.05369471595623,4.68533808318898,0.409871891257353,2.99382261745632,4.26885403832421,1.94471804588102,3.3492462025024,2.55956949386746,1.27367367997067,4.6136393880879,2.57411667890847,4.0852952664718,1.51912995066959,3.02470292057842,3.42681654472835,2.99744076095521,3.07092257472686,3.84242952405475,4.54115229775198,2.07122191227973,4.84541298775002,3.92087175184861,1.76063537027221,3.12605944735697,2.54974285536446,4.33689946541563,3.50403327739332,4.33487695851363,1.7070668166707,1.26036833308171,1.92451182892546,3.17563194036484
1.10263543692417,0.747550775296986,1.37075665593147,1.45438670784642,0.406309931713622,1.71732375607826,1.32589614711469,0.535857015114743,0.351194360409863,1.1216484955512,0.853835485409945,1.41751789324917,1.50877271371428,0.336678420659155,1.8134163923678,1.29680221551098,0.533565868157893,0.359936541353818,3.15110836853273,2.46183918206953,3.82616036583204,4.58230373822153,0.492913843481801,2.74244407564402,5.01717142947018,2.59388194559142,3.64987064700108,2.6592678502202,1.76783982675988,4.43684388441034,2.7793666117359,4.6184878051281,1.68667581502814,2.73948974488303,3.8209914136678,3.40493616031017,3.77401694629225,3.75946445041336,4.23420058889315,1.88456298178062,4.51785581174772,4.18640482192859,2.32617441378534,3.04707841598429,3.22682682947197,3.99799033999443,3.63576711795758,4.00368989631534,1.54777816921705,1.53548898326699,2.32624008791754,3.33619754813844,2.7747979272317,2.43688812572509,3.35936094587669,4.5800801506266,0.44166825076536,3.03374163480476,4.29848292656243,2.19411839009263,3.44953336380422,2.73812807770446,1.54378952126717,4.54987454134971,2.88283214718103,4.39021687023342,1.58971038158052,2.92456798721105,3.83099719602615,3.28864861186594,3.45760445739143,3.81831272365525,4.35937856871169,2.12110329070129,4.74389015417546,3.97724443394691,1.96786640805658,3.29104181868024,2.73266154900193,4.39545934833586,3.5912811786402,4.53946472029202,1.67180487664882,1.42926588791306,2.149831916322,3.47176454565488
1.2022572287824,0.620869144331664,1.27416529483162,1.31162827310618,0.342671618738677,1.78754256980028,1.31101631140336,0.476619361026678,0.289510094095021,1.12310747196898,0.727380076888949,1.28354689339176,1.3170034843497,0.275007934309542,1.92196138901636,1.28621536015999,0.452741769724526,0.293680476897862,2.84996631834656,2.29363982006907,3.59425744926557,4.65659694001079,0.454553296556696,2.65590098686516,4.99488097708672,2.45526438963134,3.64360579289496,2.51221023127437,1.64103277400136,4.36840075440705,2.7931195058045,4.53124204324558,1.64073227974586,2.56940120738,3.60467241168953,3.17391012061853,3.55005442211404,3.65589953679591,4.27730958035681,1.75792760186596,4.42864572885446,4.22445641364902,2.24787830957212,2.90973907732405,3.01782090798952,4.09156658872962,3.33929696044652,3.83397085452452,1.61970983189531,1.43120431667194,1.99004251440056,3.09383541578427,2.47213657561952,2.35187877039425,3.05699710221961,4.66675892146304,0.436044923619193,2.96065459772944,4.34648937825114,1.92345375288278,3.41975241876207,2.77718279976398,1.40062642400153,4.5482215648517,2.91716899862513,4.34399478137493,1.55021817283705,2.79223363567144,3.5202125152573,3.06176546728238,3.22051004029345,3.7984128636308,4.33315785042942,2.00369646819308,4.78857817035168,3.99263434391469,1.82366897142492,3.17371005704626,2.71428844938055,4.36030697682872,3.29179327655584,4.45376827567816,1.70998926414177,1.34368139703292,1.81596924003679,3.25277122040279
1.27707871084567,0.609034429304302,1.27644732804038,1.3042705305852,0.339473858475685,1.71484033041634,1.29225053684786,0.461801585915964,0.280813487712294,1.10818406625185,0.735550235840492,1.28023743769154,1.31556919077411,0.291851599584334,1.80196575727314,1.23992326296866,0.425602468909346,0.288344652741216,2.99543372564949,2.22198520507663,3.47608993877657,4.65891326963902,0.462490720907226,2.6646775668487,4.93716060742736,2.33489034837112,3.53430028271396,2.537238702178,1.641278901021,4.42803189647384,2.66536269243807,4.4210076215677,1.60843907088565,2.59890626836568,3.63808131660335,3.13316033105366,3.53436965332367,3.67193227307871,4.34794944513123,1.75096065248363,4.47905077924952,4.15397082897834,2.08803672599606,2.81669199978933,3.00617653690279,3.96932062041014,3.41949920658953,3.74985071027186,1.57944968971424,1.40325421001762,2.04735386488028,2.97813363652676,2.43792245618533,2.2091470429441,2.98280206060736,4.65755202341825,0.396987489657477,2.95235998556018,4.35049930261448,1.82501095568296,3.30967241036706,2.64078402495943,1.33685213100398,4.57935405999888,2.69691380020231,4.11131758056581,1.4871470045764,2.80476676719263,3.47497147135437,3.00802348088473,3.12412911001593,3.80384783423506,4.40043246163987,2.0227228665608,4.7274686130695,3.89435565192252,1.72767834202386,3.21810779720545,2.57661704719067,4.25433578621596,3.32908543013036,4.31658675614744,1.59278867719695,1.22774170455523,1.82357373344712,3.12107927910984
1.11839258298278,0.649841600330546,1.29116640239954,1.31944398838095,0.334874527528882,1.750082755927,1.30827749660239,0.463485860440414,0.286546672112308,1.05975443636999,0.791807012283243,1.3024517018348,1.33172435173765,0.271186095604207,1.90283025428653,1.30220768379513,0.435843075392768,0.284788872988429,3.06480280868709,2.32546569686383,3.4972998406738,4.4980051680468,0.446517311705975,2.48805327899754,4.85752006154507,2.39832810871303,3.54720663907938,2.40833745198324,1.54976182885002,4.22432602383196,2.6702812052099,4.40922556258738,1.64557545760181,2.61735257040709,3.6569049913669,3.07866580085829,3.57600685127545,3.6114406833658,4.27703137305798,1.80883747839835,4.41351060912712,4.15516182081774,2.07850329217035,2.73937095038127,2.93917334848084,4.04657342005521,3.43375652399845,3.77863873192109,1.59462583763525,1.41045697126538,2.127407631604,3.08649652311578,2.46701319026761,2.37086256360635,2.98760449048132,4.49517788738012,0.421819837298244,2.77763315010816,4.37911283131689,1.93959787581116,3.30385485524312,2.58323147171177,1.35709607682656,4.38971876446158,2.70920362276956,4.19461331702769,1.54055100376718,2.85462562646717,3.45435180165805,3.02193127130158,3.12710773595609,3.76013763947412,4.30620478652418,2.02717512031086,4.69198390794918,3.89964752271771,1.77473654982168,3.12809243379161,2.56896325573325,4.15751767996699,3.36591389239766,4.31516646500677,1.77379798685433,1.26401818229351,1.9143042890355,3.26136907594628
1.15799916675314,0.549938863143325,1.1617882065475,1.20830824796576,0.299431338527938,1.63397566031199,1.25061775324866,0.445656120136846,0.255787870381027,1.05021608946845,0.688914796337485,1.15998861799017,1.22452634107322,0.250161072588526,1.7191254014615,1.20593307423405,0.411658638622612,0.261802813853137,3.1382037816802,2.17098159343004,3.53897280315869,4.62278537778184,0.44085985183483,2.4546560049057,4.88138584140688,2.4672791371122,3.49962128599873,2.49312442541122,1.5906087619951,4.310422337614,2.63864585314877,4.42858137469739,1.57898964657215,2.62088443525136,3.67754810955375,3.19146377593279,3.62448850856163,3.79122755653225,4.22392059146659,1.71222142476472,4.40034212917089,4.11140313209035,2.07361660618335,2.88614153582603,3.03830045158975,3.83100611437112,3.46566689352039,3.85481022717431,1.65427425736561,1.36245459364727,1.99042255198583,2.96281759021804,2.48125899513252,2.19613458029926,3.05348955886438,4.64165907353163,0.373508548480459,2.68341094488278,4.31930951913819,1.90613956097513,3.25397460418753,2.55082525941543,1.28702211007476,4.46280479663983,2.62756964098662,4.04954286152497,1.46174350823276,2.79916865658015,3.44600634230301,2.99973620078526,3.12729472969659,3.90823150705546,4.24175518844277,1.96461376326624,4.61383050959557,3.87704492290504,1.70791737351101,3.16024568886496,2.51545555284247,4.12321123573929,3.28380032326095,4.30932301911525,1.59313733875751,1.17667337186867,1.76727047702298,3.08127204375342
1.11189565970562,0.589120209217072,1.18160679191351,1.28316639841069,0.360835152328946,1.70227242773399,1.20123598258942,0.473660909745377,0.287287234561518,1.03832424758002,0.73228216660209,1.1854873392731,1.32907746429555,0.279894351202529,1.83375575905666,1.17201419791672,0.457855721237138,0.312909899512306,3.01188075961545,2.29985483095516,3.48942092526704,4.4668932412751,0.420884065330029,2.55821288353764,4.96619742037728,2.38355010992382,3.66279184771702,2.54679572444002,1.60847741295584,4.25222019653302,2.75022759009153,4.43059541424736,1.66703348373994,2.48716775269713,3.65624236187432,3.17820459324867,3.57004540693015,3.66322254994884,4.03061956493184,1.80198155314429,4.37432564375922,4.25393945001997,2.26261523505673,2.90951303642942,3.01369777473155,3.81732595711946,3.45513776910957,3.92995563824661,1.60950146708637,1.3409897563979,2.17006255872548,3.16206732066348,2.54082764545456,2.28048425063025,3.08114923816174,4.45883908076212,0.377808096818626,2.73053772456478,4.44753424264491,1.95988853486779,3.45476876944304,2.70226598717272,1.32399169844575,4.38743885664735,2.85526124853641,4.16993754915893,1.54317391733639,2.70928439777344,3.58286545891315,2.99319727928378,3.20850355178118,3.7685850225389,4.08122299378738,2.10722571192309,4.55894984724,4.02321152295917,1.8643792840885,3.20250728493556,2.63303963979706,4.1012378432788,3.27947531582322,4.46272057527676,1.69213919911999,1.27279827045277,1.90961433586199,3.28844287851825
1.21340628992766,0.626156420446932,1.29227695474401,1.32089919684222,0.343687157379463,1.85495285037905,1.31035142036853,0.48313335236162,0.293761077336967,1.10364805883728,0.757665126468055,1.30307846516371,1.34210494230501,0.275075732148252,1.96752726146951,1.30466025322676,0.464949390501715,0.287073548097396,3.03593682288192,2.40932394459378,3.57979256450199,4.64212121674791,0.447158006078098,2.5735196210444,5.02455777535215,2.3918439229019,3.65871365391649,2.46971177961677,1.57655956270173,4.40156790800393,2.82550053624436,4.48970723384991,1.72133659926476,2.60716567281634,3.63205894466955,3.15218170778826,3.55421983078122,3.68528673809487,4.30749156605452,1.82692508306354,4.49072718410753,4.286238031229,2.18285509495763,2.76660078269197,3.00552523194347,3.95680357608944,3.4995124846464,3.8272597277537,1.74393549747765,1.37621560948901,2.07511549233459,3.10928201139905,2.46202740631998,2.40677986247465,3.02976998768281,4.66210358776152,0.432999640819617,2.88461672514677,4.45991651900113,1.9268053136766,3.39683551364578,2.7099099024199,1.41366213760921,4.56807215418667,2.87833077274263,4.27346207667142,1.58355847222265,2.83389284275472,3.56765285343863,3.08534507360309,3.22262177593075,3.85564554762095,4.3875548762735,2.08329764008522,4.81994040776044,3.99542304221541,1.81529213971226,3.1836242248537,2.5311369067058,4.17252397758421,3.39874503994361,4.3964965029154,1.92512437858386,1.31594778527506,1.89269046485424,3.27290861937217
1.22795485658571,0.643303503864445,1.31383795803413,1.32216030237032,0.360850419616327,1.74076581513509,1.29470513470005,0.46005083451746,0.291932744672522,1.16922385455109,0.768108380027115,1.3157151741907,1.31935272249393,0.283815792936366,1.86412031180225,1.26084651006386,0.437124904827215,0.299785871931817,3.02044311026111,2.34391029877588,3.55962293129414,4.54982447705697,0.437301588710397,2.56575249694288,4.86647585127503,2.45100549049675,3.53613153856713,2.48547808779404,1.57592719083186,4.25217021908611,2.71902866032906,4.47629886772484,1.61982023296878,2.62906714528799,3.6606363367755,3.22197889420204,3.60927546827588,3.57459474843927,4.27227534144185,1.75721350422828,4.40242918091826,4.06099412147887,2.12391649646452,2.84770602220669,2.97400089586154,3.82395007181913,3.54281067010015,3.75885687780101,1.65715408558026,1.39997530600522,2.14985782175791,3.1017835161183,2.57515770790633,2.34043535031378,3.02037738543004,4.57016952382401,0.418628321262076,2.83092139847577,4.41280558891594,1.97075606603175,3.33817979763262,2.64325571386144,1.34986770182149,4.43191150855273,2.80345853418112,4.23977188114077,1.52839657943696,2.83245555777103,3.5235615267884,3.09250799193978,3.21691787149757,3.71052613854408,4.32083893090021,2.02695567486808,4.70348953548819,3.88293035235256,1.76893940212904,3.14906939072534,2.53080204466823,4.03164920769632,3.39632504060864,4.38458558171988,1.76954600028694,1.33574845548719,1.91580866253935,3.27141390927136
1.27142110606655,0.628513094503433,1.27483638096601,1.29567739425693,0.344781263236655,1.7211905863951,1.27196408179589,0.451245174335781,0.2954519726336,1.10221517831087,0.768507019151002,1.26435268484056,1.30158990412019,0.279434718366247,1.82952159992419,1.2384157521883,0.441906759864651,0.307491855171975,2.97078374348348,2.34702661586925,3.54053894290701,4.62493951048236,0.433824997380725,2.68480942770839,4.94858770491555,2.39666508417577,3.49123547622003,2.48748768540099,1.60447185207158,4.36723678698763,2.64481707412051,4.32014210661873,1.62345596589148,2.6082799686119,3.56383712869138,3.1324403937906,3.53731792001054,3.66378897987306,4.2112383604981,1.87242138339207,4.35861951916013,4.08853273512796,2.07812716250191,2.75140226772055,2.9958748640347,3.77836838364601,3.4754183186451,3.67199637298472,1.52403397462331,1.3790244362317,2.0642132924404,2.96892273577396,2.42211393639445,2.3068834716687,3.01473372988403,4.6366928613279,0.413330326904543,2.92735874466598,4.39082192350179,1.94816244067624,3.25436737528071,2.67169663403183,1.35731423977995,4.51602257054765,2.64360019308515,4.01547232689336,1.51135864236858,2.82855648361146,3.43703534896486,3.06852548406459,3.17472386616282,3.82388305640779,4.27086582453921,2.12462126882747,4.62624038010836,3.90005471976474,1.76356852217577,3.22420712647727,2.52944899280556,4.04005434783176,3.35138320270926,4.26548607554287,1.64424385363236,1.25287772482261,1.81743330322206,3.09156284132041
1.14854500885122,0.631191302090883,1.24467682745308,1.34832091582939,0.353123621578561,1.71591277141124,1.2231995635666,0.475895337120164,0.289392968639731,1.05864613223821,0.766802243073471,1.26305565051734,1.37930833245628,0.304623227450065,1.83543100883253,1.20375880366191,0.453971506096423,0.302249248605222,3.05013211071491,2.42520763061475,3.69836027710699,4.60326734092087,0.440079371037427,2.55189077788964,4.98223491571844,2.51490576029755,3.64103458129102,2.57095463387668,1.630350779742,4.35331102181226,2.82806831609923,4.60326843801886,1.66093348985305,2.65379145834595,3.75902515195776,3.25390024809167,3.65367082832381,3.69713482924271,4.1662050075829,1.78047879986116,4.45049172500148,4.25961465388536,2.26134016539436,2.91609854437411,3.10815401002765,3.90758469654247,3.48867290373892,3.88259780127555,1.68265676219016,1.40647027245723,2.13088385993615,3.21327572804876,2.56206812732853,2.457789366832,3.18090127455071,4.58477297937497,0.402566434815526,2.81825683102943,4.40258805314079,2.01045938814059,3.42279150825925,2.69783746358007,1.39668779075146,4.50090034632012,2.93541650334373,4.35016204509884,1.54715660843067,2.85333260381594,3.7005534498021,3.07374461856671,3.25665401993319,3.80664835777134,4.26627937192097,2.07548751309514,4.72202966595069,3.99764597974718,1.87401908787433,3.23173112189397,2.68527221330442,4.22186864574905,3.35039106733166,4.47779534792062,1.77248845808208,1.34977553691715,1.95250424626283,3.38486921158619
1.16300589358434,0.603534754598513,1.24923674017191,1.22941836121026,0.33021821588045,1.61837876727805,1.22301546251401,0.440925710718147,0.280531975149643,1.07475048769265,0.713041790993884,1.2386177117005,1.26401820080355,0.258737496449612,1.74866877542809,1.19235657819081,0.449262302950956,0.28391932696104,2.84247941186186,2.26154555752873,3.50008535711095,4.51478548208252,0.398900477623101,2.52614772133529,4.74273056327365,2.3264679806307,3.41010153974639,2.30867452919483,1.52242131356616,4.22682352736592,2.62801507324912,4.16839571995661,1.57622285909019,2.57135432772338,3.52540959534235,3.11367410980165,3.47163246432319,3.5683996634325,4.21380677656271,1.77315485844156,4.30011967709288,4.01599454460666,2.05241217958974,2.80627029226162,2.84880916331895,3.87824683031067,3.30055773747154,3.70158696570434,1.49628864956321,1.27962121879682,1.97117031784728,2.97145940316841,2.36931463761721,2.27791889337823,3.08335487777367,4.5453153331764,0.390054965100717,2.82928819814697,4.34785869438201,1.92489040875807,3.23013676889241,2.69628068897873,1.37314585782588,4.40089273219928,2.66824705526233,4.03363643214107,1.46736097638495,2.78845714172348,3.39762328565121,3.12725582579151,3.18473124597222,3.72871241369285,4.276536796242,1.98160270927474,4.60014265635982,3.81400294043124,1.7445720618125,3.15962639567442,2.56798466481268,4.10926860710606,3.21866949717514,4.26103124441579,1.74123265733942,1.25840855319984,1.8466899774503,3.13208924606442
1.21504676400218,0.707912850193679,1.29333524708636,1.38418872677721,0.365796135898563,1.76382833508251,1.3474803607678,0.504048510920256,0.339501211536117,1.08418904384598,0.859757814905606,1.33818923961371,1.44193904323038,0.325155413534958,1.85196658875793,1.31751541269477,0.488441273570061,0.366691205534153,3.13400127645582,2.35174853540957,3.58049231197219,4.54259241407271,0.506464525096817,2.75870960904285,4.95344174886122,2.51159315882251,3.59580752858892,2.52211075462401,1.677963968119,4.37204449949786,2.75015889410861,4.59714296460152,1.68863074772526,2.62945538852364,3.71405424317345,3.28238727652933,3.60139007726684,3.68826182151679,4.22857715701684,1.87745001516305,4.43093936069636,4.15261889318936,2.29525687730347,2.84832813922549,3.15186036541127,3.85411704611033,3.66075195511803,3.88315843918826,1.59660756750964,1.43145106511656,2.12076851818711,3.20047728659119,2.66131454554852,2.38060291018337,3.21704702917486,4.50752530037425,0.437269420013763,2.98564782878384,4.31759741110727,2.06197443185374,3.39573615649715,2.65741446614265,1.52394977770746,4.49740702332929,2.84672478446737,4.3494019722566,1.58636533049867,2.82458759471774,3.6793427253142,3.16294282581657,3.38438228075393,3.81546065211296,4.32368262123782,2.20009612501599,4.66305515915155,3.94500960037112,1.90092662768438,3.34362001949921,2.70778253790922,4.06799078267068,3.51685755513608,4.45753562450409,1.782135576359,1.36157964379527,1.95381123176776,3.36700407214812
1.10338539350778,0.658534256042913,1.2942028332036,1.3284338824451,0.356315524491947,1.62438375968486,1.31462305423338,0.496852271258831,0.303201095899567,1.09565553383436,0.783000838709995,1.31217664980795,1.39874244341627,0.29372013034299,1.70324080833234,1.29549656109884,0.480560852796771,0.29121128085535,3.18103444157168,2.30953860725276,3.74685679725371,4.56087278900668,0.49554011732107,2.60462179360911,5.00554189179093,2.55660603148863,3.47773961361963,2.5074523659423,1.67729804932605,4.36810596095165,2.6400624809321,4.5733530567959,1.59894786123186,2.72586015565321,3.7225899011828,3.33675381075591,3.78444510418922,3.80105688353069,4.24675578856841,1.82456085737795,4.47061108238995,4.06933961901814,2.15504366270034,2.95781975518912,3.2030762740178,3.77012301096693,3.63000401202589,3.84514310304075,1.5678173439228,1.48304914310575,2.15422980766743,3.11782064009458,2.69090576050803,2.29773435764946,3.25308647431666,4.55650345468894,0.427075240877457,2.89823271660134,4.26246124925092,2.03019204828888,3.29717369691934,2.61542369099334,1.45780088391621,4.49337762244977,2.6388231953606,4.21460247877985,1.51127532683313,2.89538389630616,3.58243990689516,3.24411479639821,3.24459739844315,3.90237684873864,4.36887468933128,2.06975474092178,4.71329193376005,3.75706343539059,1.77656672277953,3.2626918409951,2.59458495024592,4.21998643968254,3.53964552655816,4.36823110282421,1.69420886528678,1.31880659121089,2.01494780310895,3.26790518651251
1.10115605010651,0.675915637868457,1.32344910432585,1.36669765948318,0.353131985961227,1.65963617130183,1.2711146522779,0.492047162959352,0.290560616413131,1.06822577561252,0.812661273637787,1.34030531323515,1.41189612401649,0.286578425148036,1.78582090465352,1.26575474976562,0.465602207463235,0.293376155605074,3.09701641253196,2.38108853856102,3.64385686442256,4.50921871466562,0.462374640454073,2.46556384605356,4.88783084368333,2.55009895819239,3.45406236121198,2.52700568456203,1.66494716145098,4.27727085817605,2.67208832968026,4.42946895002387,1.60251069860533,2.74002725235187,3.72266072640195,3.27089312532917,3.66338769881986,3.66627328051254,4.24979062541388,1.78067419142462,4.43344805622473,4.03874051128514,2.13715069621685,2.90982446470298,3.04041106026853,3.89518312551081,3.49323456326965,3.8667298136279,1.56371242157184,1.45170665020123,2.10203324211761,3.15121249807999,2.57892569585238,2.38985413545743,3.16519639920443,4.50762607948855,0.435377446236089,2.75598557549529,4.3361882888712,2.03711347049102,3.26064924616367,2.53098908253014,1.46687995712273,4.4046545191668,2.69347367808223,4.16282444167882,1.50119056273252,2.95825339388102,3.56258921441622,3.16589273465797,3.23166377225425,3.76148225693032,4.34320202865638,2.02606730838306,4.70873316936195,3.86191552435048,1.80321972660022,3.25746793532744,2.62669704621658,4.13070276845247,3.41594074387103,4.36377194675151,1.69392404006794,1.33698954549618,1.93275946285576,3.30212894058786
1.09425477893092,0.623239654581994,1.21949921292253,1.25330556835979,0.336824999074452,1.64730556658469,1.25767744961195,0.458828116068617,0.291467078961432,1.07361467916053,0.717287520994432,1.23028518888168,1.27772844396532,0.26036210852908,1.7809217335307,1.23611571756192,0.44249008296174,0.300065279938281,2.95914024603553,2.20770951034501,3.4256294358056,4.52758022584021,0.463212176109664,2.58870623866096,4.93831998389214,2.4683897276409,3.52826854214072,2.47984837181866,1.62335549236741,4.27788468659855,2.64026609924622,4.39548254292458,1.5690269327315,2.57767069712281,3.64658888848498,3.13837558729574,3.5270958377514,3.6984277239535,4.15068648429587,1.8048846705351,4.35916260100203,4.04086728068069,2.11999789928086,2.90619208477437,2.88881303311791,3.88338777050376,3.41945392405614,3.80413636332378,1.5174064009916,1.37507469323464,2.02058302197838,3.04765548114665,2.55048065564915,2.209492248483,3.09704365464859,4.53403986338526,0.433690208497865,2.87113327626139,4.46379046235234,2.00889486423694,3.35085615410935,2.62697348371148,1.43802720261738,4.41270082443953,2.75616065482609,4.18846107739955,1.49142794008367,2.78813784196973,3.46870191139169,3.12049202993512,3.22984235663898,3.82108977949247,4.24356825789437,2.01762973936275,4.59556345082819,3.8616839342285,1.76364339306019,3.16622940916568,2.65492888307199,4.11561717884615,3.30186926701572,4.34542613243684,1.72862646507565,1.28081099176779,1.89444120414555,3.14262205711566
1.08925001136959,0.653356571099721,1.19804762059357,1.32572307204828,0.333227421098854,1.78333371225744,1.26283096912084,0.473310593224596,0.30136229773052,0.975525044370443,0.778788033872843,1.21143083157949,1.3571844981052,0.311970043752808,1.87667069258168,1.23141482635401,0.462938420067076,0.315192681038752,3.02226363983937,2.40769112482667,3.74660292733461,4.4565163878724,0.439976114081219,2.57664028927684,5.00338749308139,2.50558454915881,3.69232936459593,2.48660864587873,1.62833069439512,4.22751981113106,2.81204286776483,4.55834375321865,1.66195251484169,2.49237301945686,3.6592923233984,3.25953914737329,3.59518844634295,3.63177560525946,4.01416762010194,1.84372811228968,4.3318660549121,4.30205891188234,2.19652760447934,2.8745695007965,3.12642599246465,3.82618950656615,3.41074201243464,3.77821848797612,1.56358532095328,1.42520533385687,2.1011544696521,3.11142890661722,2.56909274763893,2.44066102220677,3.13709995104,4.41758513823152,0.426694360736292,2.84843912534416,4.41568067390472,2.01628912426531,3.48206903162645,2.61847187578678,1.36251665500458,4.34455892909318,2.91213172161952,4.29449837841094,1.54764265136328,2.72405255353078,3.63335397047922,3.0657648711931,3.29397877096198,3.75595561298542,4.09209581138566,2.10826577944681,4.6461678231135,4.01743450248614,1.84388978383504,3.17305945593398,2.70915354555473,4.12479229364544,3.29697000869783,4.40975626581348,1.72756213869434,1.39502825005911,1.86767332500312,3.2908903490752
1.17754823365249,0.65244745509699,1.28551792423241,1.28846117737703,0.344577533425763,1.68588034040295,1.28272921242751,0.486191290314309,0.307095488766208,1.15297690080479,0.740234669414349,1.29476866312325,1.32123152166605,0.278358464012854,1.77562220208347,1.25392898824066,0.478161440463737,0.300413199234754,3.09989743726328,2.27770463773049,3.57331054564565,4.58537954697385,0.474166138621513,2.62312257336453,4.78451373847201,2.4984025452286,3.47837600740604,2.63513961434364,1.6910225446336,4.28419086965732,2.67906669294462,4.40706176776439,1.58901214820798,2.69888071157038,3.71146590262651,3.27263302681968,3.60225188871846,3.64334626973141,4.23951457883231,1.8071917721536,4.50692530279048,4.00210407748818,2.19452330470085,2.9663875446422,3.11320899432758,3.95015083742328,3.57668780593667,3.84287001774646,1.52995558455586,1.41911603370681,2.23662247182801,3.16412738733925,2.62243141955696,2.25054411438759,3.16901666624472,4.57921607373282,0.42675170279108,2.8926405031234,4.2808111589402,2.05621465970762,3.26623292104341,2.58361104712822,1.4662106782198,4.42020725214388,2.70114496257156,4.18174306955189,1.48364837048575,2.94590398762375,3.61519278911874,3.1697504830081,3.26585083082318,3.75262563722208,4.32204544497654,2.03121354710311,4.75670707039535,3.76926657068543,1.84846469887998,3.23195623164065,2.7142540696077,4.14883624063805,3.50104304077104,4.36927896738052,1.70565412356518,1.28727775556035,2.03409340442158,3.29700176464394
1.1064638486132,0.635713042458519,1.2181946785422,1.29723396617919,0.357068128418177,1.69585158256814,1.21183223836124,0.462968517036643,0.273757502203807,1.0324349058792,0.786483290838078,1.22966995462775,1.33591114915907,0.2730437774444,1.79920832114294,1.19499982369598,0.423108375049196,0.281724980624858,2.91626244806685,2.29248359939083,3.54677497735247,4.56158803310245,0.452041473530699,2.55912863695994,4.88942849868909,2.39311847183853,3.50701661384664,2.66212951205671,1.52578561950941,4.3524363823235,2.68878958467394,4.4181006392464,1.58101224724669,2.49225803138688,3.50066463754047,3.09801972343121,3.46036209119484,3.74931687954813,4.08985440107062,1.75090138515225,4.31364073461737,4.15798107068986,2.12927430309355,2.71642442559823,3.08834090927849,3.98645409196615,3.34304975043051,3.80724937818013,1.61280168360099,1.36528545361944,2.00509535241872,3.04945623176172,2.50865146995056,2.34621586161666,3.10102122067474,4.5539512746036,0.420333753572777,2.80677764257416,4.34680325398222,1.95958750252612,3.28263044939376,2.80875319242477,1.35399437570595,4.4776052730158,2.78076734824572,4.20966675598174,1.50205766106956,2.73172288015485,3.51936350110918,2.97046134271659,3.14294724119827,3.84405767498538,4.19056652346626,2.04293126286939,4.68132906919345,3.89076225459576,1.78677102999063,3.18623991165077,2.64139830414206,4.2319288784638,3.20986919139978,4.44604242360219,1.78284868627088,1.30561873177066,1.80433760734741,3.24810846010223
1.19264297746122,0.697245750110596,1.25507797894534,1.38058566348627,0.378030679188669,1.74535205517896,1.30986919859424,0.546015274012461,0.333673532411922,1.01558138581458,0.836373189114965,1.29876337246969,1.47667931066826,0.343635009427089,1.80189266335219,1.26358754187822,0.512484638718888,0.341946587665007,3.26606364292093,2.49308991502039,3.8763827001676,4.66459621861577,0.509751247678651,2.73283034842461,5.02865178370848,2.65887481544632,3.75046973387362,2.70311218255665,1.8127637373982,4.46623777830973,2.97355010150932,4.74009783752263,1.68932775314897,2.72121791890822,3.93329376960173,3.46920834574848,3.84870078996755,3.75971160107292,4.21545931929722,1.80517638294259,4.59420153638348,4.40453447168693,2.39861414261395,2.9796286970377,3.32800642657094,4.01579367928207,3.67993346473668,4.12046596012078,1.69111955206608,1.52389160194434,2.3002750617452,3.36240244016517,2.85493021341972,2.41464940179139,3.37283569423016,4.64978615893051,0.440824968565721,3.01367471017875,4.27895631222054,2.10202234669123,3.53419862809824,2.70434457715601,1.610394982039,4.55877167358994,3.00473877927288,4.35706322267652,1.62767821189482,2.87187219690531,3.9651863751933,3.31766884331591,3.49818034935743,3.86305510858074,4.37113415775821,2.11555192549713,4.88114950107411,4.02898194501176,1.94842140865512,3.34090944501804,2.75460254645441,4.42951759137213,3.5394870165037,4.71555947558954,1.68233469774714,1.42600527498871,2.09693994547706,3.53220343659632
1.14089604187757,0.670188168762252,1.26327657705406,1.34052620865987,0.391851495602168,1.70240483619273,1.21468878141604,0.459601606591605,0.308527112589218,1.05893492372707,0.798913730308414,1.28322511352599,1.3729183152318,0.29804050718667,1.83652200293727,1.19200657249894,0.451492580410559,0.320418298477307,2.98901049839333,2.42189212376252,3.59083726373501,4.53266910929233,0.429882021460799,2.51406506635249,5.00860721757635,2.44124218355864,3.67948599904776,2.51073398720473,1.60423804458696,4.31871247384697,2.82172289700247,4.59974200557917,1.61866483598715,2.68054061569273,3.75516512873583,3.17036672425456,3.59800328104757,3.63980187568814,4.249803296756,1.79703640774824,4.47317811613902,4.25498211476952,2.24080616750871,2.87182532506995,3.11389341554604,3.9375546136871,3.40798853535671,3.90222078189254,1.78127053735079,1.44523975963239,2.18448954005726,3.26059590146178,2.54499709163792,2.45084415213205,3.09708393301116,4.51371807092801,0.385556933179032,2.78292815294117,4.4148387867026,2.03385832719505,3.42998510354664,2.66873810719699,1.41064081375953,4.47680804040283,2.94549987977371,4.28181759826839,1.48543057101779,2.92174307676032,3.73341100802645,3.09749052301049,3.32952053309418,3.75681922864169,4.3037917339243,2.07438596035354,4.73394261114299,3.95221151318401,1.85881126928143,3.21238495712169,2.67690770654008,4.20709044206887,3.25429064943455,4.5170872407034,1.84516766465094,1.37624144670554,1.98305909230839,3.42494036233984
1.21460923668928,0.66979995649308,1.28686260106042,1.2831846550107,0.338515816285508,1.62407047639135,1.23241953464458,0.452458640211262,0.287852220935747,1.13060766225681,0.808505862718448,1.29367364291102,1.31106173666194,0.268468635738827,1.71755276701879,1.20583489909768,0.41673925658688,0.292874158476479,3.04074867547024,2.24083621613681,3.54810728004668,4.52632509113755,0.421503041899996,2.62756764190271,4.79790670145303,2.40606241766363,3.41517288525938,2.66140541015193,1.53511030680966,4.36315140669467,2.53256197727751,4.35056666564196,1.5602636737749,2.57069572620094,3.56133948708884,3.1564704910852,3.52896732394584,3.66887591429986,4.17981536418665,1.81576959427912,4.34235237701796,4.0263693893794,2.08270231401548,2.69483140806551,3.02636806364171,3.92200146988034,3.48379942961037,3.75499784713611,1.54559316311497,1.33385889802594,2.08489154605195,3.01310714147985,2.55148574057966,2.25888445181772,3.12548530870117,4.49255014024675,0.381210296996869,2.87518433853984,4.26709108706564,1.99417809257284,3.19354877946898,2.70578588079661,1.33094091061503,4.49702133517712,2.57795340777375,4.10340909613296,1.50873673753813,2.76861217431724,3.46117813047022,3.09163722582161,3.15166795765981,3.74608480161987,4.23748299572617,2.01909680711105,4.6374643612653,3.81833836296573,1.74062512721866,3.15881853015162,2.55359846912324,4.18208986101672,3.33384071697947,4.29591610748321,1.65022467728704,1.24636148952413,1.86395704967435,3.21862791315652
1.14614361058921,0.608553820522502,1.21993153699441,1.32176228519529,0.348735613224562,1.65984502599167,1.34005610982422,0.507794611039571,0.302552218781784,1.12113245832734,0.71727627585642,1.23295712051913,1.34588081063703,0.293988147284836,1.7713346129749,1.28728536446579,0.490124332602136,0.290582777175587,3.18894744617864,2.53156103380024,3.70919436123222,4.58369333064184,0.488295132643543,2.53683119546622,4.93108721100725,2.62090684333816,3.56221895926865,2.41540415311465,1.74036919618084,4.30594219639897,2.828232261003,4.61767521081492,1.57370150322095,2.72740681190044,3.79640149488114,3.42098071612418,3.78464700141922,3.72368228645064,4.18316777865402,1.80687262368156,4.53624778194353,4.10156021267176,2.20706535270438,2.97270692989696,3.13029558316339,3.95373831735924,3.57222452026326,3.95176720898598,1.62017028318951,1.53548882273026,2.26203097286634,3.3483680812642,2.63258374814177,2.44661828037351,3.32161784806522,4.62104711402208,0.40531259943964,2.7493982212618,4.38385082036257,2.10852819454158,3.35031485930085,2.50755148380995,1.50224170682486,4.4562616716139,2.84593643015251,4.31483119167387,1.46996147371829,2.92775202728808,3.53614478744566,3.29483151331078,3.2728292637039,3.83152667200193,4.2224678886123,2.09539008315187,4.78134715277702,3.95837046322413,1.85577234812081,3.26716606458649,2.69436098122969,4.24365384271368,3.37664718250744,4.47277128946735,1.61465308954939,1.32363491482101,2.07237569103017,3.47839751455467
1.12692023580894,0.70044777658768,1.29965597367845,1.36167200282216,0.366822086274624,1.77865351503715,1.22809306764975,0.455592291196808,0.308094796957448,1.03381207282655,0.820438795955852,1.30261146184057,1.3497824864462,0.294134302763268,1.88653134182096,1.18757509381976,0.43594737094827,0.299893401213922,2.95348712010309,2.41295833047479,3.65424859616905,4.59411605400965,0.397294406080619,2.64707126235589,4.91545218136162,2.34559279493988,3.56478802068159,2.4919956587255,1.5776862995699,4.32538145594299,2.71505678910762,4.43038643244654,1.65921936440282,2.55438871495426,3.61164681683294,3.2171865797136,3.56535021169111,3.61534443264827,4.12528119329363,1.83147831645329,4.38437122385949,4.14934982336126,2.07035563327372,2.80832438520156,3.01737330970354,3.90752062224783,3.41518666222692,3.83635126356967,1.60421549022431,1.37665379792452,2.11323604662903,3.08660406724084,2.47065926715732,2.38415736169554,3.08718860987574,4.58268820727244,0.37007604149403,2.93590527540073,4.40135903609917,1.92771075386554,3.30753544485196,2.69136710930616,1.31312346365303,4.477463982068,2.72165692877024,4.2335811406374,1.54165158304386,2.77323613269255,3.53291229065508,3.08302119746804,3.12672907696106,3.73111385689117,4.17020972538739,2.05131029058248,4.68098279368132,3.87553625740111,1.74568419915158,3.1674089289736,2.5277860610513,4.18843258824199,3.32828815234825,4.40173836797476,1.80387778184377,1.26062306482345,1.86644697375596,3.25300361774862
1.17837188299745,0.700804406311363,1.267546705727,1.34975273744203,0.355129895353457,1.75957900787762,1.33044261485338,0.487337077211123,0.31874947831966,1.01521508907899,0.83516180398874,1.30343351466581,1.39303090272006,0.294301259244094,1.8335048602894,1.29591313574929,0.457589414087124,0.333072936744429,3.16017373581417,2.30511756241322,3.53598189819604,4.53868815302849,0.462479002948385,2.69612937816419,4.87854840233922,2.46430888667237,3.48804843320977,2.56700317561626,1.59429553548398,4.3292041317327,2.65964552434161,4.38288915739395,1.585988551029,2.60347144934349,3.57503077969886,3.17368417955004,3.52594133582897,3.7321966374293,4.22600311855786,1.89064899482764,4.44216505755321,4.08176617138088,2.2364463818667,2.91848276369274,3.08454614470247,3.93471601232886,3.59658297698479,3.80302913021296,1.51826439640718,1.43786210357212,2.19959331047721,3.07770618132781,2.63187656976515,2.27179779112339,3.11959575401852,4.58397292206064,0.416195102385245,2.9331231773831,4.26199233066291,2.01652882364579,3.26272559538484,2.61112497095019,1.35642457538052,4.44555348902941,2.67979234876111,4.13744036946446,1.49071869184263,2.81153116561472,3.59301803167909,3.05688931047916,3.16384102916345,3.84723801747896,4.29407331347466,2.16899428563192,4.69888624083251,3.8283683648333,1.86126745084766,3.26025216386188,2.68577638664283,4.1408675853163,3.49392492952757,4.36307943891734,1.6527638490661,1.24281142419204,1.95128882711288,3.18455383344553
1.23315757932141,0.653028623084538,1.30110630998388,1.37349998182617,0.365117015026044,1.73343001655303,1.30616912420373,0.503747895418201,0.323130275704898,1.12420060893055,0.825557393836789,1.33860007137991,1.44001226651017,0.309748242958449,1.79846000624821,1.30328675592318,0.48920533771161,0.334999435348436,3.14730728184804,2.2776362458244,3.76662502274849,4.64741384092486,0.479606610839255,2.81462981039658,5.12054610997438,2.54508022079244,3.63668270315975,2.7226306158118,1.70748584612738,4.46771589620039,2.79752527992241,4.7491874168627,1.64003233949188,2.732505870983,3.76785373245366,3.41277416190132,3.65504213096574,3.72376259695739,4.43904312257655,1.79845856688917,4.58549063932151,4.2053249089513,2.23446242837235,2.94419158250093,3.27592933131382,4.04177963873371,3.63557450042572,3.82684851938393,1.70887191640213,1.45774906710722,2.17007152130827,3.24975663953228,2.57799814012833,2.31375368218869,3.24824005307164,4.64408878888935,0.418215987854637,3.10563119174913,4.32568003144115,2.02538677910343,3.36128365551122,2.84296843083575,1.56784726673504,4.61438788007945,2.87470169551671,4.35264217946678,1.54128540994134,2.92519450094551,3.93181900307536,3.15677347918972,3.56228972133249,3.8306831959635,4.57156124780886,2.13928594975732,4.89565395703539,3.8562359767966,1.85800371924415,3.45218878006563,2.72310138074681,4.38913201540709,3.53988274745643,4.56991950952215,1.73061167926062,1.38682494359091,1.97830050578341,3.4351669375319
1.23796456120908,0.65290694264695,1.27856080443598,1.29441814997699,0.32004122203216,1.75325066951336,1.32778781908564,0.461939206987154,0.303955846931785,1.1209366871044,0.788436353439465,1.28961622389033,1.32147497031838,0.296052531222813,1.82344816881232,1.26409920537844,0.418983887298964,0.31541398842819,3.09524303581566,2.23448825720698,3.58375274995342,4.68427322991192,0.462699304101989,2.69583128858358,4.98137396853417,2.41719311231282,3.57691793353297,2.47061631502584,1.64014794985997,4.43375816941261,2.60823997040279,4.46575278276578,1.61868237005547,2.55556686548516,3.64609515224583,3.19448386877775,3.58071253239177,3.75919338362291,4.2927022841759,1.78399452858139,4.41889163572341,4.17706415988505,2.14326813793741,2.91624900861643,3.14586922561284,3.95665987022221,3.57015369960573,3.7921602758579,1.56016773590818,1.39552467572503,2.07775478740223,2.96073732513469,2.54939453856787,2.28429958131164,3.0176734609995,4.65789782069623,0.406520361662842,2.98667145054787,4.32011127378792,1.87881103297696,3.36867402191274,2.52856877073646,1.27628082886804,4.55929737351835,2.63204723224044,4.13457622891292,1.52670749928802,2.78406452480704,3.46231546043418,2.94159153010696,3.04898946569301,3.86259835213423,4.34512002998963,2.05849843355827,4.7121327938512,3.95735198957846,1.7795680644922,3.25192282540957,2.68445731094107,4.23746731318533,3.47094961162657,4.36720615625381,1.6695480280905,1.25383483828045,1.84540340746753,3.13405360816978
1.21888343710452,0.683311905246228,1.29744628118351,1.34061135281809,0.338302142044995,1.79366769245826,1.29542923747795,0.457914509868715,0.301762823713943,1.08950635232031,0.816761163063347,1.30625486467034,1.3386607284192,0.288004110392649,1.91881073941477,1.25602147122845,0.428230685880408,0.305682509904727,2.96662223483145,2.41257519787177,3.5383915877901,4.55208996124566,0.411054345662706,2.52656507724896,4.87972440291196,2.3792395676719,3.55549483257346,2.51606904435903,1.58580454182811,4.2960119266063,2.69634344615042,4.46654728427529,1.65013529453427,2.54582169279456,3.52399004076142,3.14005674934015,3.47856759978458,3.56742075574584,4.21905022219289,1.84015633980744,4.35471834987402,4.21121252514422,2.12758783646859,2.75600225199014,2.97871289937757,4.05196100240573,3.36031521216501,3.79135157796554,1.62887671380304,1.37198898219503,2.04509718110785,3.05252328701317,2.4204843826592,2.40015420364216,3.04006589110941,4.52318086056039,0.393061566515826,2.77004916686565,4.31160321971402,1.91390608856454,3.330107412301,2.70309779141098,1.3475652821362,4.43260238412768,2.74624162307009,4.24600440589711,1.52048798906617,2.76176451612264,3.41920359712094,3.03504714788869,3.0937869399786,3.67709037754685,4.26227302453481,2.08831421472132,4.63829798903316,3.94986227760091,1.76838085916825,3.13505581533536,2.60058052814566,4.19472421333194,3.23674413561821,4.302037646994,1.74460441991687,1.31358989083674,1.80912177955906,3.17251876369119
1.2543282143306,0.700912408996373,1.29542277340079,1.34243571310071,0.362692954833619,1.68928324524313,1.26805321569555,0.466327476489823,0.296041411813349,1.16618515737355,0.8485638119746,1.29882771987468,1.3557475253474,0.283037403365597,1.834715455072,1.2472125319764,0.436682365252636,0.295752491452731,3.04065131396055,2.38551300531253,3.68396997591481,4.66670498903841,0.463520945617347,2.612807193771,4.93720475817099,2.64727644110098,3.52496450959006,2.49885085225105,1.63247057050467,4.41422585211694,2.61349585768767,4.54587031621486,1.62729804159608,2.725954066962,3.72947648749687,3.28416770207696,3.6745689380914,3.68796956655569,4.29190777475014,1.79843146551866,4.44425979565131,4.08494953787886,2.02552920061862,2.84322463348508,3.00323890095751,3.85756828589365,3.43734095228137,3.74874509731308,1.55641644075513,1.40746393613517,2.21845192974433,3.1732857786119,2.49060350120999,2.41767015215009,3.13914380926872,4.65252572530881,0.431784749031067,2.90168077964336,4.47894289484248,2.11420064978302,3.32769930013455,2.60201588412747,1.46212806709809,4.58334889821708,2.69168624607846,4.32526466064155,1.56341851997422,2.94533482426777,3.63517902512103,3.17318436154164,3.35033352370374,3.84248063340783,4.37743103643879,2.09496487583965,4.7423433791846,3.90238424949348,1.76261501532281,3.34791952371597,2.63954039430246,4.07451965194196,3.3703802889213,4.35601616557688,1.70879792748019,1.30717419786379,2.01404351659585,3.32277861912735
1.2626596421469,0.673671277472749,1.30936467740685,1.3483608661918,0.359884158940986,1.72441813978367,1.27670399670023,0.442185794061515,0.289881195407361,1.17179312556982,0.797059061238542,1.29694420285523,1.31122277351096,0.266004031058401,1.85510188527405,1.23235982621554,0.421092110686004,0.289959840418305,3.08319193823263,2.3101593372412,3.50129906157963,4.62132859183475,0.422510607051663,2.63100594189018,4.82989539718255,2.43001877656206,3.49095748271793,2.4702239651233,1.5974563001655,4.36261519859545,2.649735353305,4.37770415004343,1.67020554828923,2.71601471537724,3.6197193809785,3.17977789067663,3.6018268824555,3.67405009036884,4.24619906325825,1.78283802513033,4.4592904105084,4.1162837240845,2.05472535244189,2.79741256404668,2.94052294665016,3.99171160324477,3.55098907079082,3.82258629682474,1.60453282343224,1.36960839177482,2.10778142244089,3.06949115823954,2.50407439214177,2.3039771548938,3.01549632567912,4.61474570678547,0.411823945585638,2.91851365147159,4.45248326379806,1.97803717851639,3.28916954994202,2.61664000339806,1.32668618159369,4.52424558531493,2.7197795426473,4.21625925367698,1.54483928787522,2.95388049492612,3.39260979136452,3.00878835679032,3.12275481130928,3.80079323449172,4.27466702647507,2.03034579474479,4.69304112810642,3.996831250377,1.74414201488253,3.16616346687078,2.57007699506357,4.1339748641476,3.40697553521022,4.32826920412481,1.77458126097918,1.28235349291936,1.85791925364174,3.17289552907459
1.04579328699037,0.638232733821496,1.17872897954658,1.30910396523541,0.33423124923138,1.73891670827288,1.21459281555144,0.477937728632241,0.271955768344924,1.01739724865183,0.778639931930229,1.18601226946339,1.34470419958234,0.282236012280919,1.82956082047895,1.18529221456265,0.437753637437709,0.268706859205849,3.02812717016786,2.3951927262824,3.59020030824468,4.52645791508257,0.431453984812833,2.41460830625147,5.04569066967815,2.47075254144147,3.52274719323032,2.4719083160162,1.59988612483721,4.3138415524736,2.67730731016491,4.43579933745787,1.64424264087575,2.54991138179321,3.69308226334397,3.17017422919162,3.64751312322915,3.71667463309132,4.12041718233377,1.73579444852658,4.44984857225791,4.21533393114805,2.09471097437199,2.80637141270563,3.05084515945055,3.87912905262783,3.37062696629437,3.92840221419465,1.62175132869743,1.35200583469123,2.16329126269557,3.09983878466301,2.45442130789161,2.34255067422055,3.1220881100744,4.55211601126939,0.403492449433543,2.70936587173492,4.43397600948811,1.90276734856889,3.30514444725122,2.5249726800248,1.31491321092471,4.435292375274,2.72046033618972,4.20793234650046,1.54094119509682,2.74286293517798,3.4851978677325,3.01422975375317,3.10149431810714,3.84412346221507,4.16007856628858,1.98969569266774,4.69390956824645,3.94520859792829,1.73469036957249,3.18603684287518,2.59637772617862,4.12737816758454,3.23162953578867,4.4582980000414,1.75239495933056,1.24119329405949,1.96946198213845,3.23694375809282
1.23316109506413,0.687337395735085,1.31992430525133,1.37123788919416,0.375844348047394,1.75238578533754,1.31626381125534,0.517119475698564,0.324700511991978,1.16925454628654,0.825229904265143,1.34232599614188,1.41920750681311,0.29973865847569,1.88817804632708,1.32094437710475,0.49050343374256,0.325943169300444,3.15939812746365,2.35159266600385,3.81498550856486,4.63614652026445,0.46649974398315,2.60804671514779,5.01824998296797,2.63863931363449,3.58723675680812,2.57455073576421,1.67332623736002,4.4148245472461,2.68903211795259,4.62047407776117,1.60516069619916,2.86134721059352,3.71379940316547,3.3690688572824,3.70562573545612,3.64813163154759,4.44802118465304,1.82592893473338,4.54445456189569,4.1874839537777,2.23899018639349,2.94828561414033,3.13525589741766,3.99360285932198,3.61276317748707,3.8263037763536,1.59816095471615,1.41223761299625,2.15759235294536,3.2038242390845,2.7063056686311,2.36819058982655,3.32817252230598,4.65339767374098,0.449485719087534,2.97158735711128,4.38116903277114,2.15753264073282,3.39248648588546,2.73130709119141,1.50402790942462,4.56775130238384,2.8081127316691,4.35372744733468,1.54521324671805,3.0578635847196,3.66904834564775,3.20520937861875,3.3699968920555,3.76417407626286,4.55309751839377,2.12466803216375,4.86749036796391,3.90594910737127,1.87860019435175,3.33529448427726,2.74290346493945,4.31645246036351,3.54928591626231,4.5291370684281,1.79316081630532,1.36587734124623,2.00431643100455,3.37595785572194
1.16296856012195,0.643386088078842,1.24410613323562,1.33895391318947,0.318798264604993,1.76152236107737,1.29382360272575,0.476680887688417,0.292720398167148,1.06078901258297,0.771410194807686,1.24940941948444,1.36506426194683,0.294934149365872,1.87007999815978,1.27109345956706,0.44173946895171,0.303236146166455,2.98657280602492,2.34583064145409,3.65233426215127,4.52692593634129,0.452671093633398,2.55730283353478,4.95973948203027,2.46838898817077,3.57398480549455,2.44500262290239,1.64750019682106,4.31471150065772,2.6727346162661,4.44854365754873,1.65573477209546,2.64973455597647,3.59829345252365,3.18684571050107,3.5470204949379,3.63811238238122,4.28260776447132,1.81759074702859,4.47565952432342,4.23427880182862,2.11179666267708,2.88153164950199,3.09195226442534,3.83055722992867,3.49261183547787,3.78257969964761,1.59533807635307,1.36088693526108,2.19231411116198,3.08145622350276,2.46300501096994,2.35389676259365,3.09459257312119,4.52480438863859,0.414084222516976,2.85967686516233,4.35910008149222,1.96413342561573,3.36173963011242,2.6300776489079,1.33208018750884,4.46096918301191,2.71268851589411,4.2009462248534,1.58570622222032,2.88763365149498,3.44424395868555,2.99065940850414,3.13796330289915,3.76075078453869,4.3229261020897,2.06972623569891,4.77375461510383,3.95426636282355,1.76159246132011,3.20857349294238,2.62126319343224,4.14180148905143,3.42058388073929,4.34894857415929,1.77304254693445,1.27020326070487,1.94666451448575,3.24501753598452
1.25841263635084,0.664413779741153,1.33272026618943,1.38523325737333,0.390870844013989,1.70992471394129,1.29608018952422,0.486302846635226,0.306984159047715,1.19427079614252,0.800694525241852,1.36204549920512,1.43737090658396,0.30830680084182,1.8318707360886,1.24904691032134,0.462928171851672,0.330543372663669,2.97355414740741,2.25281721260399,3.62160777952522,4.72247517947108,0.458154386084061,2.73871104186401,4.97812943439931,2.3994093388319,3.49601514649112,2.4997851960652,1.59338502085302,4.49170291144401,2.62602189835161,4.32121773343533,1.59941012237687,2.67203250597231,3.72893863194622,3.12297111935914,3.62003839435056,3.6843638936989,4.4524203336332,1.7813638788648,4.52710631204536,4.08664956782013,2.17119033454219,2.9931282409234,3.00709501345409,3.99036862980574,3.48423690651543,3.8442912469618,1.53712296515005,1.36106834979728,2.05212956061587,3.02710187248886,2.56841355515644,2.25383554911241,3.16797677683644,4.74211708782241,0.408894156164024,3.05105853732675,4.3362623709254,1.85176585710724,3.31045113434084,2.78098117979243,1.36588492902229,4.64244676800445,2.704743870534,4.03928232844919,1.53994024218991,2.87873730855063,3.65595127083361,3.12206260347739,3.31049044732936,3.80915926187299,4.5311259268783,2.00502682151273,4.77029232261702,3.83250944130123,1.80575218237936,3.26526406221092,2.63798542832956,4.33606206905097,3.42313736700453,4.36379165318795,1.5567597753834,1.27859369595535,1.83512170147151,3.16816820454551
1.22612788807601,0.628788814647123,1.32985344412737,1.30111553473398,0.357919672038406,1.65728708030656,1.30013056565076,0.470899608451873,0.296433423063718,1.15553062572144,0.754596386570483,1.34739068651106,1.33237123466097,0.271167647413677,1.75714141945355,1.27942377259023,0.438668026588857,0.295635342947207,3.14777674712241,2.25862834614236,3.62103518215008,4.72915716841817,0.455945575726219,2.67850364558399,4.99097163323313,2.42420248338021,3.51630983466748,2.62269353866577,1.67012337874621,4.51028309529647,2.65525573841296,4.57716752495617,1.61123535723891,2.83325855433941,3.70154463592917,3.25356268743053,3.65258368197829,3.83178638387471,4.53065222740406,1.775064276997,4.65675889421254,4.14691693359055,2.13714272109792,2.81714553688653,3.08353701047599,4.07194150891155,3.64288653689437,3.88787857908756,1.59449676470831,1.43012520181946,2.07898321584798,3.1447475461755,2.6782101605786,2.254048735369,3.16535694105551,4.70781797496602,0.427986990194768,2.99314544489607,4.33268503984436,1.94690656522289,3.28354912961368,2.65262371767312,1.45637082293979,4.65094643458724,2.70046672015451,4.36229435633868,1.51079163374379,3.01670175325125,3.57655612821691,3.12141886726022,3.26265385770239,3.90980875468813,4.60341370338574,2.02774870290887,4.93561782781035,3.91248389566317,1.77055123541504,3.2318220383022,2.67742953589186,4.40916732524056,3.52521562215406,4.45601957477629,1.72290544374846,1.35149806324625,1.93007902335376,3.34096728265285
1.14860832784325,0.62975695473142,1.28093653381802,1.28026231867261,0.342758910963312,1.70619353465736,1.26588505448308,0.46413421491161,0.255882908415515,1.12144090700895,0.763707809499465,1.26398723106831,1.26351689361036,0.253626865334809,1.88796226261184,1.24241387541406,0.425413534743711,0.261495941842441,2.95434426469728,2.2648200513795,3.42556300014257,4.53038022015244,0.418813603668241,2.48293265979737,4.75186987943016,2.3907895386219,3.47242867050227,2.44874039292336,1.58313406305388,4.23542747087777,2.58701091492549,4.28193198237568,1.61085826496128,2.74655276443809,3.54920199466869,3.08278471510857,3.55171476723626,3.5829821418738,4.3715253257833,1.66682680282975,4.5089895054698,4.11958743166178,2.04457091749646,2.74089325964451,2.89780857926235,4.07650257833302,3.45092361606658,3.82791865221225,1.56073305109749,1.38554079062305,2.07289206550922,3.03199199936353,2.45194429252297,2.24342326913029,3.0170935918577,4.54157197335735,0.40969680895796,2.76573400571942,4.43020704202354,1.89706536894664,3.23931499035098,2.56254241522402,1.35683174955193,4.41847783420235,2.65384437446482,4.151553704869,1.50546394428238,2.97043257951736,3.36971975234337,3.0275038855616,3.10232773283496,3.71037112921476,4.43461635964923,1.91771333821816,4.79007992148399,3.91784782055765,1.74742512428202,3.11528519983403,2.63346363743767,4.22961955843493,3.37933955062181,4.34282594174147,1.72547364141792,1.23426596284844,1.84610388427973,3.16992285067681
1.13677569013089,0.65261269104667,1.24281165888533,1.2949531765189,0.307613154960563,1.66076461574994,1.27332314103842,0.478991658135783,0.31330612115562,1.02436757134274,0.781992762815207,1.26340017933398,1.33204309362918,0.296101068757707,1.75938140647486,1.22932689939626,0.451063315151259,0.3240910184104,3.01361601223471,2.26392287947237,3.61411216133274,4.47088771639392,0.421412208583206,2.6641908227466,4.85273235151544,2.41632952471264,3.4536490845494,2.43352029193193,1.61578492843546,4.20277475449257,2.57933982065879,4.33365024346858,1.54724677640479,2.54477327968925,3.63761031767353,3.19894304173067,3.52265480521601,3.58053537202068,4.23183928546496,1.79794382932596,4.40853429120034,4.065723949112,2.07056540562189,2.92863883916289,2.98266376927495,3.78558573592454,3.44748799098306,3.76660982472822,1.46348240785301,1.313898838358,2.09979359921999,3.04581848508678,2.48907479690388,2.31112971738912,3.11845719185658,4.46758387703449,0.381703815772198,2.95836888672784,4.29391141561791,1.8963789572008,3.24001173069701,2.53112406050786,1.35533823035075,4.35401870543137,2.60511390538886,4.11452706996351,1.47344888630323,2.78042238298804,3.54004015773535,3.03047567559406,3.16371868597344,3.73184158885852,4.27877212548628,2.03439328377135,4.68314379546791,3.84121588943526,1.74700254062191,3.21269001672044,2.69055349333212,4.02623640745878,3.42139260598924,4.32591862371191,1.59451183097553,1.19950453902129,1.88143211632269,3.19817713671364
1.12074827635661,0.574748693499714,1.2064946917817,1.28346404532203,0.330330947064795,1.82397055719048,1.248037237674,0.467185245477594,0.276382796175312,1.01782807707787,0.69240134418942,1.20963422767818,1.26313546812162,0.266968623327557,1.92713163979352,1.20610773644876,0.444333676598035,0.27639529487351,2.96161261945963,2.40612088050693,3.5013821804896,4.599673721008,0.419973457697779,2.47600553836673,4.86629470298067,2.40584682114422,3.65586823760532,2.52592824865133,1.5952799723018,4.29939955659211,2.82241002772935,4.44673098949715,1.72380251489813,2.4928921185201,3.65118291939143,3.19713267043699,3.56108366232365,3.63085882621817,4.13654484320432,1.79627083725063,4.43157682317542,4.29843783355318,2.18120150646428,2.79703276138753,2.9508804907091,4.04915465041995,3.36269145598635,3.78190023079515,1.67023954051547,1.32957645098213,2.08432358223945,3.06372502795421,2.37949765601661,2.36239139689133,3.00487474957481,4.56943957461044,0.409738582675345,2.74472687614616,4.40159209351987,1.89585355995223,3.40728874527849,2.67585468152538,1.31102879089303,4.43507414311171,2.90137320710346,4.28320711385459,1.56859820801765,2.7267914544791,3.46646358142607,3.01971484068781,3.13162192632444,3.74188987514935,4.18193089531269,2.02768550463952,4.7104604060296,4.04521193914115,1.82454789627809,3.11870131455362,2.57212526537478,4.18672312796116,3.2253551700851,4.33560682320967,1.82941774977371,1.24431401304901,1.84195240749978,3.19840592425317
1.2458691126667,0.718506087549031,1.38196198642254,1.36853329127189,0.385183959442656,1.69539472134784,1.32446453580633,0.453984489606228,0.306826172745787,1.1628613343928,0.842161681270227,1.38186456356198,1.36315826512873,0.285319452203112,1.85241164988838,1.30352659570053,0.421845757286064,0.320855439524166,3.0298647757154,2.34487182367593,3.63170355604962,4.56633766833693,0.438089825212955,2.69524390716106,4.96771389432251,2.38442203914747,3.47126664267853,2.55229760892689,1.61230623419397,4.3344697089633,2.6338050304912,4.39592944923788,1.55412184121087,2.72074229829013,3.6539172527846,3.13289320934564,3.55040379034472,3.6172208962962,4.52507011662237,1.83600030560046,4.54092538915575,4.0949329379946,2.0705132233561,2.8011865359731,3.08840985305142,4.00489525869489,3.47081397485454,3.84171517565846,1.62436151690781,1.3457348102238,2.05844306573272,3.09051459655166,2.50060155452229,2.37821350758895,3.01988198893378,4.58395031560212,0.397788628994022,2.98393021477386,4.36537899216637,1.91458334890194,3.22172066522762,2.79158716090024,1.33831373180146,4.5324389077723,2.69955741963349,4.22471812879667,1.46615537186153,2.97927808668464,3.49573548976332,3.01338236941956,3.16010202560574,3.77428649971262,4.55496610538103,2.10712048504502,4.81201479863375,3.8541516023688,1.74704261042643,3.26053477311507,2.6396755464375,4.22296700812876,3.45448185142595,4.37508160993457,1.77077593654394,1.24325543365558,1.88551285816357,3.21113194175996
1.18295886740088,0.60247941268608,1.25485901278444,1.32418045692611,0.332380687701516,1.66434434382245,1.23018804175081,0.454880212957505,0.276516469661146,1.10724209318869,0.729377235868014,1.253263739869,1.35509984951932,0.272570524044568,1.75679574062815,1.21172685315832,0.444228544598445,0.27201420176425,2.93197759590112,2.27450849162415,3.67546050576493,4.6686127372086,0.445389196102042,2.60712307225913,4.83606954244897,2.41773939714767,3.4709443183383,2.53810854442418,1.59384293248877,4.40373950405046,2.64183272607625,4.42988170310855,1.59837742289528,2.65906667010859,3.63854371476918,3.2230510013178,3.60747936367989,3.72271318244748,4.21649443916976,1.73539988245466,4.46261000423692,4.1252172794193,2.05046212283196,2.87663750036154,3.03014724643435,3.94078613468446,3.43032778589986,3.85700092231855,1.60182587412419,1.38442938798107,2.10425685363589,3.12367481132969,2.44186055194587,2.2858253181912,3.15423392131925,4.64816745556891,0.404460418678354,2.86589066125453,4.30870013078675,1.98711212957278,3.30663145286962,2.688771170564,1.38392351506627,4.52489434112795,2.68545969203115,4.18551161698997,1.51049064076506,2.87130164448172,3.55095750535838,3.07672720216215,3.18661404936574,3.81046070065349,4.29419487342238,1.9854170801118,4.74934129137546,3.95461430633441,1.71191259275656,3.213711126009,2.65832292020787,4.24163532536477,3.33024874981493,4.38119199476205,1.78629604791058,1.34251426008996,1.93802633415908,3.25630565965548
1.21098322980106,0.648698655772023,1.28456482221372,1.30991010752041,0.372365441871807,1.61533134779893,1.2331814795034,0.453329958079848,0.284536201274022,1.12027914472856,0.774008952779695,1.28410029783845,1.35138586978428,0.275528854108416,1.73796838638373,1.19188452337403,0.445581029649475,0.285772933857515,3.05852566775866,2.29602055635769,3.62248274637386,4.58808056684211,0.45585308765294,2.57346855453216,4.83782130666077,2.45667694509029,3.44495186407585,2.68066172720864,1.63638161239214,4.32616170460824,2.66522783075925,4.41990369488485,1.56455375232326,2.74899710016325,3.72424529306591,3.27616981859319,3.68320711888373,3.60788692161441,4.22125074081123,1.7890155329369,4.46243543317541,3.96870091091841,2.09628296107985,2.92197013855912,3.04812073445646,3.8896010373719,3.48409088468179,3.88662540528458,1.48462686600396,1.42424320755526,2.14933355723042,3.1163098833058,2.54403459629975,2.249890957959,3.14159538364038,4.61056321300566,0.386794941325206,2.81917826435529,4.32603131653741,2.00802948372439,3.235452416935,2.75126638566144,1.39290315622929,4.4847516650334,2.63682871707715,4.05725984741002,1.47889349400066,2.95644596545026,3.58309976197779,3.11093452409841,3.23599646426737,3.72577462927438,4.31555023370311,2.05204760655761,4.67611370794475,3.79880313621834,1.77345704368781,3.27526320802281,2.55194127676077,4.20115477219224,3.29657571553253,4.36417529755272,1.53541577700526,1.26912850094959,1.92373230145313,3.23001942224801
1.27304190350696,0.673248282633722,1.35911571839824,1.3675899147056,0.363952228333801,1.76892510510515,1.32912905124249,0.467169530456886,0.30523667007219,1.10522145102732,0.798689242685214,1.35446667065844,1.37240247800946,0.283171198912896,1.86127493460663,1.31283268891275,0.443019268335775,0.302136897516903,3.15082119242288,2.31954821862746,3.61752952507231,4.69334067497402,0.475522309250664,2.73507560510188,4.87780582020059,2.49368851992767,3.6032017574762,2.54179271869361,1.63673547969665,4.47880141140195,2.76429804274812,4.57166895270348,1.6669715490425,2.7869901265949,3.70515500067268,3.23631016770378,3.63566473429091,3.72371657984331,4.38682015659288,1.82821150182281,4.5640893294476,4.18934302520938,2.21880719723413,2.84698011213914,3.12048422911903,4.05464416602626,3.66655597393401,3.86595107568428,1.61028684582561,1.53293056227267,2.21687796409242,3.11038831574842,2.65223271132709,2.31147814798169,3.14849603525363,4.71040130965412,0.435739726301108,3.02096962789074,4.31201120745391,2.05325006507337,3.3636689420091,2.65250591933727,1.39523536956403,4.62756905774586,2.79137850226834,4.30677958857268,1.57429274637252,3.00580438831821,3.55635775858536,3.12172786984593,3.1974664318841,3.83136082906276,4.44367630709894,2.06807888136245,4.84717489313334,3.96900566807017,1.83768142445479,3.25180933211232,2.69051982229576,4.32340087683406,3.56591830332763,4.41883953125216,1.69522296334617,1.35120127862319,2.01281615160406,3.25620173313655
1.14142882823944,0.668622896308079,1.25234077195637,1.33034187066369,0.32584124756977,1.75002169352956,1.26251338073052,0.445232010562904,0.292410436319187,1.0202502286993,0.806939119123854,1.25083011202514,1.31628509284928,0.272797080688179,1.8922118358314,1.24446718697436,0.414793327276129,0.295018240518402,3.00610710913315,2.3822199520655,3.49974187440239,4.54209733335301,0.423886901073274,2.5513130389154,4.98430468607694,2.49951757816598,3.5087802085327,2.50526166963391,1.5555221287068,4.31359041947871,2.64753699867288,4.49475233396515,1.66019157669507,2.50839104037732,3.60438321135007,3.21300510247238,3.52895841668942,3.66219649103004,4.13583700789604,1.82382319844328,4.33468100626487,4.19871591427363,2.04204763891175,2.88726318464614,2.88195217517205,3.9197626975365,3.40056692168582,3.76441240822896,1.62444325140677,1.32515552057885,2.05228412337601,3.01144536508946,2.4124580505304,2.37719123438001,2.97331010899507,4.51529839122668,0.399579964345321,2.85060084005818,4.47196837421507,1.91270643938333,3.30885036813561,2.63762536877766,1.2948616577778,4.46433414937928,2.7191075575538,4.34185059461743,1.57021513697691,2.71432898007333,3.45914716040716,3.02949728048407,3.08942484122235,3.80351554648951,4.18050679378211,2.06949596107006,4.59728645300493,3.95426612347364,1.72673324018251,3.19550061319023,2.58069516858086,4.14409724622965,3.28784847469069,4.28962526004761,1.82856638375961,1.27195480119553,1.81764006777667,3.10962671693414
1.22708269301802,0.656079273438081,1.32022873451933,1.32883385568857,0.350883460137993,1.75756504572928,1.30330561683513,0.427837875089608,0.291081326780841,1.11531717726029,0.782891404116526,1.30232329852879,1.29930765461177,0.266877852322068,1.88076993008144,1.26231488049962,0.40295200253604,0.284718300681561,3.07293734210543,2.28558571217582,3.49288247269578,4.64955173712224,0.419827548670582,2.61208462435752,4.87879938818514,2.40277180448174,3.53674554475583,2.51453757385025,1.50544150336646,4.39337442722172,2.66595159564167,4.42683020606637,1.68299965519691,2.66153008583933,3.56322128442116,3.09100957913324,3.5564497015439,3.62977273226716,4.33757967094425,1.75035887188278,4.42499012313783,4.1620854518842,2.03646056656726,2.74077136092819,2.9572312241653,4.09303572052158,3.52152036176994,3.71484697796404,1.68681189371273,1.39364812464919,2.08540225820616,2.93102328851819,2.4651632149471,2.27673646737821,3.01735365996137,4.66421109857038,0.397469790303148,2.87213605735451,4.41162937041372,1.92180876858765,3.29759347857907,2.68998573161662,1.24979101750068,4.56926499772817,2.72036602394655,4.19758193008602,1.53755691903643,2.89052878785878,3.28357225540094,2.96562160830945,3.02554947673343,3.75271536456421,4.35474981926382,1.96147218090482,4.72251277137548,3.96875119348988,1.73229258757783,3.12047754763626,2.54231960664038,4.29051938094199,3.3320696298033,4.21497599314898,1.79157392436173,1.2715424275957,1.82908472558483,3.07875048927963
1.0412049642764,0.627222171751782,1.21086358174216,1.32401885674335,0.35634767904412,1.6832276317291,1.18822119897231,0.453891120152548,0.294397414196283,0.980840987060219,0.755483239074238,1.21882269857451,1.32738809753209,0.287908451806288,1.79210068657994,1.18038761382923,0.446130264317617,0.285933799808845,3.00623489171267,2.44492136640474,3.61394492187537,4.50173185020685,0.429137692262884,2.48223187215626,4.91162946168333,2.49619073560461,3.55407660524361,2.65241041220725,1.59927897050511,4.25532428035513,2.6767917922698,4.57192250713706,1.60886450816179,2.53934523137286,3.57376492768526,3.25055762007833,3.55297616205644,3.6826323462883,4.00934981997125,1.82935181213543,4.30984016228467,4.11518023209646,2.10462796106003,2.79176501743495,2.99582946032751,3.89795970101841,3.35414744878653,3.75634831772186,1.54866485064849,1.39540610089898,2.15822203061543,3.15635879803449,2.49163610482356,2.37836177158169,3.13969128939789,4.47055134363472,0.409917394572403,2.72272779839113,4.41743128979579,2.07462754892185,3.34835570305586,2.70821628533304,1.35697982949205,4.3868535044603,2.75769003946334,4.31175562180579,1.50555984652601,2.74742811638862,3.52064072480425,3.1225454560481,3.20989867695607,3.77109390660189,4.09162253746763,2.09315601293929,4.57118448708206,3.86445104517043,1.7611110615544,3.14963607210666,2.56546250171959,4.1231795437634,3.2291269255802,4.36571758310311,1.7942624494317,1.29690199752804,1.92824957869016,3.25227106409147
1.09349531843327,0.61790691287024,1.29309999017278,1.32533690519631,0.358951914589852,1.73941488657147,1.25735482107848,0.478940199885983,0.293952371925116,1.1048056690488,0.727562548127025,1.28139944421127,1.32235963083804,0.276461062137969,1.87031583487988,1.24177905428223,0.468616731348448,0.297565258661052,3.02709362166934,2.36218204069883,3.61660231626593,4.53058179607615,0.484941678238101,2.52074230089784,4.95675221830606,2.51649340614676,3.65274732932448,2.66359367221594,1.71644093678333,4.28403553180397,2.81902857264504,4.50742021389306,1.68185230204836,2.65071404946502,3.81886343553197,3.30234100436792,3.75411913963035,3.68730523413979,4.12221372919157,1.79810126323719,4.47113184584305,4.20969661697745,2.25216742604971,2.92060735914856,3.12318053992931,3.94111187383533,3.49320521147456,3.95280518051004,1.63538928958587,1.4465228645131,2.15606999618467,3.1742743095383,2.573850712477,2.32659550663084,3.16674468753627,4.52392247924581,0.416682471259264,2.76086138735991,4.46915792906657,2.02648054203019,3.41236993251368,2.69023886695504,1.39269458787749,4.40928515978158,2.88882350502536,4.29087319318205,1.55329124047421,2.85297972988337,3.54506533686072,3.17016184912063,3.20364382257685,3.7699828222394,4.18867106502876,2.03219506048481,4.69148287177086,4.00657378649339,1.85993765306193,3.13872060505673,2.6664907396771,4.18119682371616,3.37793087365571,4.3999880021438,1.80818734131753,1.33427215181291,1.96617428329773,3.30206507211551
1.20415986608714,0.574031409574673,1.21316087746527,1.29371071272908,0.337724865530618,1.74921176489443,1.2637932440266,0.489346743677743,0.283929195255041,1.06418314343318,0.718122680671513,1.21700678858906,1.32912871660665,0.277168885804713,1.88812123914249,1.26542750257067,0.465643382922281,0.289932586834766,3.10176534275524,2.29782571503893,3.55413965927437,4.5710922088474,0.441460608853959,2.71736101713032,4.920497066807,2.5222497289069,3.65268654935062,2.56638424331322,1.70630231453106,4.30502919456922,2.7605205506552,4.44798329146579,1.69033449888229,2.4985936046578,3.78420236171223,3.24498067528475,3.68308871611953,3.62782349367626,4.16466710739769,1.72226628474891,4.4781005429104,4.28745723632164,2.17470231178595,2.98960092943162,3.02227877650876,4.08082016371191,3.42764337896369,3.93808267673012,1.60032880323706,1.34502473566681,2.03165106661618,3.14408359397203,2.48923201934667,2.24686648440547,3.16653078352101,4.5445180144161,0.395909292041324,2.97966600209475,4.50556656718254,1.94398174155504,3.4471940821968,2.63180186413229,1.42493570537772,4.43761045206338,2.82420164952055,4.26226798910648,1.6215753138531,2.72011221083812,3.6119452486746,3.16728351917118,3.21997008973267,3.76855042146053,4.24638430518098,2.01504793402273,4.78492721030489,4.04880261281505,1.8193221045658,3.33061974868178,2.73247366631404,4.26703773532063,3.32812242099317,4.44739274051972,1.75223296717741,1.27200985373929,1.82641314156353,3.27457362320274
1.17313384031877,0.686850509839132,1.2845874959603,1.33645747124683,0.352730156635516,1.67491394048557,1.26986491313437,0.462836342514493,0.297136501874775,1.05279821576551,0.835917390882969,1.2806704249233,1.3464598278515,0.290704462036956,1.79657512903214,1.22759701369796,0.436324763926677,0.306402911897749,2.94931334408466,2.3359876954928,3.55749154265504,4.49990058748517,0.412605370511301,2.5864940690808,4.91439515072852,2.39361327316146,3.4313557286514,2.49991385918111,1.56243257632013,4.27397684054449,2.58274162840098,4.33242949936539,1.58028498943895,2.62305354699492,3.51543418830261,3.1129254422849,3.48390818061307,3.63259920408018,4.33695284073474,1.79640125110745,4.47115995804779,4.08268038439564,2.02143268568034,2.70509006857174,2.93676466983743,3.77468118676916,3.44768827909138,3.74366954527795,1.54588986979797,1.36133043700829,2.07306814659387,3.01551420846954,2.44905907684006,2.30883504962549,3.03289668867365,4.51307075610384,0.388817289844155,2.82801560685039,4.4255864713341,1.94083362352103,3.19923623313662,2.66882122401148,1.31711663410533,4.43532506888732,2.6373646913562,4.0761884842068,1.46788141876459,2.85731287766248,3.33111586724408,2.96897828020155,3.06544558308087,3.7436819053255,4.37482539960183,2.03750719083473,4.70976005680859,3.83007513359189,1.70841040957021,3.11555231967941,2.58262507105246,4.0178909888491,3.30029442883097,4.30815906822681,1.68581578158773,1.25829954148503,1.86003517266363,3.16182467201725
1.11742329481058,0.59505255962722,1.22960701142438,1.24818814278115,0.322820469096769,1.77424795180559,1.28052653535269,0.459384425426833,0.262917805695906,1.10350498976186,0.72321319184266,1.20724253566004,1.24691332736984,0.248514912498649,1.91277211206034,1.27278842637315,0.432587326853536,0.261728794663213,2.93951254198328,2.36985656188335,3.60455176979303,4.63574352208525,0.442821651231498,2.55428786436096,5.04601040342823,2.5045456471853,3.57102596480399,2.4941834602505,1.57578297052532,4.32191537320614,2.63417307077907,4.50913683092222,1.64579797844635,2.57588535454124,3.61027888208628,3.22192694444675,3.58292812900618,3.70417029876262,4.24225703289267,1.75773499440402,4.48127066914458,4.1506147782784,2.02889283443801,2.8194064477575,3.01092901040101,4.00484773609787,3.3647757434519,3.81060608965345,1.6381473261863,1.38738433108665,2.02091866941191,3.0355321674142,2.41304774046876,2.34206180041656,3.05005484493449,4.63713406119496,0.410087601863779,2.8113857912831,4.48911578441039,1.94861915241927,3.30579673359171,2.6930060358718,1.32139800291043,4.49889186583459,2.67558801244013,4.32723328750581,1.5404795804061,2.79612659150735,3.46596096293069,3.09468692075461,3.09283130778931,3.87016252335161,4.31722838059068,1.97904978506267,4.80824972968549,3.93163553625345,1.69595948746428,3.17443921673112,2.58884306112304,4.20327235700097,3.30437978066038,4.35121655790135,1.85387532954337,1.30521746329032,1.84366423822939,3.18430379452184
1.15803117700852,0.638825190020725,1.30994793120772,1.34732735098805,0.377428616047837,1.7804092084989,1.28908106521703,0.502353179850616,0.314362196950242,1.1248074544128,0.770219461293891,1.31477751163766,1.38951894361526,0.273006255738437,1.91592299984768,1.28901929501444,0.494016716605984,0.30849971016869,3.02115045115352,2.45333903748542,3.73307788465172,4.60592167824507,0.460138462600298,2.58382266387343,4.97387309186161,2.58367854449898,3.63145373994485,2.57857806235552,1.66813339944929,4.37675409810618,2.77149083791301,4.5132538639009,1.70029532082845,2.65021310001612,3.73960968083702,3.26816160418093,3.71174466144294,3.73106976202689,4.19972022203729,1.86864062183304,4.42556358524598,4.15273933229037,2.26144199527334,2.8249404844828,3.0696979961358,4.04021360957995,3.46571986190975,3.89814324257895,1.65472426381893,1.4791861231206,2.13893477595411,3.22801885847002,2.53405215754174,2.44997457461432,3.31745677487925,4.59763279743493,0.448849623906426,2.87418290833011,4.452713616658,2.10180471790954,3.42806124174967,2.83052795287222,1.51905934419483,4.52335146674886,2.84569796547294,4.31244586221874,1.59574778517708,2.87231399677694,3.61123394127935,3.29387229704298,3.43701172457077,3.86174478312023,4.27535317419097,2.12642609287286,4.74929768871516,3.9582425635308,1.90392292314209,3.27010451909155,2.69006435177289,4.23990443442017,3.3443282530643,4.47586944769137,1.89685990766156,1.371725945035,1.95298197004013,3.39008267666213
1.23039979441091,0.638227933552116,1.26953393747681,1.34709361684509,0.364080711151473,1.69888357848686,1.27712290419731,0.497660845285282,0.315223929705098,1.18449952756055,0.770952328573912,1.29281748845824,1.3907222636044,0.305740270472597,1.78026103461161,1.22383920801803,0.463629754842259,0.330638245970476,3.08082831767388,2.40095507120714,3.76776734157465,4.65302970912308,0.440954828110989,2.70306654460728,5.03285008808598,2.54702372243628,3.66590071865357,2.65200964407995,1.65936449375295,4.5028259055689,2.74966190115083,4.68133561499417,1.64664380764589,2.62173527758569,3.85271987330634,3.39939696935471,3.75170805118978,3.79178467486054,4.18107492104173,1.83970963471802,4.46740370430052,4.24320661067031,2.22995186294429,2.90648033982143,3.13021287310403,3.99448742344975,3.47998196212575,3.85531725757755,1.69562812848017,1.44512602488976,2.17961599351838,3.27951803687029,2.59961020248011,2.46472085546702,3.28408513803151,4.61175296921283,0.407118177041411,2.94722775369883,4.48162406869233,2.04878453572746,3.46441541984677,2.73373123491183,1.45179270085646,4.63199088070542,2.86260897677857,4.40385321201757,1.54713062988594,2.82566388789564,3.69982153177261,3.22851823177189,3.40780907450244,3.87175700441003,4.29299523076043,2.12877307587769,4.77794275572523,4.05488943820819,1.88437178893946,3.31260204309365,2.80465205444489,4.28159011388198,3.31429617363028,4.47568231774494,1.72963658417575,1.34513342357241,2.00481598312035,3.44739566525095
1.2036770794075,0.648488770006225,1.24250969605055,1.32344202348031,0.330846761644352,1.67314796790015,1.31283059413545,0.498336601944175,0.30724080465734,1.14470823085867,0.789837857242674,1.26519827591255,1.39985155407339,0.305814003106207,1.74373221769929,1.26865966082551,0.474117793724872,0.313230043160729,3.29637560411356,2.35454813810065,3.6823537084274,4.57138410955667,0.478346129224519,2.55240617319942,4.906681552995,2.59020151523873,3.51444964506663,2.65880628162995,1.67719978548121,4.35769979015458,2.78841968625784,4.59951720200479,1.59959793044254,2.69713329081424,3.80223970860243,3.30791252490599,3.80425924947485,3.74758874438703,4.22542421566322,1.81069038173882,4.46541584655643,4.06721587234642,2.21221181494184,2.98921547387727,3.23435071250424,3.82360461400822,3.66616499336669,3.94012095103972,1.55118252709508,1.53319390211254,2.262662201887,3.22475772257894,2.78033837722614,2.3439433791209,3.21933239139616,4.58926647854969,0.402198183815926,2.77287907584105,4.31075797788799,2.06583323492669,3.3087564483285,2.66657141945325,1.4478814144386,4.46262451773509,2.798649412347,4.24285944458097,1.49577135988511,2.89573637582362,3.63823835644871,3.15605285554193,3.31372059090063,3.80530442902818,4.27946329419501,2.07800374226645,4.69549087720225,3.92680020956323,1.84306782507338,3.26907191053033,2.69314352911897,4.18393371812999,3.46132780145854,4.4660446071066,1.64952237436955,1.36901560449041,2.04762646136805,3.40810576011427
1.181175543461,0.672780278837308,1.36490837135352,1.3451436413452,0.368476741947234,1.77220331924036,1.34267975599505,0.469236211269163,0.308862441219389,1.15020122425631,0.787675619823858,1.34585527330637,1.32283030380495,0.270335283363238,1.95155153493397,1.30502369441092,0.457905224873684,0.299994534696452,2.92020404036157,2.41217637993395,3.58565182657912,4.55799245380331,0.427425734960707,2.59464767435566,4.7808146122843,2.41923346510157,3.53734028537292,2.45399323571473,1.6713247661246,4.28198342537507,2.70438047405332,4.3748944401741,1.66207098925952,2.69117493741214,3.64263843325898,3.17421909887344,3.61069869855419,3.58116714097559,4.33788539763191,1.86272084701341,4.42435194784775,4.07200326956809,2.1231860088883,2.90881832700688,2.97535749245435,3.95755511778407,3.48358680738602,3.84777695545927,1.68442468374269,1.44895327894483,2.16613659751602,3.16003177780658,2.4171548030572,2.36109446524642,3.08811811055057,4.56805778667331,0.406225037702825,2.83672131225467,4.34864005772397,1.97193737258203,3.34967241622508,2.65524780377746,1.4210452864645,4.43096767179668,2.74985943734646,4.19543068483472,1.56322886713315,2.92004279792309,3.45323166367598,3.10682387114502,3.15286298608407,3.71583436941728,4.39320998231415,2.10071365837939,4.71054981183261,3.93369129998609,1.79060894157737,3.21327714947984,2.58985487406608,4.12423372734338,3.39312461297959,4.33932625153102,1.84244346478954,1.34354193846229,1.94971959502436,3.24620789475739
1.10370428464375,0.606168530648574,1.28303378721466,1.35681684291922,0.348921318480279,1.77959383092821,1.27255220129155,0.508985724125523,0.304381265421398,1.02563987206668,0.73605556844268,1.28754961770028,1.38157080393285,0.29972839797847,1.90161465737037,1.25522830872796,0.477090502274223,0.307633790216642,2.9813902634196,2.38381836155895,3.63682652916759,4.62526011839509,0.445954092632746,2.51936034206301,4.96603199886158,2.44690937642008,3.7062922862824,2.4284071745351,1.6714370570844,4.33529397659004,2.80673829698935,4.49189221020788,1.68805002851877,2.69246667157859,3.7952508101007,3.23534447373822,3.63323150854558,3.65255343436729,4.35101689980365,1.7556953166204,4.64284509944264,4.33469388261437,2.20415404881351,2.90469411754748,3.09133092849515,3.99988855887204,3.46613969095051,4.02065389184281,1.74475333234295,1.39761530025862,2.0810272723902,3.24347255774774,2.50444801570848,2.3982249731198,3.17768069443991,4.62057361844927,0.403877880657092,2.79313848679885,4.49777154345065,1.94514729222283,3.47705333307385,2.56036159861833,1.38190904405201,4.4952370072715,2.86544825183228,4.25737128965557,1.58226988860406,2.92273567430675,3.65795243019238,3.10839990386739,3.18854695092887,3.79446921218187,4.43328993581235,2.00858277035877,4.91693735867739,4.03398447204381,1.8304909102153,3.22610595892183,2.7335729066981,4.22426062740851,3.38643132057041,4.53589683957398,1.90480973856756,1.31870733434334,1.90211893431842,3.37197920356994
1.2082913890481,0.679842656245455,1.31136163999327,1.37278466904536,0.388298563833814,1.69487875606865,1.27597000374226,0.471745092188939,0.323713624151424,1.13811167143285,0.81277261255309,1.31581379193813,1.38250419544056,0.299226884293603,1.81851463764906,1.25116806244478,0.458712416118942,0.335271241347073,2.974763438222,2.37450472358614,3.52156405965798,4.64711006870493,0.441246813046746,2.75591841340065,5.02233891002834,2.40097272500861,3.53173435211647,2.54358425643295,1.60729042347521,4.38013302860782,2.60963637777604,4.38793392013758,1.61425011081155,2.58313077874482,3.59088678751141,3.14793337299488,3.51205767493229,3.71206258970778,4.275831151288,1.87787937978283,4.45881821517833,4.15974553721026,2.13664636597969,2.80304867797531,2.95466070435941,3.85473018046468,3.48023749503773,3.74879378452897,1.58016387396492,1.34189203009009,2.08329275297001,3.09966625738889,2.5563653879799,2.38757356326096,3.06693957210518,4.65173963317648,0.418574351817369,3.0343263251707,4.51662141643465,1.993164813146,3.38254887377843,2.73870314657688,1.38206994044594,4.54901664238423,2.68806090811267,4.19030408374965,1.51413573347963,2.81978466687724,3.5145091896411,3.03239347529598,3.17226761509664,3.84559774259105,4.37096683843993,2.15694124717265,4.72666736040264,3.91436510486528,1.81538746180013,3.25420511077391,2.62965301563963,4.13187383115292,3.45663522114046,4.38167423685081,1.75984497769969,1.29441603564192,1.88261190685444,3.24179431656376
1.18722776556388,0.748058836441487,1.29552446538582,1.40245581057388,0.351799123600358,1.77758160559461,1.3427108481992,0.492267878726125,0.322792436403688,1.13393952569459,0.880691914004274,1.31143400538713,1.41865659039468,0.312535563803976,1.87186476204079,1.28577492234763,0.462547329603694,0.338720384519547,3.07345376722515,2.39420601958409,3.64926078915596,4.55934962909669,0.445244394242764,2.63984436076134,4.89533571572974,2.53634610399604,3.60201849008445,2.53855947963893,1.59369246568531,4.33847583614988,2.67954090749845,4.50976203661412,1.62284802692011,2.59268786129542,3.66246124403551,3.25141777796671,3.56536857038736,3.67760478635319,4.18695276184008,1.85837493557483,4.4646107427543,4.18840690300567,2.13707090789103,2.86169691383839,3.11664185393602,3.88218314386904,3.53106234100414,3.93683431786485,1.64902216056362,1.39808928826824,2.17943488131277,3.18524415558204,2.59113403246738,2.40660334518179,3.09692843770608,4.54169232724234,0.411480346287135,2.87118316092528,4.39000114053488,2.12068133545108,3.39171615999658,2.65177423181012,1.38230609984021,4.47345235710964,2.73605586029589,4.30880911648273,1.51747248804895,2.84724454535171,3.66908125090413,3.06273121666163,3.21533690416254,3.78281618864276,4.24348008795641,2.13761367695406,4.76614189334214,4.0067523708567,1.82072569266893,3.21552649978548,2.67556046450045,4.14614391699433,3.3905193945393,4.48648403584957,1.82455419143662,1.38120952667668,1.91589916078374,3.35660350671969
1.26568169053644,0.665141463745385,1.31663067894988,1.36893294216134,0.370715950499289,1.8063115188852,1.35350105632097,0.525845298077911,0.309083908214234,1.0977774518542,0.819890203885734,1.33788924012333,1.44475731393322,0.320819130021846,1.91907086619176,1.33975312951952,0.504090440459549,0.322796394815668,3.17980926390737,2.48693721368909,3.69944188650697,4.74245877936482,0.509334672300611,2.67241958784871,5.07948492374271,2.64679472474381,3.75356910025585,2.4550257474184,1.70448018028401,4.50085467426106,2.88588202209212,4.7010609479621,1.72997013095301,2.78862342238426,3.80207764857914,3.37715702620335,3.6967527611414,3.79602868971415,4.38516030181199,1.85153490130324,4.64002569857985,4.29690745123662,2.33997046737932,3.02609011298046,3.04573599295691,4.03707726020366,3.62229202437447,3.99000901496038,1.67691575875506,1.57095210230909,2.31102779274806,3.32371225336101,2.60708317230456,2.47149961069226,3.24905456515262,4.68906467221677,0.458101114374585,2.97482916526496,4.42033474193886,2.06183046102524,3.52089778304799,2.52365427860059,1.51388871468953,4.63260785862803,2.98980066599324,4.45030243974179,1.62341721082339,2.99587353738025,3.86854830989614,3.24603309179656,3.40693211229518,3.88592594699003,4.45312216551974,2.16097451583482,4.85454161092639,3.97277186391875,1.92203820229042,3.37345231883228,2.72649595490657,4.29340893169865,3.52535945118871,4.59376760642044,1.7191568815033,1.44908911350649,2.10099520534277,3.4787651009683
1.07909196009859,0.628910696832463,1.24447949649766,1.3334000739269,0.345900471846107,1.73736483464018,1.27032356057316,0.504994449147489,0.308269555680454,1.04743328318,0.760541894473135,1.259225765476,1.34076104243286,0.275776349881198,1.83337114774622,1.25390335940756,0.468968374305405,0.303330993338022,2.98618818982504,2.42096200725064,3.62900614261162,4.62546745408326,0.473416895722039,2.53075019642711,4.91493931319565,2.57276071538217,3.61023112456314,2.5728749409318,1.7131412611343,4.33482261840254,2.76084936992265,4.57113485597074,1.61427404894494,2.73799564037472,3.71565208607353,3.32307826913893,3.65015641925856,3.72154701361433,4.24893643613905,1.81210294004995,4.51709162053885,4.16779850702733,2.23406430799514,2.88343738950789,3.09850705112331,4.08971734205261,3.40210469334852,3.93250675452873,1.57053068093956,1.40172269719187,2.10140753001906,3.1915277846856,2.52985973516479,2.36774522764608,3.1628567527514,4.64010937698185,0.440214380854741,2.77755067287944,4.3901913263835,2.07880558469333,3.39454635453876,2.52394916233607,1.43075005122228,4.48422307893634,2.81655884580687,4.34025574661791,1.54493734613061,2.92868087720126,3.558089944534,3.0732436014805,3.24924619740341,3.83950479561463,4.3111164617585,2.07683808193542,4.76825619488955,3.94022423867136,1.86289161455352,3.2390255164355,2.74155952502042,4.25412586564198,3.29942979011685,4.42398083163425,1.76445289654657,1.28209077194333,1.90543050144333,3.29044693149626
1.23118823673576,0.624188932590187,1.27891310839914,1.34448478813283,0.366192593995947,1.80540330940858,1.34169204439968,0.517038327292539,0.29985143605154,1.11214568046853,0.778289879206568,1.31408956390806,1.41195126017556,0.310234862728976,1.88153979275376,1.31531522446312,0.495419849758036,0.306238263845444,3.32346099382266,2.43360419757664,3.74443695996888,4.69836702011526,0.485795119195245,2.61969423759729,5.04277769522741,2.55677280994132,3.76082273374777,2.59675000607967,1.69262149638962,4.46459648269229,2.91133777378127,4.73829743266106,1.72241152107017,2.74465498887002,3.87559502362274,3.36019214906264,3.80118893529288,3.80871810973622,4.38014431972988,1.83624659362249,4.65880247624591,4.27413294254802,2.3235370516777,2.99550279078539,3.23201329750009,3.91727155540138,3.7583879486192,4.03668176892097,1.7121437122114,1.52616484893952,2.22430750192143,3.23385212360881,2.75932903427747,2.38050809851848,3.25535514764488,4.70394101040438,0.4230913737847,2.91284664580598,4.42501245299354,1.98223588080145,3.51974153215997,2.64304546359926,1.47019628950511,4.60281008156016,2.92237937299069,4.4213192537427,1.59190308698453,2.9417537143454,3.84654779918492,3.20471275597811,3.34862841165159,3.91664211824536,4.50131427368615,2.11221282451879,4.8947730147629,4.015109955566,1.89587236032821,3.29514293826651,2.72706753807142,4.28050572006032,3.58841876569204,4.55539006274194,1.79469647677615,1.3838649301324,2.02068098261952,3.429344257107
1.20699023874477,0.71439254982397,1.30341090657748,1.38883228739724,0.339497751090676,1.73911950178444,1.27437811088748,0.451680096390191,0.320111596724018,1.02723219478503,0.854543044231832,1.31129811098799,1.3963716130238,0.302669021650217,1.84185453620739,1.25930975354277,0.43009676632937,0.327174097066745,2.94015020295046,2.36396403424442,3.54542729491368,4.6002278678352,0.452470679534599,2.71587965171784,4.96134089166299,2.42989689204842,3.47125470731407,2.54542863182724,1.59231341059785,4.39259266899899,2.70353006804362,4.38037372613326,1.62458508589771,2.58569744694978,3.59342200076208,3.11417860270012,3.48552318371367,3.69970859913155,4.19146153051406,1.8790271175094,4.36779980448773,4.1465457091108,2.09582309355028,2.87613012269139,2.96768279699609,3.89601791650057,3.44571985781658,3.79066276922822,1.59010444802698,1.37283079698682,2.08121298346668,3.04825546150096,2.44273215043359,2.37949248915538,3.03125522675691,4.56687042955309,0.392719076655339,3.03961976896971,4.36039035068825,1.91944823088124,3.26875433977693,2.6614554040134,1.34080782870296,4.52806789288297,2.72556934459135,4.18983532860875,1.52881790371612,2.81353809405118,3.5040699520614,3.00438507436775,3.07236244878732,3.82518565515056,4.25649046199396,2.12549355253577,4.62622843962163,3.89071087772027,1.75229624565691,3.21329768653959,2.59362315549515,4.15996032673866,3.37793928186875,4.32615018170327,1.70188446016982,1.26152677263599,1.88359610782936,3.15067555569112
1.29685857286677,0.643918061163276,1.33825055975467,1.35423162020743,0.375966516556218,1.7738114958629,1.3355321448762,0.491727167798672,0.325916280853562,1.23576200404204,0.783857453614473,1.34951159637421,1.40563059551641,0.303132157656364,1.8727562490385,1.32405016268604,0.497211473644711,0.331998705165461,3.08386906515807,2.29582464322448,3.74047406995669,4.6761062531732,0.49655494117178,2.87726599676535,5.01036208635196,2.49055348685943,3.63807225623168,2.67480671405792,1.70831154705957,4.41678097401746,2.77089880406857,4.48834251891822,1.66678819130175,2.75748666096479,3.74206286342815,3.3027624853421,3.68322306731716,3.73131963703781,4.33640848123468,1.81526968884282,4.57729097362608,4.15497493557632,2.22887982986867,3.01659787865356,3.20791015098803,3.99746805941686,3.61144222889561,3.92255019652657,1.54837423411664,1.45151837263256,2.21496057556942,3.20463284640573,2.54387736320496,2.30735363834538,3.24050593655556,4.66187099553645,0.416296572424471,3.17869971878827,4.4368002875708,2.03636682033539,3.42969092656858,2.81468102009967,1.51200470124604,4.58245035773143,2.79763015708886,4.15326026827097,1.58445913530886,3.0346152568236,3.74381308956072,3.21602378273383,3.37947811046615,3.85000788723119,4.48148504877463,2.11463347775862,4.91821879986674,3.91146082174964,1.85421574674547,3.40455969236791,2.65381902316585,4.33235797751695,3.53848140826449,4.55981936259195,1.6418902981095,1.34397346281912,2.00749806966633,3.40975583111867
1.0525604581926,0.701019741361961,1.24640387331601,1.37512379337568,0.390174228494288,1.71335807372816,1.27649229846429,0.537279871641658,0.319096860883292,0.937898460775614,0.836834136163816,1.29176317900419,1.46464553230908,0.329064134391956,1.80537329707295,1.28541327384301,0.524455372826196,0.338799610792194,3.23018972110003,2.44188870396465,3.7552239485085,4.58940525539219,0.518697270192206,2.61427235580049,5.02515216078609,2.60994259128347,3.61661490483675,2.673512280453,1.79420942172874,4.33315630163997,2.89716461341595,4.66427455632947,1.58555012091529,2.70871966797858,3.91055804328062,3.55503379739821,3.81131898309104,3.75268288515508,4.17370426666457,1.78874652809463,4.52788130752742,4.10232062730938,2.34800283159711,3.03503552277107,3.17882231203839,3.88763052294962,3.58756338898093,3.99135323037626,1.64803672372364,1.44783551222645,2.22057308303192,3.29606394772418,2.80828621643013,2.40567885176279,3.32569325715303,4.57142975414172,0.452892737201182,2.92699215561152,4.40848975023255,2.10253930068575,3.38728920015274,2.69486601743847,1.64499121363042,4.44940909650177,2.97949150973,4.34704842418432,1.52626114222221,2.89574319403619,3.87998570874333,3.40301011735573,3.57197236665525,3.87637298810296,4.33183615771122,2.08250344754197,4.75914182327688,3.83526933891699,1.93015673570335,3.33459258778021,2.80319171247538,4.17343879118562,3.49997597315814,4.50633280491456,1.78154224914033,1.3895539852092,2.07558878487907,3.46564988279715
1.19879766507074,0.671666099689901,1.33360953093506,1.34819136920851,0.372294241096824,1.67835969803855,1.24858065252192,0.450423160393257,0.297765922383405,1.13934372458607,0.804552482208237,1.32773595862091,1.32836068654433,0.271444295707624,1.83083812729456,1.21523133351002,0.436384604894556,0.300030798302032,2.94156560278498,2.32560243969783,3.617439085152,4.59572235960513,0.427250511653256,2.63114797323942,4.91577978944406,2.40952439652756,3.48094495071564,2.58517966978252,1.60136259777937,4.34068700287025,2.59024474059697,4.3521973779425,1.56422900920734,2.65371856279671,3.64649056876078,3.16138346772641,3.60390740120783,3.59489438147284,4.3284250292927,1.8041426576674,4.42313230037689,4.04396498156711,2.06379848369397,2.83339160401374,3.03731836908264,3.90699116652831,3.39461311604828,3.78298123413697,1.55892413831316,1.38276495295577,2.07805889868177,3.03904344211332,2.45039733883459,2.30525468208361,3.06314196367748,4.6195762376301,0.394107822561637,2.89759122533724,4.37404881976545,1.9548775900621,3.26920365006663,2.7744312286377,1.33300498506287,4.52267218136694,2.65967805217952,4.12428060313687,1.47219682717696,2.86626881407574,3.46184287080541,3.03576072282158,3.1875134697184,3.746922330698,4.38598148175515,2.08759315032512,4.69701411062852,3.85921716364101,1.76710669678869,3.24439360006363,2.64514331379905,4.17334131989628,3.32534969272092,4.3056719545275,1.69802682535374,1.25943316600751,1.85941394837573,3.139647846343
1.17922804923728,0.685583844780922,1.30421802494675,1.34739857609384,0.381810323902755,1.75822879001498,1.34499731706455,0.507976973254699,0.323304639896378,1.11710769124329,0.823563135811128,1.34103483753279,1.3814046329353,0.303781537455507,1.86400151229464,1.32792246388271,0.473812115160399,0.334029600955546,3.09019736805931,2.44003798207268,3.68854342820123,4.58983200229704,0.447439781681169,2.68741421587765,4.96107474574819,2.49975419405382,3.64162794587901,2.51505156699568,1.64756864588708,4.32750405394472,2.81901563610882,4.53090623579919,1.59439911147638,2.75355116464198,3.58595056482591,3.28336990240496,3.59173239720985,3.74428936571348,4.32955180783756,1.93301000492647,4.55154365394264,4.1411607330665,2.29873960271652,2.87169632903533,3.18645622034092,3.99764568172395,3.5959424872417,3.83318204828538,1.60208885156317,1.44243767717853,2.19916837452911,3.21171974926256,2.64241338614374,2.44372354517691,3.1789868499618,4.57417129678652,0.419316846120637,2.93839042447507,4.30595580907539,2.04034188063815,3.37921748624649,2.59261332801543,1.45502803992713,4.4724119049497,2.84171141544357,4.21892414055765,1.50846428330988,2.97065696492791,3.63023372227326,3.1591028526891,3.19915277429391,3.83152576023713,4.40767036029138,2.22955326875672,4.81633246177807,3.8623933212366,1.93583741085604,3.30021909158677,2.70407867431641,4.26286788471043,3.49579278146848,4.45793574722484,1.7119506400777,1.30670966487378,1.9524250596296,3.400463555241
1.15387838333845,0.592445240356028,1.26886493735947,1.28229478199501,0.343946720444364,1.70286177657545,1.26040083705448,0.456525662273634,0.279194461356383,1.13885109266266,0.706289806170389,1.25136132910848,1.2873975946568,0.273372956609819,1.840296395123,1.22473397187423,0.440718889818527,0.273034332378302,2.83445250825025,2.26426626555622,3.47426653711591,4.57401757314801,0.430084950174205,2.54212952591479,4.83849973790348,2.32631140993908,3.49246457300615,2.46150574320927,1.56666408886667,4.27877245191485,2.59621242480353,4.23171924520284,1.58770097373053,2.54363249707967,3.54391588247381,3.10775906033814,3.53803721629083,3.5944502716884,4.26635190070374,1.69726726599038,4.43568972265348,4.06463767099194,2.0166744151793,2.80671857250854,2.91679856693372,3.93045554775745,3.31319175940007,3.72611147561111,1.51045350893401,1.35425435239449,2.05929167219438,2.99569082900416,2.41173482895829,2.25637705018744,3.03544316533953,4.56201921915635,0.402500131982379,2.83267163671553,4.40463529294357,1.86174431908876,3.29111241549253,2.64893859159201,1.29625486885197,4.44589930027723,2.6749769882299,4.03688628226519,1.47625217027962,2.78119580633938,3.36804612493142,3.10680458974093,3.09589889761992,3.71583844930865,4.32536039710976,1.92942119739018,4.73621064890176,3.83148399647325,1.72499511367641,3.11696167406626,2.57429415406659,4.21477218531072,3.24438700999599,4.29495309386402,1.68298007361591,1.27746664633742,1.8313328223303,3.15275974315591
1.28117390756961,0.651576416799799,1.29694924899377,1.33775096293539,0.379776911380759,1.72956108115613,1.28527003625641,0.484192709671333,0.30228743806947,1.18074709025677,0.768125212867744,1.31227688677609,1.36593259667279,0.29143240020494,1.85013392218389,1.2708011912182,0.447625798347872,0.317535004578531,3.02831459091976,2.26448331726715,3.67804986424744,4.62793399067596,0.477241487242281,2.77835736703128,4.9785727635026,2.48415953060612,3.6079289126792,2.55350955179892,1.73449886182789,4.41585736122215,2.68064436991699,4.48082668147981,1.58885009872029,2.72452320950106,3.71409051120281,3.26222558505833,3.64939019974554,3.71797133842483,4.38000653474592,1.81644165678881,4.55102040263591,4.20620843279175,2.18527371731034,2.92107978858985,3.09234842797741,3.90085361059755,3.47878843499348,3.77984717255458,1.6191735540051,1.35360977356322,2.09746884740889,3.1275111095747,2.51717691193335,2.32316559762694,3.16323984670453,4.62657180894166,0.438244683668017,3.03675558231771,4.42912135412917,1.98227839975152,3.41626790678129,2.59920166665688,1.430414189148,4.57875151513144,2.77729048533365,4.18316726526245,1.55249029351398,2.94648700300604,3.60238081542775,3.11018112138845,3.25975002767518,3.83155173249543,4.4793248095084,2.09485225519165,4.85337084159255,4.00860016513616,1.84701399528421,3.33473261119798,2.74585190648213,4.26888960180804,3.43739513575565,4.39547505090013,1.69849164551124,1.29110091883922,1.91266438621096,3.30214818613604
1.25525588123128,0.671539866598323,1.37017203331925,1.43042713520117,0.384160023531877,1.77510904683731,1.34743542189244,0.489634118974209,0.313029348966666,1.13961619511247,0.793188362615183,1.37883608229458,1.4402790281456,0.310117766464828,1.8967954935506,1.32459233980626,0.479404201032594,0.311581315239891,3.15395649475977,2.30924449441954,3.62634229077958,4.64753271872178,0.476150687085465,2.82931976485997,4.96668349020183,2.47299469355494,3.68973073264351,2.48694378370419,1.68358629988506,4.45277475606417,2.77824879414402,4.5320099266246,1.71084186830558,2.64709786744788,3.76081976178102,3.14004551712424,3.59495090701967,3.74148229835555,4.32800925662741,1.83909632556606,4.57498006150126,4.31318781455047,2.20801635691896,2.95990891754627,3.061285457341,3.9761768206954,3.63721404108219,3.94429959531408,1.68448213255033,1.44261354778428,2.00395572278649,3.17995826387778,2.60215417062864,2.34616497997195,3.07382640219294,4.63456703536212,0.444656578474678,3.13440730376169,4.48279198911041,1.96061151428148,3.46915327466559,2.66373686539009,1.41952707557357,4.61011171713471,2.84870425797999,4.28351772204041,1.60855317534879,2.90282929409295,3.6561833107844,3.04156057722867,3.20026418706402,3.89078635908663,4.40958682168275,2.11538599105552,4.8547857105732,4.02982594724745,1.83479286683723,3.29942293139175,2.70966407796368,4.28252482227981,3.58913756487891,4.47224183031358,1.77185108140111,1.30748577669146,1.82536573521793,3.29476412083022
1.17566149740014,0.608881442341954,1.26367734151427,1.29840537975542,0.350101877178531,1.66294282954186,1.27579988143407,0.487965579726733,0.307347364258021,1.1780013081152,0.736776291392744,1.27309423964471,1.32849768036976,0.277992019226076,1.78095220425166,1.23779606889002,0.479747722391039,0.308276422554627,2.91100945882499,2.31372601585463,3.56192243518308,4.47097905818373,0.477184642688371,2.55439918069169,4.8080286802724,2.46807812992483,3.50795561424457,2.54826911911368,1.63379055785481,4.24226289475337,2.68459993670695,4.35393715742975,1.62603136477992,2.56509475409985,3.6522126449272,3.16592065291479,3.5889081422647,3.59729791304562,4.13804214261472,1.84663476073183,4.40337527045631,4.09930152143352,2.17280846426729,2.91704996192129,2.99437881831545,4.00221468973905,3.31935669761151,3.85802592430264,1.49138413619949,1.41724633343983,2.0540999409277,3.09464688005392,2.48099584662123,2.32065891195089,3.09499129396863,4.48570263525471,0.416383201081771,2.75042430032045,4.30626326613128,2.03215202630963,3.35643350967439,2.7515212893486,1.41513209464028,4.3783666305244,2.72628327738494,4.17500209622085,1.48902478720993,2.77313552098349,3.60684158001095,3.08275509090163,3.21035758429207,3.74522847635671,4.20704258407932,2.12112255417742,4.65954242227599,3.92612264305353,1.86486956768204,3.22890446858946,2.65358257573098,4.24696193169802,3.23139741225168,4.39361086580902,1.63316626893356,1.29414484076551,1.84377188794315,3.25142659270205
1.09195845760405,0.658228238811716,1.2856166025158,1.33074251271319,0.374580529052764,1.66560010402463,1.28336392180063,0.485117454256397,0.319493604125455,1.11007534130476,0.774856203468516,1.29516755370423,1.38325684284791,0.298110599745996,1.77964304876514,1.27056528523099,0.477864755084738,0.312393269850872,3.02698636800051,2.35686490451917,3.69997805543244,4.54962078668177,0.477258775266819,2.61274649715051,4.93765077739954,2.56990840658545,3.5327454006765,2.54682440683246,1.71635992126539,4.34194435644895,2.71506060915999,4.57541460357606,1.60341636394151,2.79555931966752,3.76456424698699,3.31051760190167,3.70357790007256,3.67165808193386,4.38064260990359,1.81844472233206,4.52186489570886,4.05513661750592,2.18543170462362,3.0055607741233,3.09663644584361,3.87582546332851,3.46352596825454,3.83168371906504,1.59663353295764,1.42988603608683,2.20508337649517,3.22892670752481,2.57723322347738,2.34368308866397,3.1732155890204,4.54354489967227,0.419563451723661,2.8675802484795,4.32374849449843,2.08952862769365,3.33583983685821,2.63857818045653,1.48837873380398,4.47173299221322,2.8323542009748,4.24072397965938,1.55442601814866,3.00053649488837,3.61056238180026,3.21208957280032,3.32741851196624,3.81660733465105,4.46664167987183,2.04829486063682,4.75851278565824,3.86102960724384,1.83972965867724,3.23529736883938,2.67994067631662,4.22152820322663,3.37453776807524,4.44176261150278,1.76629072765354,1.35202135564759,2.09565288154408,3.39358071633615
1.18923065741546,0.644715630449355,1.29440669808537,1.32425750070252,0.349310723366216,1.74326558504254,1.2313171105925,0.440522215038072,0.280407382291742,1.07569455588236,0.77773659536615,1.28383951541036,1.28864198084921,0.267963266058359,1.87069468339905,1.17959987046197,0.408025673474185,0.276896193972789,2.89828076027334,2.28802626486868,3.52412462839857,4.57570586912334,0.381205729674548,2.57364272745326,4.8621382699348,2.28650913666934,3.54554064502008,2.46785305161029,1.5149610703811,4.32124222815037,2.67918273387477,4.28772850334644,1.64209457254037,2.54734504409134,3.52818984445184,3.04642594163306,3.48513152496889,3.56798276305199,4.22739221539814,1.759231983684,4.40845432784408,4.19809426087886,1.98673033318482,2.74567451886833,2.92329760943539,3.89699096255936,3.40089371893555,3.72813385631889,1.68747792276554,1.33284533349797,2.08155483310111,2.97023121872917,2.37478038365953,2.28994977218099,2.97742022527382,4.5796253788285,0.376542949001305,2.83846840076149,4.45511405449361,1.84180389437824,3.29517856426537,2.66702592931688,1.23358036269201,4.47174009587616,2.71871776226908,4.1005905084312,1.51163948467001,2.78036448825151,3.38038935977966,2.93091803486459,3.02484544902109,3.68338795378804,4.26309747295454,1.96487317723222,4.71041739825159,3.96222492679954,1.69869715085952,3.120434410288,2.56033708830364,4.08673216076568,3.31802466278896,4.25847456930205,1.82700296957046,1.23501102847513,1.82303138729185,3.09272562619299
1.27530434844084,0.686794686596841,1.32640464929864,1.37501775263809,0.383632565382868,1.78565707453527,1.29826559196226,0.475024883460719,0.306779257720336,1.18806599150412,0.81740650581196,1.32966341730207,1.37061325693503,0.292981138161849,1.90290013840422,1.28148045088165,0.441249956027605,0.309599262778647,3.06912747514434,2.41113802837208,3.62534620263614,4.73669250169769,0.46623520180583,2.6762055400759,4.90670455386862,2.51447969302535,3.55340909736697,2.64782442338765,1.59726846427657,4.44186695758253,2.73343161470257,4.49450179841369,1.62212485866621,2.62431210372597,3.67468101787381,3.2321548240725,3.62216616654769,3.70704555860721,4.27263553335797,1.85716993513051,4.41759810742224,4.18381193117239,2.14692270650994,2.82183231017552,3.02673638699343,4.16565197706223,3.42702736530919,3.7338580135256,1.60935249505565,1.38684851548169,2.06425008177757,3.04320784320589,2.51699533802457,2.42575245629996,3.115866468288,4.75124188000336,0.441945547587238,2.99968807213008,4.43725447077304,2.03994121518917,3.35141785955057,2.79501001257449,1.3467183886678,4.60685353912413,2.77978007216007,4.29259252827615,1.54945961979683,2.87604542030022,3.53193431789987,3.1295474905055,3.20817330549471,3.83519236976281,4.33846249396447,2.09318318124861,4.73638264229521,3.95977205038071,1.84488241747022,3.23825207771733,2.68253071932122,4.28847182542086,3.33046298043337,4.29395577963442,1.78254990279675,1.33273938589264,1.86604217812419,3.21482743759407
1.16970133362338,0.669888873351738,1.24083582614549,1.34066597901983,0.370168326830026,1.8230417505838,1.31673911522375,0.522004491998814,0.303907674504444,1.12001640559174,0.788826250936836,1.2610376777593,1.39264932379592,0.305451730266213,1.97511403309181,1.31656466075219,0.502422198303975,0.315476339659654,3.0279244268313,2.47043008357286,3.63565953238867,4.59575530234724,0.489393903349992,2.54024246381596,4.98850208939984,2.65173100400716,3.67902778985444,2.39030645182356,1.68907088087872,4.34158150106668,2.8086758403806,4.59577896539122,1.65932094474556,2.68649192538578,3.80251154780854,3.29814738291316,3.72884736489505,3.79676669789478,4.18978181082639,1.8194676565472,4.52193936286494,4.21088526817039,2.25990662275581,2.97616883274168,3.05676793440944,3.90789517294616,3.51813313667662,3.94472885341384,1.61017794237705,1.44605672429316,2.21655229385942,3.27992763591465,2.59848556818906,2.42217049794272,3.20943588367663,4.5884878677316,0.458666625956539,2.8632200761931,4.47416488127783,2.13030885765329,3.51794179575518,2.49924892466515,1.53193601238308,4.49143861886114,2.90374589851126,4.43238841742277,1.60602813214064,2.87490495434031,3.70651675853878,3.24925398547202,3.29707919736393,3.92879851907492,4.28487098170444,2.09724974259734,4.76483040244784,4.02251411555335,1.87552054796834,3.26247497485019,2.72799237538129,4.1998391347006,3.43091111397371,4.49756509717554,1.81877135185641,1.41293125308584,2.09710516710766,3.44520767254289
1.19731791666709,0.621892724419013,1.19084513065172,1.25784953846596,0.334616423002444,1.67975016171113,1.28147349879146,0.475796454993542,0.30961076071253,1.03606216656044,0.763755801133811,1.23299521428999,1.34742321493104,0.299203593633138,1.72784591210075,1.25132897426374,0.4495340444264,0.323066594079137,3.18852601386607,2.20287011069013,3.58710561238695,4.51462681032717,0.464019680744968,2.65754417236894,4.94109158497304,2.45568856224418,3.49674833193421,2.4468183843419,1.65007924777456,4.33009832340758,2.66586026502773,4.56136074941605,1.57993169239489,2.57650860818103,3.68085709563456,3.30186302936636,3.61703128926456,3.69206418050453,4.19311670889147,1.78533510147827,4.39392430149019,4.09558035084046,2.18466541625094,2.99157851550262,3.11227330146357,3.83094928786159,3.57285659527406,3.88812230527401,1.50624494202202,1.34862841339782,2.04293358069845,3.05614748666994,2.62500976654701,2.19639382569585,3.10306682001101,4.51820008223876,0.40769705112325,2.9658533949405,4.20370728196576,1.9708289813716,3.31314496963751,2.49559287307784,1.38066749839345,4.45448296511313,2.70321078575216,4.22497191745788,1.53394763893448,2.7430447647348,3.68050975468941,3.04092711186968,3.24117388331797,3.81088928459212,4.29572663456202,2.07429058267735,4.64406347181648,3.82862419355661,1.77074090577662,3.28068923624232,2.59460776473861,4.18943826295435,3.454493713798,4.47289032733534,1.61426652420778,1.27608700888231,1.90112913306803,3.21022753638681
1.2290485384292,0.672332474729046,1.3455046871677,1.43201476533432,0.374605108925607,1.72949272720143,1.35137233952992,0.511370264110155,0.331919481628574,1.15506129758433,0.812749299919233,1.34622503817081,1.45502039743587,0.30133745004423,1.85559795913287,1.32847896195017,0.489003643160686,0.332833898835815,3.06316896504723,2.37595883756876,3.74042231636122,4.69244303542655,0.481175027176505,2.66721185622737,4.95879881130531,2.57781752513256,3.58394315151963,2.50603152438998,1.7351422769716,4.38261180184782,2.80422033695504,4.5944139007479,1.63254117988981,2.78565671714023,3.78561969893053,3.36488455010112,3.77108767372556,3.63722734036855,4.469137072796,1.8349579279311,4.57702143280767,4.1622020797804,2.22407483542338,3.10926862782799,3.08136346598621,3.98833345994353,3.63000912207644,3.79971900745295,1.66621799347922,1.50883800606243,2.20583940600045,3.21478431415744,2.58696597861126,2.38435729546472,3.20019600261003,4.72989501291886,0.434350619208999,2.93815202824771,4.34976319177076,2.06016244791681,3.46137378178537,2.6685253190808,1.49496450414881,4.53352338401601,2.83783337986097,4.3063516234979,1.56057671178132,2.9557069670409,3.64685943350196,3.21805918053724,3.32781690754928,3.7813760000281,4.53741749818437,2.12812930345535,4.866912199941,3.95518625853583,1.87648467894178,3.34319457784295,2.79943396884482,4.23233137372881,3.50496671814471,4.46726423385553,1.77337924949825,1.3616662058048,2.02662169036921,3.36333112834836
1.14698242582381,0.600576074793935,1.21249972679652,1.2391505537089,0.329071862855926,1.70282791694626,1.23664744896814,0.43586886243429,0.254462331300601,1.05013340339065,0.709358569001779,1.20267362613231,1.2073285728693,0.235566437710077,1.84836619556881,1.21002924954519,0.407644745078869,0.26307016715873,2.87191707221791,2.22981394687667,3.34176248288713,4.5133476993069,0.396618703380227,2.47354123741388,4.86062571033835,2.31136979034636,3.52598776540253,2.48158291820437,1.50199100724421,4.2254096781835,2.60225531260949,4.25422503333539,1.62484403292183,2.53399791941047,3.46745996247046,2.97006516740657,3.42890762910247,3.59307802282274,4.22200436121784,1.77059434331022,4.38284731470048,4.18037131452002,1.9735074643977,2.76481992355548,2.77554986393079,3.93026053952053,3.35047403071076,3.66607366246171,1.59377307444811,1.30462228902616,2.05441532563418,2.91813009092584,2.40146640897729,2.22910954942927,2.93108362308703,4.52440702822059,0.387535504181869,2.67427001148462,4.48067635623738,1.86386397015303,3.29676776193082,2.6690386030823,1.28007066075224,4.37780105881393,2.67816703300923,4.1363208279945,1.4917946672067,2.7667797729373,3.29433322860859,2.9181035917718,2.99968427536078,3.70185819640756,4.25813737185672,1.96348858182319,4.61246947664768,3.9725282760337,1.70608848659322,3.0658180648461,2.52052630204707,4.07132940739393,3.26548068458214,4.15742629114538,1.81035037571564,1.20801218796987,1.82727752323262,3.00060616899282
1.17283717845567,0.680564196547493,1.33788075903431,1.36631553876214,0.367534425691701,1.71606292657088,1.25275574962143,0.469165187561885,0.274080782313831,1.15741125610657,0.809697843971662,1.3395228125155,1.36212798836641,0.280102363147307,1.87192887929268,1.22976082121022,0.442331710015424,0.284122276323615,2.97593016305473,2.36098296265118,3.61101990146562,4.54728836845607,0.413481342839077,2.51808116026223,4.77621776959859,2.40841351589188,3.53992230724543,2.51886468334123,1.60223725251853,4.36431332444772,2.73615023866296,4.37484259996563,1.63538656395394,2.70903330808505,3.67030842415988,3.12198289087974,3.5519731072709,3.67535236792173,4.29767385334708,1.78044366417453,4.40705850999802,4.16699558636174,2.15808304550592,2.94493401236832,2.92494587332476,3.97377208806574,3.4522335822694,3.89164402126335,1.56885608559242,1.40742655959912,2.18388584349304,3.13550417404622,2.48384857643396,2.36065576737747,3.11821009893902,4.56484607839957,0.40051858179504,2.8245932655409,4.41365474276245,1.89533231826499,3.32533210911788,2.70998111180961,1.37415723255253,4.50399881252088,2.87531247944571,4.26929638767615,1.51362845581025,2.91245801141486,3.51345895673148,3.00618888437748,3.1199684520252,3.77039494598284,4.35898164729588,2.03970644343644,4.67216303478926,4.03363235993311,1.82305084797554,3.13169915130129,2.60702864523046,4.17896668519825,3.3868843964301,4.44556180108339,1.68244312517345,1.29287729528733,1.97347372327931,3.23038611444645
1.1673385805916,0.625722320517525,1.31304576958064,1.37034763081465,0.34918079606723,1.78216529311612,1.2555757361697,0.458594697178341,0.291823789244518,1.12475668033585,0.764024190604687,1.29236459499225,1.34613255038857,0.278458743152441,1.92528995359316,1.22251986234915,0.437319801887497,0.288851647404954,2.95050251251087,2.39181325165555,3.64576109871268,4.65867850929499,0.412272071000189,2.59409287432209,5.00679627107456,2.47635097056627,3.66246177488938,2.52913652127609,1.61315666441806,4.34094177279621,2.72915266174823,4.5414296942763,1.67321827437263,2.61398638319224,3.73726356052794,3.24075192725286,3.65230265865102,3.61555078229867,4.24901676201262,1.752323909197,4.46378546848428,4.27471651602536,2.1223795665428,2.90488709113561,3.1160812380258,4.08384838700294,3.38530437555164,3.83422174537554,1.72612845315598,1.40325696044602,2.09977695287671,3.12221082299948,2.46719680214301,2.40729987295344,3.10169499763288,4.65482647158206,0.400410950183868,2.83230135031044,4.52322933450341,1.98390631284565,3.43996749119833,2.75857534445822,1.3091946154891,4.5223685419187,2.84319872641936,4.33514222502708,1.53996275179088,2.82438946748152,3.59649512032047,3.1048391375225,3.25177765148692,3.7716907565482,4.29087569541298,2.02002335432917,4.79148545023054,4.03110400727019,1.81274620059412,3.23714154679328,2.71186045848299,4.27843184256926,3.32454521942418,4.42964605870657,1.91812587575987,1.33633416937664,1.83403565967456,3.25073394365609
1.2034187221434,0.659332920797169,1.3189546004869,1.33703805040568,0.389477097778581,1.6897113788873,1.20501812023576,0.442732743103988,0.297562774037942,1.156015438959,0.786520268302411,1.32768287882209,1.34450135030784,0.278776682680473,1.8313324819319,1.18697291635908,0.441182587645017,0.304549842141569,2.9419663635781,2.30371318291873,3.56495771161281,4.5843791263178,0.369322958111297,2.6279669534415,4.85271550668404,2.37252753181383,3.56168049992993,2.56653142813593,1.59519300796092,4.36100756237283,2.6717217444675,4.29588298220187,1.62323798926082,2.68105491437018,3.62750130274799,3.20970057463273,3.61288079293445,3.68048918643035,4.25967261055484,1.81768944056239,4.3550002425909,4.08698349725455,2.1055825346848,2.87910157022998,2.98653008806286,3.9466325622052,3.37419486563886,3.76164988847449,1.54119566408917,1.30411159875803,2.05282989144325,3.00047939037904,2.4286707940264,2.21491166763008,3.14407555712387,4.57907254807651,0.357967942276446,2.86077437456697,4.37419808097184,1.95629781344905,3.34072112618014,2.57361844228581,1.35001932043815,4.50616432726383,2.7332482826896,4.02309066522866,1.52802023896948,2.89518990367651,3.48615672113374,3.08892184193246,3.17232942953706,3.76388678932562,4.31303918221965,2.02762406063266,4.596919558011,3.92291775112972,1.78487672074698,3.23640719056129,2.52604089630768,4.22332057915628,3.24645714904182,4.2890955558978,1.67441563750617,1.22533666854724,1.84940372605342,3.13065252406523
1.1753388971556,0.656863880110905,1.29449173668399,1.31274650117848,0.329510300711263,1.70280317589641,1.27374780457467,0.453812529798597,0.296871234779246,1.05146244191565,0.792327261064202,1.28683505579829,1.30313351168297,0.268701359455008,1.7912813257426,1.20952154265251,0.419194484595209,0.311462405254133,3.06602931488305,2.23372665746137,3.53150344500318,4.59408766869456,0.40910947410157,2.64930512476712,4.86048798356205,2.35166272521019,3.45003254362382,2.5492253517732,1.57917903061025,4.3278225469403,2.59334063145798,4.34697269275784,1.60183244291693,2.58261385280639,3.64491664501838,3.19616127153859,3.57811205647886,3.64576846593991,4.27871185354888,1.79542127624154,4.4040489885956,4.09459861204959,2.05752026295522,2.84849202632904,3.03372556809336,3.83623667852953,3.58697522728471,3.76325666392222,1.60613247565925,1.35965452017263,2.18799470830709,3.0109238519799,2.5468749954598,2.27421065850649,3.00527145434171,4.6030126074329,0.365248615154997,2.83970274822786,4.28872085316107,1.85147948306985,3.2148336606333,2.7211660372559,1.27296840125928,4.46721643104684,2.64423656696454,4.13855908252299,1.48697591735981,2.7888396596536,3.42212379095145,2.94841182371601,3.09700955962762,3.76484730257653,4.29852387052961,2.04042347101495,4.65975041501224,3.88950963877141,1.75575001828838,3.1949729086482,2.64101904886775,4.02881229994819,3.4441951578483,4.26869766833261,1.70898335328093,1.19823740434367,1.96638528630137,3.11021056910977
1.09781905962154,0.638165347278118,1.25409094314091,1.34568855649559,0.343163045239635,1.66732595767826,1.25623962841928,0.479811190802138,0.284669196000323,1.02351428754628,0.763829466304742,1.25654361839406,1.38911691703834,0.296635449281894,1.7675351286307,1.2143781358609,0.455147063126788,0.291240768390708,3.06039322260767,2.37995693751145,3.75263490504585,4.55516672506928,0.460770410834812,2.51299364957958,4.82297918200493,2.53687891224399,3.49737365718465,2.6229706145823,1.70474032545462,4.33314960612915,2.72447401750833,4.5193406259641,1.56665530800819,2.7199844289571,3.81438683217857,3.35264321928844,3.73121569957584,3.67474942083936,4.19067341997288,1.73990961234085,4.46089167380705,4.088622397976,2.11702840100043,2.94071645155782,3.19079437485198,3.74019769951701,3.47914162039524,3.97758751397487,1.66906392201781,1.45689561543986,2.12255252711475,3.14815215207636,2.59491670038551,2.31380731775425,3.20736798644066,4.55568016367033,0.413216126384214,2.76516801165417,4.28257714956999,2.01244793366641,3.29819742497057,2.66885813442059,1.44932125823107,4.44755974260624,2.75597586785443,4.18226659391075,1.49249114189297,2.91646192176268,3.76188451563939,3.1541959567694,3.39128419465851,3.79889085097238,4.27347294660285,2.02719594817609,4.69479085737839,3.88998105959035,1.7537042334443,3.27386181754991,2.64746742753778,4.13241694774479,3.31106818711851,4.49791199626634,1.77950896276161,1.36286329990253,1.89080851059407,3.3037943225354
1.1601639688015,0.653847215464339,1.30743843829259,1.31855606730096,0.380934331100434,1.70732390624471,1.30199826054741,0.455557067180052,0.298326660180464,1.15965241519734,0.752832592697814,1.28341543534771,1.30031443852931,0.273309662588872,1.85324046900496,1.25370072922669,0.441125726909377,0.292068626265973,3.01885788748041,2.35658771439921,3.6155124863144,4.6585580073297,0.446031317464076,2.56212765723467,4.8126442078501,2.46645712153986,3.52739513537381,2.45837346883491,1.64405718341004,4.38292147219181,2.69083107379265,4.42308025062084,1.63362925860565,2.73374231252819,3.63812668574974,3.26441431953572,3.66178254736587,3.68244604859501,4.2799664165359,1.77385092549957,4.44407303049229,4.05223455838859,2.10865415120497,2.84741595992818,3.03466703067534,4.02778210444376,3.43969762267079,3.75791638158262,1.63204034115188,1.43350629298948,2.17758727504406,3.15129748499021,2.50114848650992,2.3271543784067,3.09818948153406,4.67788363341242,0.420326115912758,2.84099280135706,4.42507735593244,2.01144017698243,3.33143184357323,2.60011455602944,1.37695335340686,4.56137995049357,2.77300479495898,4.207988047041,1.52280530612916,2.96898840647191,3.42949751461856,3.1384071924258,3.23239741032012,3.81177598703653,4.36563610984012,2.00004481594078,4.786191820167,3.88293337216601,1.81473386706784,3.15196293452755,2.61015254165977,4.26517985656392,3.32175667723641,4.31732157617807,1.75340015743859,1.29592765425332,1.92683376604691,3.30924917245284
1.11207030201331,0.629711671732366,1.25309843703872,1.36655825015623,0.365365238802042,1.73841689154506,1.29557510087034,0.501624118653126,0.296790967462584,1.01486258208752,0.783232613932341,1.29045962775126,1.46154701983323,0.325199457001872,1.8082524118945,1.29722688521724,0.493657419574447,0.301586204615887,3.20292580453679,2.3755498030223,3.70907493308187,4.59379098843783,0.515289460221538,2.65044608106837,5.06139668496326,2.54844145895913,3.62941245082766,2.61426521465182,1.68739549606107,4.32446924305987,2.82278237736318,4.71893326286227,1.57404333702289,2.73179448768497,3.78688651265111,3.48752212000545,3.78211881872267,3.7308942284435,4.22590421140194,1.75618171331007,4.57156418683007,4.16662484873086,2.25674455007538,2.97648767870851,3.24241308894125,3.88739582430571,3.64609465980902,3.89707305724733,1.64175600465387,1.51189524994697,2.25023195543326,3.29435997683322,2.79192341526505,2.35124608920887,3.1823197575286,4.58636616216972,0.460492281708866,2.96573384501971,4.33364199660718,2.10012191114947,3.40402469225228,2.63005517749116,1.53607705258764,4.43703908356838,2.89209628896788,4.35722946282476,1.52699205745012,2.9604374896735,3.82286256318912,3.23885622154921,3.41073633753695,3.80585671169683,4.36256526515353,2.0743448343128,4.88195691374131,3.86618175636977,1.8393844832899,3.31217876961455,2.67640989553183,4.27980621729512,3.54287900449708,4.63020401622634,1.78626774810255,1.45059454580769,2.09928319393657,3.53470055479556
1.12908612471074,0.608639245619997,1.23242997215129,1.26998706406448,0.321379789849743,1.79793833801523,1.26652992703021,0.436034150829073,0.274960759095848,1.00167356408201,0.731738605885766,1.23874116316438,1.26702243718319,0.277055970247602,1.92355837137438,1.24028991966043,0.414968927158043,0.280931907938793,2.85361117101274,2.33453044714406,3.39596014819108,4.52698002988473,0.428271859593224,2.56253971904516,4.95279675349593,2.29405685106758,3.58920966647565,2.3864590707235,1.52065364655573,4.27483692602254,2.66859206499066,4.39107399899513,1.64419943495886,2.41791364829987,3.52754252729937,3.02484351373278,3.4051811802201,3.63438666041475,4.0923023665091,1.77783003624063,4.30506942942156,4.22357711917721,2.04337866650894,2.75573622225784,2.88226670701988,3.84547364991158,3.36143493175041,3.7142311972566,1.65232313843444,1.33555917767808,2.04035603790544,2.97220770409331,2.40903850831091,2.32696730084717,2.89732153061777,4.50714768236503,0.391171884373762,2.81502612680197,4.41111359652132,1.85075475974008,3.32934867870063,2.56206206092611,1.28140989906387,4.41605189722031,2.73833667021245,4.16585933603346,1.52187289623544,2.66731757624075,3.42076117824763,2.91162550635636,3.03042212687433,3.76647488260642,4.14625131571665,2.00474010547623,4.58583868993446,3.97375774104148,1.67749740881845,3.1033191785682,2.46244617365301,4.03455758281052,3.28240162070142,4.26984527381137,1.81099920027191,1.2827338053612,1.83839670103043,3.1108562820591
1.21122928941622,0.652423143619671,1.32956484518945,1.37486167589668,0.352082531200722,1.73424398549832,1.28075374069158,0.46330481156474,0.290214425651357,1.11389903584495,0.806177329039201,1.33207008196041,1.36320467852056,0.290164439153159,1.87104639178142,1.24515947618056,0.45351630973164,0.290545573807321,3.04070408514235,2.32324786996469,3.65292180376127,4.56865156861022,0.44308370561339,2.61658640392125,4.94945953926072,2.45479877013713,3.60190679202788,2.39511417876929,1.59323726501316,4.30323132034391,2.71917205164209,4.39263029955328,1.64740877237637,2.55640622507781,3.69379583117552,3.15165136894211,3.60735494364053,3.63953987648711,4.19654573977459,1.80974392755888,4.42950292536989,4.15954109467566,2.06633668532595,2.90921292663552,2.97594034601934,3.934286265634,3.42048790073022,3.83452688273974,1.63871663669124,1.39316461328417,1.98429870523978,3.0334842200391,2.39749665476847,2.37340639764443,3.03678288077936,4.56668443232775,0.410439849714749,2.9123419970274,4.51427918858826,1.92484959377907,3.38651626894716,2.61393049079925,1.32943526018062,4.47997680027038,2.77398122660816,4.16193699929863,1.5350045801606,2.8170008296147,3.51486581703648,3.00578801915981,3.12663734424859,3.81669475999661,4.25483656302094,2.08655696501955,4.70588833931834,3.95244067674503,1.75887916149804,3.25744858011603,2.67349839443341,4.15269352216274,3.34222210478038,4.3488248209469,1.81808457244188,1.28912752156612,1.78220774931833,3.15399752580561
1.12757748598233,0.651769906049594,1.28034289367497,1.32846507639624,0.373060617857846,1.70079205418006,1.24306400190108,0.478407788497861,0.311142734251916,1.11748911486939,0.769124273210764,1.28765026479959,1.34376312978566,0.283488816698082,1.84939082851633,1.24094766704366,0.476739100180566,0.303497403394431,2.90217709285207,2.37176709808409,3.45611733768601,4.5516763352789,0.443597742123529,2.59274954115972,4.85826354753226,2.41230371966958,3.48985814070329,2.60865068621933,1.57676226692274,4.2369498659391,2.65329418517649,4.32268649805337,1.58131733199116,2.6597150536254,3.5226447309833,3.08018881175667,3.50741267646663,3.5362208308652,4.2631327342242,1.88012537336908,4.36645272886381,4.02157313888893,2.18581126563367,2.78673765424173,2.96557376091368,3.91507127508521,3.34209533641115,3.6981298327446,1.50639700004831,1.39762877544854,2.11111673898995,3.07814671064261,2.43616261414718,2.32259629503824,3.05131440004334,4.60295871831477,0.436625190079212,2.87415060121566,4.36852754279971,2.01756891142577,3.27248360414524,2.78368778619915,1.42934846685966,4.40536262327805,2.69702046178281,4.14709260640666,1.47989985824097,2.89938095863909,3.42404022952542,3.06636318610981,3.15094111603685,3.67380611342378,4.33586943673436,2.11019049491733,4.69152325903997,3.82454358763061,1.85382762434892,3.13710124604404,2.62576541630551,4.14401247631758,3.27884297491983,4.32677362253889,1.72785118734464,1.24522943771444,1.9305340659339,3.22967033740133
1.16794714750722,0.650900230044499,1.27338075544685,1.30530452763196,0.341380204161396,1.7350684851408,1.25400991900824,0.44905827823095,0.287245170329697,1.0745047647506,0.794863686896861,1.25894073117524,1.27375232311897,0.261628078704234,1.86662454949692,1.22787967382465,0.420831099734642,0.290702188911382,2.97320058289915,2.40453240880743,3.50347426265944,4.59810065943748,0.400635332101956,2.53304177056998,4.89141999743879,2.39243347616866,3.47718379891012,2.50469428382348,1.53780960896984,4.3260550769046,2.6441207525786,4.3354314872995,1.63738334912341,2.48575274925679,3.5294431715738,3.07195575814694,3.49945894209668,3.63628245284781,4.15801393333822,1.79145013331436,4.34423395246267,4.12900878023356,2.00796036608517,2.67994482288486,2.87536334199831,3.92658903682604,3.40541636210401,3.6788800926879,1.67497791902861,1.31143736257218,2.01309815514833,2.99227835156489,2.40498001885135,2.37580442382023,3.01143517484888,4.57162676518783,0.381909631832968,2.77058216463774,4.50236883014441,1.88274896040093,3.23501350893639,2.68684185948223,1.30902414047159,4.47276271879673,2.6792585272342,4.16819532448426,1.50559284165502,2.72398976888508,3.33025504788384,3.02473065932281,3.02859170362353,3.77878207573667,4.20508833415806,2.03082412900403,4.62955226935446,3.91308594634756,1.71340517746285,3.12324600107968,2.50285233813338,4.04350790660828,3.29994275281206,4.17088713124394,1.87395424919669,1.22184199723415,1.79804336559027,3.1026874515228
1.26585132745095,0.666297408519313,1.38391622481868,1.40602101478726,0.411599404818844,1.704457861837,1.33019228401827,0.520142256631516,0.324641501298174,1.16165435791481,0.794777941540815,1.41073197638616,1.46215573744848,0.305381288053468,1.8149039153941,1.33168142358772,0.513712732848944,0.312674819957465,3.22629768098705,2.46385735040531,3.69699204294011,4.67103219218552,0.503132345387712,2.74320371681824,4.92002790607512,2.54772199841682,3.45472488109954,2.62347198743373,1.74214176950045,4.44201557221822,2.77932858769782,4.62223992496729,1.60365970563726,2.95169189991429,3.82646530494094,3.37863235059194,3.8482107585296,3.64553176728077,4.52130576968193,1.87840989383403,4.65782279195264,4.00654855137691,2.22475759265944,2.94971704762429,3.12311073823366,4.00438698288053,3.67032836691942,3.89295898968703,1.57082447572611,1.53633171960246,2.19735791371204,3.22534187464043,2.6653967378661,2.35046617500484,3.33840996265644,4.71343829901889,0.45473063114332,3.06225163862109,4.29184599546716,2.07796322717331,3.23148969630711,2.72042839694768,1.58228504491854,4.59404954314232,2.76503106532618,4.28049306385219,1.56682816543616,3.12670308630913,3.68540142895654,3.34663785691373,3.37069285660982,3.7888059488032,4.59813301928807,2.08343072957359,4.84924728982151,3.79830367304385,1.8438636707142,3.35171472199727,2.65051078447141,4.29121852712706,3.51154036854859,4.4526150659658,1.63981974730268,1.36767807672732,2.05753514869139,3.40010391362011
1.16885838517919,0.656636129831895,1.30708295851946,1.32781430892646,0.355284937191755,1.73577158199623,1.25333533959929,0.437907218059991,0.276666429825127,1.07956245541573,0.791457587154582,1.29634832963347,1.29421087587252,0.25813275296241,1.88390390807763,1.23022604058497,0.405484140850604,0.278927543142345,2.91240105684847,2.38156065903604,3.47459039813839,4.52462680917233,0.396392415161245,2.52294072462246,4.9179302402772,2.30936539475806,3.50416996213607,2.49353104410693,1.49790235736873,4.26124895503744,2.62684881663881,4.33317730855197,1.62699437787523,2.48202563682571,3.52441253466532,3.05928349075839,3.47072586836293,3.59718246292323,4.15500570088625,1.79794384201523,4.31181683950126,4.13918664329685,1.94641252816655,2.69149995781481,2.83686533279251,3.88381829019636,3.36919248558115,3.69364362000488,1.69516884349287,1.33847549278289,2.02836723439395,2.99637999199331,2.35158036742359,2.3742731413804,2.91488118097186,4.52364479470998,0.379288717987947,2.75584798213094,4.45152941020206,1.85943643283099,3.25624081213027,2.69422020297498,1.29000759654446,4.42248385120183,2.66722057177685,4.15708268247545,1.48968740319833,2.71893720608205,3.36458476632833,2.93435896653682,3.04380962182768,3.7216905169189,4.19996211817488,2.02995763905346,4.59909865772352,3.90958228008822,1.66919027129188,3.10141691099852,2.44550547702238,4.0170975071378,3.28629152104259,4.20490499469452,1.81978224264458,1.24995335983112,1.80588324274868,3.08691242570058
1.2133818671573,0.666753233876079,1.38089697435498,1.36163137608673,0.370751052279957,1.79402094264515,1.37801798898727,0.512203970807604,0.330173146445304,1.10821104701608,0.799912363523617,1.42227886430919,1.40340922470205,0.298041985312011,1.88519658707082,1.37797556992155,0.480972143355757,0.332634492311627,3.18271846300922,2.36066779401153,3.65389198320918,4.6323951757513,0.516184087726288,2.78227957710624,5.00048414850608,2.51579687185585,3.58658775663935,2.54589236993343,1.72131679509766,4.42654357547872,2.74348161555827,4.63649274967611,1.64489819318987,2.78328490257263,3.83879925811198,3.3730610597413,3.70612737559713,3.77114922297187,4.4074911151547,1.91375153977424,4.54742968548089,4.0947182411328,2.23029688303359,3.01669230521657,2.99736722907983,4.00856495299377,3.66465622955002,3.88650149559544,1.58294746698812,1.52213126886636,2.14197658956982,3.16330507420935,2.72572366928216,2.34432279109024,3.17954468773678,4.64286244427785,0.464501840877347,3.09673369070515,4.33709859568626,2.03421187913045,3.37880576762836,2.69159157364629,1.49552384116396,4.55494578834623,2.79525527032092,4.41334679350257,1.55792781873606,2.95020612096414,3.75292162247933,3.25041366461664,3.3649526454974,3.88337463140488,4.54241451015696,2.14804091840051,4.79268367681652,3.91332514490932,1.89572518179193,3.29243013169616,2.69467893824913,4.25318173505366,3.63005188200623,4.41849535540678,1.72112658200786,1.35940428380854,2.0114873892162,3.26290297787637
1.10849655419588,0.725210970267653,1.23937041126192,1.342913714936,0.342878531722818,1.65576818701811,1.26863348670304,0.455672882206272,0.295754665043205,1.02758878888562,0.854684213292785,1.24835440702736,1.38933918531984,0.30259292566916,1.78540711128153,1.24248097720556,0.447420886252075,0.300711723335553,3.08094945922494,2.46894026221707,3.66074901376851,4.45440241636243,0.434298122359905,2.50478992797434,4.97509160684422,2.52071286877617,3.52088541985722,2.40614268137142,1.57858786499128,4.25312250002753,2.83872171584517,4.61066678818315,1.61401431809645,2.62903151940554,3.63690430577844,3.22289295075461,3.60733617097139,3.69535334920511,4.11099349614233,1.82022054528352,4.36416805698536,4.16329916822724,2.05267713917419,2.83468599693151,3.07437186711468,3.80586185026914,3.47089115716517,3.77312936959788,1.73081254144199,1.45864171977155,2.18956199358217,3.2170684634475,2.50243633979699,2.47065532347187,3.12763605127111,4.48398743243888,0.401089568564203,2.70492949336767,4.49144778493792,2.06111867143773,3.30163331551012,2.51080099586397,1.46019443910336,4.39105754578486,2.85160633758642,4.31543301045895,1.48698798078112,2.85005954001099,3.52510898606852,3.16324778622948,3.19791940390132,3.83711186703295,4.18095780117437,2.07808820344508,4.66430576518178,3.89594838488847,1.7229652145179,3.18152631772682,2.60557424277067,4.08041291683912,3.28081592381932,4.37222923897207,1.85553835099563,1.38383803458419,2.01899819378741,3.40514594805427
1.12901959643932,0.689571769908071,1.24041503411718,1.34141501493286,0.372301469993545,1.70753896748647,1.31808381335577,0.5231391194975,0.316902798193041,1.10625787102617,0.824784436728805,1.28335031517781,1.41753619204974,0.308273465139791,1.77318936819211,1.28145024098922,0.480018523929175,0.331513726443518,3.12412726448383,2.40014202753082,3.63642208033707,4.61362488474697,0.492827478214167,2.74458211520687,5.0939890271984,2.59660831117071,3.70641003665514,2.45310823770706,1.6870816409355,4.40221905941144,2.80506387306377,4.73815460596234,1.66998165828409,2.67291878350079,3.73519058688544,3.29690973367542,3.69502027961425,3.86066195741296,4.25953507889062,1.83819117638632,4.60622247098945,4.26076154760085,2.36150332307443,2.83409934659721,3.21695743408054,4.1957633914426,3.58388183813076,3.98124145856127,1.58427624223987,1.5687870841939,2.28866224153899,3.32608650415204,2.73946856078692,2.41078119375743,3.22883887635544,4.62826649053022,0.436786933976691,2.9393855878152,4.34437208203599,2.11201671801973,3.48160569276661,2.51802521734498,1.5028191349702,4.53117507789284,2.86235918104649,4.4804085707292,1.55312987114303,2.82763030566275,3.7733687069267,3.19952666666359,3.33260353514925,3.93334962893277,4.3438922339119,2.1119193356717,4.90317032113671,4.02975813671947,1.95298982551321,3.25537882512435,2.79594597732648,4.45393506530672,3.4568303466076,4.62846744665876,1.66276482818648,1.40417061699554,2.09931175154634,3.55475621996447
1.13297148700804,0.662439164007083,1.22868248750456,1.30368873046245,0.329752192541491,1.63790465402417,1.19834921008442,0.447504327108618,0.288510232232511,1.09003160661086,0.804535397328436,1.22764797694981,1.30051722982898,0.268753769661998,1.76053785160184,1.14159505313728,0.434094649157487,0.28441586822737,2.94259602669626,2.29077071463689,3.58313240739517,4.5471436586231,0.398821311886422,2.55086572049186,4.77493148879148,2.38685782207176,3.42789820081089,2.49144474975765,1.5421260013245,4.28498773882166,2.57012491603382,4.29102661134675,1.62975645181723,2.50724052381702,3.5747236830648,3.08651400846429,3.51099979924038,3.67090675560758,4.06215427583084,1.74560629983898,4.29816601469065,4.13717089570127,2.03622093424201,2.81267627392663,2.97563411633018,3.89506785664707,3.34225632529706,3.79528858140111,1.54770779865794,1.30581362172961,2.07743167388253,3.0455065513961,2.34665356078767,2.29414111888036,3.07205812586471,4.54972198419273,0.354735858651111,2.81954398355447,4.37443341361359,1.90496181836352,3.24835097731557,2.70149947935715,1.28962146706181,4.43367349263281,2.63810275541618,4.12998639745638,1.51598036335781,2.73935237107798,3.41031948640011,2.98572112875991,3.0755140229594,3.80230904300697,4.11720950622112,1.95545933162794,4.59307181555778,3.97461308352649,1.74980347941164,3.16258408385329,2.55640222504735,4.08350293850526,3.223394940258,4.33004496060312,1.7074085297063,1.20288970973343,1.86548476945609,3.18236447754316
1.19224921287969,0.626100433757529,1.28838574700058,1.33769786695484,0.346633756766096,1.74407251365483,1.2568081766367,0.44545763154747,0.289404448354617,1.1015593088232,0.734755420824513,1.27133495174348,1.29393870499916,0.260747058317065,1.87687807250768,1.23007927578874,0.418451781850308,0.275415669253562,2.89390959427692,2.34193116659299,3.56171462545171,4.57851115334779,0.431315046764212,2.59104404225945,4.93005445972085,2.40107094449922,3.53969604999293,2.44973530387506,1.57904567115474,4.27722099376842,2.63553198729642,4.32523856963962,1.65341810893733,2.68333257548511,3.63977708248422,3.13293966348283,3.49746255250648,3.56755639077164,4.26436186954379,1.78007255110424,4.48219710483681,4.1983709493652,2.01232299802359,2.81409169884864,2.8703609087097,3.97421850636601,3.4111113253748,3.75001191347837,1.57894073566422,1.32982061523944,2.13874030439183,3.07311178254895,2.40838465327397,2.3468336686492,3.05454909894615,4.56897879205644,0.404398645507172,2.86571065150201,4.49739437177777,1.94712880859151,3.32854736060835,2.63901355583221,1.32414900406729,4.45860269991681,2.70974688883871,4.21379204373807,1.51642743125558,2.91760816937312,3.43739111977629,2.97617425618228,3.12798064853996,3.72984093404375,4.29667811468244,2.00037799612619,4.7553360289894,3.96312635205686,1.74015682656318,3.1666065575555,2.55558157432824,4.10267996881157,3.3351215487346,4.29069607611746,1.77200754347723,1.21095467009582,1.90945008397102,3.16085364529863
1.14099856384564,0.633003251627088,1.26438738626894,1.26578040781897,0.320168398320675,1.73696780158207,1.2950766175054,0.444012566527817,0.276450158795342,1.06164662074298,0.750841498142108,1.24704361986369,1.24173008999787,0.256108072353527,1.85799623606727,1.26867576071527,0.418092836742289,0.274163391499314,2.97642836580053,2.28987761028111,3.59643547050655,4.4818077548407,0.433550875342917,2.50427491404116,4.89711099443957,2.37409369461238,3.53580850875005,2.44643569830805,1.55545256147161,4.21063394728117,2.63829837692901,4.34165984997526,1.61671604693402,2.62535602645949,3.57141064526513,3.09416325739585,3.51042315969244,3.55842804745771,4.20027346699499,1.74763680290198,4.34618703275919,4.13656684942544,2.01227006688714,2.7452179195825,3.00854988693027,3.89545653248206,3.44971055793576,3.69582387711853,1.63762517238501,1.38343503326178,2.07402136572637,3.00092474429403,2.47017075540498,2.32389613054693,3.00086586875841,4.47322116326541,0.402129093185067,2.81727492250502,4.3648493909277,1.95389468886424,3.28399816597812,2.59723049355671,1.32046775583876,4.36108991829678,2.7089540916495,4.11664794851094,1.47673536790535,2.88091765157878,3.38395360345021,2.98757015285082,3.07898587640375,3.70958170294762,4.24398692348041,1.96602382347919,4.67877715174109,3.90022947685793,1.72786308662035,3.10695955983829,2.50932766171172,4.06026890221983,3.35783879924566,4.27471283497289,1.81559449969791,1.24402207508683,1.86049713566899,3.10738726472482
1.23002112936229,0.643346573458984,1.28954907250591,1.32497130590491,0.357805063249543,1.73339813994244,1.2475955830887,0.4296780723962,0.271851846249774,1.09299864247441,0.772039092611521,1.27201530337334,1.28447413747199,0.268042448267806,1.87409796752036,1.21046257717535,0.40311732806731,0.269234001229052,2.97970701078884,2.33423764118925,3.4874227847904,4.56756129814312,0.403002415318042,2.5859034312889,4.93972458131611,2.31720475910697,3.50817806029227,2.44090355141088,1.50588754017372,4.30507274309639,2.61689527868293,4.31462939735502,1.64291685086209,2.66558082867414,3.50732672354206,3.03834762889892,3.45550448494032,3.60096156038344,4.26848926721141,1.75821779062971,4.4375736718066,4.14949024189264,1.91911504394375,2.72377553395927,2.86720093199983,3.87183724762872,3.47974054538645,3.7348613794893,1.61740907840431,1.35420829406939,2.12742538959719,3.00307219149545,2.42819291446358,2.29927485249937,2.97046372457407,4.58434659102932,0.38844866072759,2.83195699378848,4.52009663172066,1.90019698161632,3.25079046725295,2.57993297558278,1.2437936331844,4.48629281623289,2.64723310153931,4.10174238774925,1.5007849726826,2.91887727892026,3.31735784141347,2.9065118173603,3.01183712040074,3.74742095451802,4.30810515396297,1.97229303815402,4.71508495695889,3.92514191474766,1.63903324841522,3.1592381465598,2.4622863070108,4.0328272478655,3.39602460805327,4.28553703823127,1.76024110987782,1.22526180837303,1.87282248586416,3.09707885817625
1.15610219817609,0.682967469329014,1.28296360257082,1.32793313544244,0.360047265538014,1.75301424926147,1.27682175347582,0.452702225360554,0.287411291850731,1.07924130314495,0.799526777351275,1.2746382993646,1.30726095591672,0.276276203279849,1.881554314401,1.25785784050822,0.424192859441973,0.287709340977017,3.03838340076618,2.31943944422528,3.62041422608308,4.65579079464078,0.434464368139743,2.6714793657884,5.06610432779416,2.42050219094381,3.57936469011474,2.56198815337848,1.61727613862604,4.36198140028864,2.59402618004242,4.46936645451933,1.61012231593486,2.59098180849105,3.64178575272672,3.2320986087434,3.58546309033409,3.65612815774512,4.26999557175441,1.74395174277015,4.44892312021693,4.14142865221947,1.99371958675329,2.78843670524657,3.02848331234418,3.93137257918715,3.48149509564973,3.71709487377666,1.66269732324872,1.34994297917001,2.07831609563436,3.07472692779265,2.56594098848291,2.34754432365298,3.09673195774667,4.61755426274613,0.407882162719034,2.97314960043877,4.56593230552971,1.95840610458981,3.35513140470721,2.67815242009237,1.36717003694503,4.51869511604309,2.70976631133817,4.28671048814431,1.5314119849354,2.80811757408082,3.54694053158164,3.06915940321051,3.22828892944381,3.76334839034826,4.30791714251973,2.01160593493842,4.74390137754381,3.91630223859102,1.69166662124917,3.24102228228003,2.60104295436759,4.17069118842483,3.40877020615153,4.34450494078919,1.91121631998976,1.25569432409247,1.87865193397738,3.20478816190735
1.1083489281591,0.573140498716384,1.12469635880552,1.21632213442354,0.309792343061417,1.7179850556422,1.20715074217878,0.427069765864871,0.250450931256637,0.969718347769231,0.726835632231086,1.11487205186859,1.24931790912524,0.269983725622296,1.81346488092095,1.15490292722825,0.399175758822821,0.25710113090463,2.94784991943743,2.21397245163098,3.43041265476495,4.46310926834121,0.410918846144341,2.42036506999284,4.86225690180436,2.29904054896906,3.59567413467448,2.37957574473694,1.46602483582683,4.2119068345055,2.69411695934832,4.32714559044689,1.66157240583561,2.53405102621764,3.46150487451814,3.03754739114083,3.44185630837455,3.61607077950612,4.08510103588924,1.63095919688931,4.34820326906629,4.29149666056037,2.01183199085062,2.64829216030193,2.94718702021055,3.85163196735084,3.33578851784114,3.71554989204742,1.7153342650272,1.34143608808517,2.02387233101763,2.96492535853758,2.36497570364736,2.20541675039567,2.98815364902839,4.4850362171419,0.395481475396082,2.68747175484896,4.4554574014619,1.84910445893183,3.34738371556159,2.50302464305423,1.26003196183592,4.3444980494678,2.72094125766307,4.07242726814002,1.52914470026735,2.76231007371098,3.37276599789038,2.91862981463782,3.09857519855723,3.73775067413226,4.1500850354787,1.87503283610567,4.68635485880077,3.99477524263784,1.69009521277621,3.10114672547206,2.53248100564815,4.07170583866537,3.14158811268862,4.3473117784597,1.8491879766807,1.23452184477355,1.73635660205036,3.14967328496277
1.15606246498646,0.671242745243944,1.31065270490944,1.35039878392126,0.371225633076392,1.7399673210457,1.25228743464686,0.466682034078985,0.30623112199828,1.12794840103015,0.820338878314942,1.29639926785603,1.34167635207996,0.271585255046375,1.87988431286067,1.21828658599406,0.447381377336569,0.315594044979662,2.94559533405118,2.36391954915598,3.67819335754029,4.66157614719123,0.437613311689347,2.62425471795723,4.95354396337643,2.51916867145337,3.56435869587585,2.54766692221165,1.62029821390752,4.33470422308892,2.71254277671687,4.39397081406787,1.64053895883262,2.5321791600436,3.70204823766835,3.24463000404648,3.68545938236639,3.6749985315837,4.18206818355247,1.80763814412057,4.40155874716584,4.07341448031366,2.14294479682576,2.82372915762244,3.10196296311915,4.04957462800667,3.35263389430474,3.81744687026367,1.62587948620785,1.42220321600325,2.07966733700596,3.07401138392743,2.40471802913817,2.37596546672285,3.11124393204227,4.64979820791632,0.39100127358688,2.93348185531795,4.42172241350636,1.9349850693834,3.32977456739172,2.8010552492924,1.36167612369172,4.51416128873825,2.77756602503359,4.20441750949249,1.52623647986911,2.79250368615612,3.49177102511749,3.19032916432479,3.23226360511035,3.83708967454731,4.22177525609732,2.08670344669372,4.70361026795581,3.89984022686258,1.86111259507015,3.23191176750697,2.6957613035338,4.17442631535232,3.28223948983941,4.34618544986006,1.75898211984895,1.2495708623901,1.8299202946946,3.24016831954941
1.25010628323071,0.685415731277317,1.34098448310397,1.40850571391638,0.39951627748087,1.71432056371123,1.27876314893365,0.49790864327224,0.307274672668427,1.24322753981687,0.830382275395095,1.36004396690987,1.46477503073402,0.316270084818825,1.81036041676998,1.24758616951294,0.499307520571165,0.320662162848748,3.12685762369074,2.4057698729448,3.83384144841693,4.73607756197453,0.494814679957926,2.65821450669318,5.02434048708528,2.64077345118858,3.5472779822303,2.57962234085426,1.67906708875671,4.51929255248979,2.75797666143626,4.60970211587846,1.65057452919427,2.72945477836765,3.88031259947456,3.46160558145493,3.84629037091509,3.799062801525,4.20739851729013,1.82299131830223,4.44435433717445,4.06293014762923,2.21065441973042,3.0520861899131,3.1972012873739,3.94263134850189,3.51286460796837,3.91978228883818,1.6037266428466,1.45914183114655,2.21128851897083,3.20403360412456,2.60900880093686,2.40634487802163,3.2943737784808,4.71977939363569,0.426514450751711,2.94765149126761,4.44142501009628,2.11176189314574,3.35299821733497,2.75624549970962,1.49356706166873,4.66455519897863,2.81813638214953,4.22404636908323,1.56404407601804,2.97319868672639,3.78613974270411,3.36554501223145,3.49705480691046,3.90677969763055,4.3169283263851,2.09098699479364,4.70426333462819,3.91017128434032,1.8702492978191,3.3568454219494,2.64092032052577,4.2822643481195,3.38027028716169,4.43395414948463,1.65248239831999,1.37859787046909,1.99589690146968,3.36993799125776
1.20935032400303,0.646004082867876,1.3303604060784,1.34881551295985,0.3789831509348,1.59877297142521,1.23440297972411,0.447599734645337,0.290398841141723,1.13674155180342,0.770589162129909,1.32692461740226,1.36412782454863,0.278652788954787,1.73648803133983,1.20989998767618,0.442932146019302,0.293323434598278,3.00395056197885,2.31903699785471,3.48022693721578,4.57110341417138,0.432485424214974,2.59915886074305,4.75302296085283,2.38085948349908,3.38447577471379,2.61941540520638,1.60122761770617,4.37063242821023,2.67297818209045,4.36092802602798,1.55790400737897,2.71009747358039,3.6619631088106,3.13018216774799,3.60193295078352,3.64910108677577,4.1607899046503,1.81567920115776,4.33973434322979,3.95110668649431,2.07270885398611,2.82439776742831,2.97107849083841,3.93825638201088,3.45483652618714,3.76058492972516,1.53031617600936,1.39883658289909,2.17351140873507,3.10046864289325,2.44432519143447,2.28549540508538,3.09480218449607,4.57067849766463,0.394876609731,2.82613661279902,4.34408276574686,1.98044446459971,3.1741491330904,2.69130336167291,1.45134070975473,4.49566617514938,2.68387127481401,4.0818217433989,1.47514380957,2.92255036300048,3.49429050600156,3.09275617590174,3.22623087512329,3.74168938223738,4.23671880783513,2.05028121778741,4.54455386521295,3.81155667686835,1.75196127186064,3.23568440193776,2.56800412107259,4.10970922978595,3.27231579087675,4.28191628400236,1.62300369003788,1.2939485013485,1.98570522200316,3.20781839988194
1.16584817389958,0.679890873609111,1.30498559237458,1.3270986325806,0.343041124811862,1.64731261925772,1.26355536543997,0.460253855097108,0.304598020855337,1.14604740717914,0.777781018288806,1.29705494362861,1.32910198159516,0.274313396308571,1.77740787668154,1.21817724360153,0.439471070538275,0.302298263763078,2.97229979000986,2.2859621271491,3.61953990766779,4.56861857278273,0.409987765684491,2.64941222779453,4.75168131757528,2.46002256404608,3.49087074655108,2.50221031252295,1.66203517152462,4.36200366937555,2.63028342986945,4.35831803362817,1.59030358528253,2.66571963671595,3.70551301259547,3.23262546083424,3.63557307980955,3.59865922003519,4.26288128294982,1.79814587696455,4.40603704715613,4.07690087123774,2.08427097299136,2.98836425738409,2.97772049819469,3.90407740743831,3.41101551696192,3.80172346299514,1.60787259083008,1.3571404927643,2.14776851073839,3.08198322518729,2.47208950389177,2.27710500918329,3.1051128434483,4.56683223461732,0.393294338195119,2.96229304559529,4.32668297970667,1.98142572352663,3.31496186065488,2.70955121936277,1.37457112688571,4.50972009263933,2.72206125338562,4.11759504396468,1.53937365836464,2.88903969805688,3.48341878014617,3.149130506441,3.23675357736647,3.72359182778746,4.34382579789963,2.00221452745609,4.71944706747308,3.92942427005619,1.77969092619605,3.19942898955196,2.65576672786847,4.20753731019795,3.33074121526442,4.33752454863861,1.70808957505506,1.30961869936436,1.92336957645603,3.22781124641187
1.23406273289584,0.676442983327433,1.33195455092937,1.37665158847813,0.371092573739588,1.71926601463929,1.32292316039093,0.488911602296866,0.317959311418235,1.20961769192945,0.80643602728378,1.33895080070943,1.3897422561422,0.288182421296369,1.85212972108275,1.30275566130877,0.471398450667039,0.314996619883459,3.10649975389242,2.42304686736315,3.72703379997984,4.68144013360143,0.456656222697347,2.68837528303266,5.06146735791117,2.58937474922277,3.58082075463608,2.48385058017448,1.67983272240963,4.47584060626104,2.63707240729127,4.62868229020387,1.66365692269756,2.73134172428399,3.74723100592382,3.31699781981297,3.64650865038857,3.79828436416574,4.31637323182076,1.90415498102084,4.51484196062665,4.13569644885138,2.11248739727307,2.91368023934774,3.02565597940702,3.85142907639965,3.53120336425491,3.85545300040394,1.57307695131749,1.42126857652329,2.10738658090122,3.23824489489198,2.68341605993919,2.42314749676734,3.17850696202368,4.67477648938075,0.425429315189831,2.936565363314,4.48770642373711,2.10374043835327,3.39864223240875,2.52253729221411,1.44941457163077,4.64624328492209,2.70483658462763,4.33655160386115,1.56280102371238,2.92977966880426,3.73329897643998,3.13856310094707,3.31630067247897,3.92343665566295,4.37982677528635,2.18389325286262,4.75802091881633,3.91112176002935,1.7537342379801,3.3501169453375,2.54071434959769,4.13226876966655,3.49945114617003,4.49866885412484,1.78314714937005,1.36114797648042,1.92382715921849,3.36255588522181
1.36697867303155,0.640961048891768,1.29466584976763,1.26637767953798,0.327291163383052,1.69247967819683,1.26238040067255,0.422680110961664,0.284120599506423,1.17187728360295,0.774199737701565,1.29205417167395,1.29160855896771,0.256045140326023,1.79916609218344,1.23015995696187,0.388478346925694,0.294236657384317,2.8221746943891,2.16896787169389,3.4789144822862,4.69651464093477,0.400168863590807,2.8781219786033,4.8439524997957,2.29362081945874,3.52907329145819,2.51754254847765,1.49040814430919,4.40331655321643,2.54146531317383,4.23111152509227,1.61978132295189,2.71528305485845,3.40834082523361,3.00522887590341,3.39644317608327,3.60018886486068,4.44333685841411,1.82697356771678,4.46865569427609,4.10651857615449,2.03816972929053,2.7557442006655,2.93671287759207,4.22876026853919,3.41693748813123,3.71196791483089,1.53620033356128,1.31012260960415,1.97584837535396,2.92317434656434,2.40492889953748,2.21354301366955,3.07598921237513,4.67119111400098,0.373629675123084,3.10978061612695,4.27147170668468,1.90893152635545,3.33085777470842,2.73772115539759,1.30510167835746,4.55746663524769,2.59352665115148,3.99934325041249,1.54779183631763,2.91249878983945,3.32197997462936,2.95820962591097,3.06022724811919,3.68476830027066,4.49162852321751,2.06364380498417,4.81229276256636,3.89669878128916,1.70352421165444,3.23164642229676,2.59739246801473,4.46780536230654,3.26808561349753,4.29742952669039,1.63051837403327,1.17633603326976,1.7400398212485,3.09181520715356
1.15770912868902,0.727581035811454,1.36938176676631,1.40221625531558,0.371561823296361,1.71503825113177,1.30655115417903,0.503112765727565,0.333721203962341,1.15829018177465,0.860659166704863,1.37086392845958,1.41137236962095,0.324444832949666,1.84335244703107,1.27795553335454,0.48718391393777,0.338650509598665,3.0771437692456,2.38647817354649,3.78750641923398,4.66443787515163,0.469624474499142,2.75024101138115,5.04270274471492,2.58108745049685,3.64350077835843,2.62737300619483,1.67518094135448,4.42970344051719,2.7266327686375,4.56929919170216,1.68462854938116,2.68263335339725,3.76459717086982,3.34282832173631,3.7217700437177,3.73368343012407,4.28669309057295,1.86948950961232,4.47313591706916,4.20466389809735,2.19518677942688,2.88706361595541,3.0886748584453,3.93453808082268,3.49267745876568,3.88366140192375,1.62793319742195,1.42083179438487,2.20272937533446,3.22665351512842,2.65068922017235,2.45590844610706,3.19557422958314,4.61965355696157,0.432803445728496,3.06527921836823,4.49485363438725,2.07930839573964,3.42041010048706,2.71816541813314,1.40576374623924,4.60398191027343,2.83207569597289,4.29355753213167,1.59549960074946,2.90963873639703,3.62274744175375,3.16299946908839,3.29461500095204,3.82010436616838,4.35086804500315,2.14206227706745,4.78185126697645,3.94193304353394,1.85968260338996,3.21954285632819,2.63269689306617,4.29037582408637,3.45029796240851,4.4557678848505,1.80821349527105,1.37222950533032,1.99627591879107,3.40872201821185
1.15653896285221,0.693427976686507,1.29185302578844,1.34174257004634,0.359647539036814,1.72743063024245,1.2527670780546,0.465492191491649,0.286369344685227,1.03572718799114,0.823168646078557,1.30499930586666,1.35900172311813,0.288845777220558,1.8378173452802,1.2381813081447,0.438979081111029,0.285458362079225,3.06848619808443,2.45218010200188,3.61888270149939,4.52682976797223,0.434956962591968,2.52173638343811,4.98381328815594,2.43486657878384,3.55959769000765,2.58237035106868,1.60552141768858,4.3050275798887,2.70650641003158,4.47050515841693,1.62732475262601,2.73535671271384,3.65820382675156,3.22911627683789,3.60281569766812,3.65111425030045,4.25841272925027,1.81671753479168,4.5048359897919,4.13813250744715,2.1272173585603,2.74995037075132,3.01415510755032,3.90193727333099,3.49971221876331,3.81861441698857,1.57753643719479,1.4199028944131,2.15105254761875,3.1229953969596,2.5595985869877,2.37808424467221,3.13041860167868,4.53044569352642,0.395432932535186,2.74697408545762,4.40429776767269,1.98566777794622,3.29508693225216,2.62903504841961,1.38922737934627,4.4498878614977,2.71547518810257,4.23305946122855,1.49465304450132,2.93294288218021,3.53892231918871,3.08979774569161,3.17859059851617,3.74942392436787,4.29417856829241,2.06331493379548,4.74536261626054,3.91355662001297,1.77296134276548,3.19137494894676,2.52964276494458,4.16776836244389,3.36990820325445,4.34735694155097,1.6903480598703,1.29092514934018,1.95777621888556,3.26533794566058
1.17434113449417,0.695127621525899,1.24833806208335,1.34084259113297,0.334633369522635,1.70052710548043,1.27765995723894,0.466654183517676,0.302589163416997,1.13575584557839,0.839906932087615,1.25915664061904,1.34964275802486,0.282235675054835,1.80940927518532,1.21856880537234,0.431877850322053,0.318323367449921,3.08386751753278,2.36517918622121,3.69606765103526,4.60526253841817,0.442637981381267,2.6061595575884,4.997534096241,2.58163086033892,3.54248266131617,2.5569103686139,1.58481798926368,4.39068731083535,2.62377083365573,4.59695707261562,1.66794497345109,2.5837675947696,3.65760141494684,3.24112127826083,3.60145777510479,3.7827792968601,4.16286318236962,1.83584162127227,4.4018563600257,4.1833969829604,2.06518434430473,2.8657821661327,3.0589890233241,3.83309688186273,3.4667591889156,3.84020374948159,1.60190839809366,1.39426947757602,2.15745916380547,3.19957500486635,2.50607590971049,2.42939887754619,3.1313896891661,4.58512358134612,0.392164146061987,2.82305050455034,4.43849294679239,2.00421606888995,3.33607145072892,2.69591166079044,1.35121477305074,4.54338180134073,2.7352117979899,4.36979482322931,1.58542884769849,2.78123038960621,3.49390934593976,3.08040779829025,3.23142679687589,3.89840275910683,4.22741884621792,2.1122320368886,4.66107158642262,4.0074843778275,1.78305481706047,3.22083734162152,2.73507274850272,4.0821888409555,3.31389695894904,4.35713328537531,1.71646487293765,1.29657579120249,1.93747789238114,3.29948284430429
1.22218903061002,0.670873837545514,1.33213259768672,1.33839279832318,0.364351511583664,1.75928829237819,1.30113065708429,0.446840513439383,0.313848148565739,1.13598569936585,0.785238268668763,1.33231860026717,1.34758986299857,0.301771870232187,1.87825321732089,1.26931362051982,0.438343200949021,0.304917603265494,3.05088789318688,2.35641024122015,3.54687248915434,4.64406146807596,0.416920099640265,2.59661937970668,4.92452601063997,2.3516377187334,3.57699200534262,2.50144586153328,1.56094986293465,4.36938981967978,2.67263205908239,4.39835556875914,1.64030445506796,2.65375314932317,3.6015386285726,3.15502268448472,3.53780896778335,3.61813388532028,4.37356874870602,1.78703972417861,4.43082856014371,4.10298589861486,2.07478511380032,2.79505164502189,2.98050659243017,4.0002304543741,3.50106579938438,3.69835980632342,1.59466636291472,1.39925376081374,2.16363827767782,3.07835961412638,2.5050064161187,2.31191043695435,3.01458196644671,4.62569120526314,0.388802087807562,2.89300287421793,4.39617026364431,1.94698723964393,3.34442821284756,2.66648199455813,1.35282048315275,4.5254891468212,2.75658768648282,4.1430850699544,1.51324200397357,2.88816948281601,3.46441698307171,3.07706888648681,3.16777598136105,3.74202111258637,4.4230603800388,2.00752199138515,4.73856304679066,3.86462520749774,1.75775995949516,3.16719694191124,2.51351065421477,4.23246314842254,3.41137618478388,4.31057157786563,1.71477701689582,1.26086713551194,1.95120595884509,3.2494690741878
1.13710075058043,0.680666780332103,1.26425315625966,1.35313561698422,0.376659743720666,1.76134659885429,1.29713199421531,0.525297484186012,0.321454759920016,1.12274662940763,0.802559988689609,1.31192353181541,1.40726416232064,0.317750952672213,1.84883815661306,1.26313885720447,0.499889044644078,0.325060430681333,3.06518600019626,2.38919123844244,3.73205699259415,4.58052133955061,0.477056782576256,2.71452358551323,4.91166420886293,2.5350263947621,3.6469188973424,2.45388878136873,1.71059085731395,4.37316789367469,2.82756003853865,4.5658945068717,1.62935106709483,2.61096313688904,3.76107083319221,3.33599455712829,3.71072877198458,3.75562125223223,4.15944405761547,1.88070184993558,4.45756706758402,4.15932644275017,2.2578975422075,2.98338040098315,3.12719314591959,3.9293218832463,3.45802185486536,3.90949244890362,1.57552175590536,1.41847525676712,2.1912922540796,3.24188598431647,2.60988740168978,2.42893078457564,3.23112947680056,4.56555856298655,0.434036820603069,3.04746976075694,4.38509788550436,2.03854328976013,3.4334530888591,2.62130199512467,1.51619399600895,4.51048672338948,2.90593522321433,4.26212301943451,1.59330960200168,2.81281907949597,3.69376135291532,3.32088783476502,3.36233460751828,3.85532070044428,4.26532351784408,2.15844126068987,4.7469877153635,3.93981443019584,1.89185879076831,3.33508559665643,2.72645972669125,4.29414746630937,3.40089724189602,4.51636128139216,1.73015880095772,1.3619441119954,1.98816182510927,3.44290643720888
1.0650853747502,0.625444502336904,1.23571960721165,1.33684747619554,0.342430627439171,1.73712363780942,1.25605238648131,0.496578483493067,0.29497255908791,1.00517961150035,0.760918480111286,1.24946560384706,1.36874402058311,0.289958584995475,1.87312922999263,1.24537904909812,0.475127632147633,0.305581941560376,2.96762971032877,2.42894123028964,3.61428959597833,4.54143136553466,0.454280051082605,2.5504636047408,4.99192113429308,2.51106818206608,3.57892698526848,2.49109238665551,1.64185960008763,4.30843061860651,2.7576261224458,4.42637822870165,1.64171583962161,2.63694145530462,3.73072050628252,3.27547359222081,3.61709978571162,3.72166242613457,4.2491094423458,1.7722108719754,4.55309235630557,4.22980221104808,2.21277834463399,2.87089408165775,2.97226483895793,4.01553431898355,3.36012954788748,3.92949756490998,1.61646465607919,1.34561658650637,2.07992651849054,3.22899177775253,2.52818368771113,2.46421578992158,3.18701753998175,4.5018973685801,0.417685885680839,2.86049442458898,4.44567249389365,1.96199086727574,3.37898804235738,2.70217475481331,1.43484155170154,4.48213246650994,2.90586988860741,4.34226301079616,1.53636681940407,2.85128602012992,3.68480647960678,3.13294681883417,3.33059272018727,3.8634083927609,4.32130973413587,2.05592295969836,4.83377867471427,3.95195752335712,1.84289355220972,3.23566154344007,2.74049463821575,4.28501219442114,3.29937544825953,4.49378453521058,1.84100698627299,1.33044390962459,1.9068197903689,3.40869178413413
1.15710736019537,0.640267416602001,1.26550477743149,1.34780611551832,0.353690582676791,1.70247838273644,1.28054689965211,0.504912063130178,0.300792222958989,1.12348737753928,0.765193757717498,1.28131299489178,1.40480595454574,0.309927462105406,1.82165354141034,1.2849073857069,0.469522418818087,0.314813647244591,3.15638446900994,2.40212351945229,3.63186218822375,4.52830057637766,0.48252953645715,2.64825962437317,5.07618304435164,2.50870397081599,3.59877802385017,2.60357861220837,1.6943930326961,4.29110772837885,2.75121737626614,4.54604156222194,1.61997612078267,2.740354642272,3.80197407165542,3.28952061396558,3.75409719021991,3.59965652099345,4.27964906976558,1.86378613009583,4.58024468366057,4.12381496792659,2.15572664467618,2.98932133615017,3.05761375953443,3.86499984376132,3.56170499860309,3.96585076046176,1.58104283455759,1.39343783259392,2.13377495855093,3.22519351867959,2.63602119660936,2.36947243358009,3.18662558373762,4.5311776692979,0.436495027563069,2.96300867479295,4.54024234460667,1.97364286705852,3.34784142463468,2.70546216564253,1.4453473558824,4.43690459174104,2.7841470176354,4.24050809349865,1.56086917966604,2.97309188079089,3.64765611570328,3.16623118915595,3.28372286213562,3.74042435409501,4.37773305783048,2.11752144666389,4.80412065098062,3.91025576204993,1.80904245621059,3.26006016228348,2.67254454363137,4.1369893271476,3.44358377484605,4.48526942078024,1.68794923131645,1.32601984078065,1.95414336852264,3.37374033397646
1.1175831288565,0.620322790578939,1.19582678354345,1.23663033579942,0.319201931532007,1.63139442249667,1.18693924561376,0.442135970108211,0.266593667445704,1.06048006052151,0.763174812542275,1.20120829623193,1.25472136121243,0.257319472031668,1.75304176146165,1.16592566424515,0.405117581947707,0.27874101116322,3.08647972194012,2.21643333206885,3.51816144096665,4.5147789278999,0.404118263395503,2.41328920144588,4.857699617045,2.46026856964454,3.46174756204709,2.50622364412993,1.52140408835839,4.22868954855949,2.59388675098307,4.36332844011486,1.58948329061968,2.68212738912553,3.54090248188004,3.11804775032215,3.54844710463658,3.68132992880419,4.21524396445602,1.70242786488961,4.44776788179297,4.14785126294009,2.05021353869233,2.70717999152839,2.93719317461364,3.99122439092025,3.51650522521231,3.85207269713283,1.53876313776709,1.30493755661882,2.15103767369874,3.08431992260739,2.58290980034508,2.24967727484182,3.01989744254388,4.51307033374906,0.36710488575045,2.6416215216741,4.39541622390971,1.98921553581022,3.24850727256853,2.56510938820429,1.2882117353729,4.38583148177713,2.6821093452163,4.1844328599982,1.47168020461686,2.90996072301641,3.42787916772068,2.94597169803455,3.09077028604224,3.79186622216366,4.25313585996628,1.95400509145111,4.7105308114551,3.93036107718945,1.73717174236663,3.08440139959566,2.58776702545583,4.14903620677069,3.34195521962829,4.36252303945366,1.66507636802271,1.22714753123,1.95216685114428,3.26264783134684
1.22072910191491,0.659063202794641,1.23951805057004,1.28846120508388,0.371959309617523,1.68619614513591,1.24751672853017,0.457399571780115,0.291010942077264,1.12693098559976,0.804060332244262,1.26019952539355,1.32766398205422,0.292041137261549,1.78367349668406,1.19219397334382,0.437218791921623,0.295008495391812,3.07479700585827,2.34132659772877,3.6300718463026,4.56079386081547,0.434113096795045,2.61310995835811,5.0047052456066,2.48780378536321,3.60229031951167,2.4506072975928,1.59564578265417,4.28986603068188,2.7183720030007,4.51341400202364,1.65351262898184,2.65065871272236,3.69794102222659,3.26349574699998,3.6274453937076,3.69512977218255,4.19079864630476,1.77798362600151,4.43707818817347,4.18894073087722,2.12997660203837,2.85831312811933,3.04583276039921,3.85006443178281,3.4459983757115,3.8718568268232,1.61101611959748,1.40744502679445,2.10672605293803,3.12091766507365,2.53830638894578,2.33943123044446,3.11187038011849,4.55751996487379,0.39953718642937,2.86285646585748,4.3284019427374,1.96574063098524,3.36906340811402,2.53841267572716,1.41924998760805,4.45649399235845,2.72056433139369,4.21104070637375,1.55450999742607,2.8331431010738,3.64853866258636,3.11413078987971,3.30208249134012,3.8234180174768,4.29009258607402,2.02702173846774,4.72411297494546,3.94626615336165,1.76683562982362,3.2990379659459,2.46528508327901,4.19205769256223,3.31276965420693,4.52575445105322,1.62209136039019,1.30367535771802,1.87921835447196,3.34658338711597
1.15766461915337,0.610661617713049,1.26135408331174,1.28480718249921,0.347040520689916,1.65220534941182,1.24138273583958,0.446310529427137,0.268675448838621,1.10298243537545,0.726538968039677,1.24098936188966,1.27223176206462,0.254689946654253,1.8020949466154,1.23198673059233,0.432762698008446,0.259980741189793,3.0134744043462,2.2662471877411,3.4984722819645,4.55245844833553,0.460474097402766,2.49631740758196,4.86956714419648,2.37486794160213,3.45928338193335,2.56622143089771,1.61720356030855,4.20711528044194,2.59723109076731,4.36163800302893,1.56319983812864,2.73305453360081,3.67081571766175,3.12733545177616,3.58324972214177,3.53589715482667,4.28571966232266,1.7679097012151,4.44680271763355,4.04106376855634,2.02098753710743,2.8935710103251,2.99659813556354,3.93308877153322,3.45514702639775,3.79819765500724,1.52450579172,1.43210854032077,2.10605542571284,3.08072910481133,2.42528525739908,2.25652432255447,3.08608071669005,4.59267008770257,0.395887382444926,2.82005057577044,4.44325703661889,1.9253306039609,3.22596341650933,2.68612476624548,1.36397662945092,4.37163222813979,2.59492992702872,4.10580214066431,1.46462155552581,2.95068484637886,3.39619469596073,3.0354527302552,3.10811704955995,3.69943449343555,4.3701376740355,2.00794408284128,4.69171462394297,3.82604145957157,1.73104679142125,3.25350001861807,2.57481552101672,4.11795131815597,3.30735222133808,4.33337870100513,1.6357856686227,1.2326397667639,1.91014071996324,3.16752976109274
1.09043422108516,0.646202180418186,1.31015511555597,1.38417858269531,0.368811519059818,1.73305795353372,1.29928344883956,0.477153100480791,0.305183401098475,1.09097376815043,0.783719398779795,1.31152487359941,1.39434681786224,0.290903798450017,1.90204652072862,1.28330431075301,0.47814353054855,0.311675732169533,2.98484119854402,2.42928027408198,3.59702448826283,4.55863735440653,0.455782063887455,2.53531880164519,4.87547777686268,2.50472592061851,3.58446102205198,2.43800942972302,1.64830878842622,4.30852463794872,2.69157327827998,4.44154843129218,1.66252052807249,2.67683749413118,3.78329058806412,3.20902029844001,3.66599662322551,3.65262743690982,4.27941905427724,1.82087480838527,4.47052028262988,4.14595390413888,2.15230604843237,2.8840092094033,3.02674087963533,3.95450447266921,3.48172502557281,3.95869474159554,1.62144450284541,1.40714970207773,2.24563644872978,3.24670565559063,2.50359182013199,2.41723245871253,3.11894205585122,4.54732962464914,0.405055200797506,2.81259866431355,4.37807413097471,2.03322117216885,3.40448579727672,2.72267478797585,1.45867017222918,4.46795561956242,2.78295129397884,4.25938620045781,1.57502287067473,2.92216463014483,3.62649480928667,3.1223363566678,3.29823182174005,3.79185936460271,4.34673424204811,2.12303654314019,4.73377567343414,3.99822809919715,1.83071934920736,3.23991869017482,2.63402996642981,4.16556319082156,3.42524993547704,4.48964266886469,1.8086293428205,1.32733055145945,2.04388587165158,3.39021399407648
1.17587294918485,0.698085527401417,1.30705771711655,1.37533331976738,0.368222791992594,1.74331501824781,1.30855125410017,0.50771810481092,0.332583759445697,1.11026855022646,0.837918444420211,1.33723859977908,1.44401333061978,0.316277601988986,1.84594908892177,1.2791182405781,0.511231367359869,0.33886741916649,3.1437391480431,2.43645118433051,3.69383504195139,4.55800274817739,0.48237556417007,2.69989374815486,5.02951960079372,2.56236665369943,3.63524671189953,2.54482518602163,1.72637444804423,4.3922888347879,2.81649520481005,4.62175553268753,1.70395388756879,2.64907672069967,3.79929047322366,3.29401372815482,3.7433780443389,3.69359868520405,4.12969463225454,1.91193182184361,4.38195997616276,4.15566605841741,2.29078317660606,2.94557009451091,3.11776493524667,3.81167990993708,3.5826485286816,3.90735907352064,1.59830306307413,1.51082965941168,2.2043874328956,3.25074088387191,2.69873604713939,2.4164058896713,3.23647123505361,4.57140629412606,0.445331428898498,2.94488390162587,4.41914969263598,2.1384466860909,3.4364849816775,2.6970227509737,1.53256546874763,4.52165209618397,2.87146793119609,4.31258121458814,1.57768896146445,2.84750035544857,3.70605131867342,3.23425245471299,3.44832623191178,3.84194225398824,4.21641362528317,2.19458833569661,4.62173080723733,3.94506219401956,1.88713780953549,3.2796655849088,2.70188184408471,4.0993658779189,3.44774944754317,4.47212876891717,1.7234369085636,1.43728523165919,2.06361141381785,3.40837218635716
1.28343922569184,0.681024290854111,1.28376981662586,1.34870164922904,0.348458783468232,1.78733792342246,1.35154639917891,0.471443381626159,0.326194316730835,1.13880539336242,0.805061007849872,1.29986307583749,1.37633934803307,0.294385020795744,1.86522094253451,1.32191133208107,0.466786070726812,0.337497893022373,3.13407341949642,2.32649694872089,3.57820607058238,4.58906950161327,0.469016928807832,2.7196730573196,5.02341904584318,2.45978102320805,3.52409050799906,2.56871786992997,1.60956406360492,4.40910320763942,2.69471631105989,4.45120009337552,1.66920446348377,2.54333750251681,3.61730515025556,3.24488270631991,3.56666953349486,3.71311933384277,4.21842714399099,1.91071689128876,4.3487338568666,4.05242411431391,2.13026822498068,2.9760483277496,2.95127265615156,3.7143735839054,3.59602629486471,3.66239358694293,1.53833615849726,1.43907438963652,2.07101847184822,3.03298966411967,2.62010239320807,2.29658352327533,3.14772292133421,4.56569823995233,0.425629811827093,2.92547069326974,4.43377891043201,2.01325500005623,3.33463337644935,2.74599165935069,1.38925752119394,4.53804286709055,2.71412233961746,4.19259124621749,1.54799437866313,2.76074593374506,3.51559043792076,3.13243232714012,3.23105663876049,3.81932581984438,4.26862396253273,2.16118716867641,4.56854521809146,3.85901038581505,1.77852977532893,3.30110879614949,2.51199434348382,4.03366931527853,3.47868160088547,4.22317120200023,1.68886890023714,1.31833903538063,1.89579578267876,3.11726612737402
1.27517221897142,0.685328420018777,1.33774426020682,1.3619635127252,0.394893090939149,1.65759867010638,1.26766839972697,0.484825676481705,0.321217552467715,1.25073588034138,0.809639580431394,1.34820673055947,1.37704779021442,0.293858060962521,1.80171490903012,1.24961821688339,0.471754690748639,0.326828049262986,2.9746339446865,2.35296118585393,3.51813827035949,4.64536224072799,0.463629007703275,2.67077179299667,4.94060991797596,2.48352212365717,3.5171030453057,2.66112266550772,1.60416006296873,4.40578700235346,2.67909881891683,4.4888638490811,1.6088268882595,2.73752830177546,3.62825356051326,3.16741506708786,3.64965916890651,3.63609186944086,4.34451371221803,1.84355383948423,4.41425031423569,4.10014536464587,2.14864266233053,2.8217637273483,2.93780496437103,3.9668973130174,3.40571792260744,3.66492222435772,1.60349390929332,1.42959143314511,2.19380886154249,3.14051746111363,2.54852741979994,2.30927488207817,3.1191777549684,4.67425567563623,0.429653072787914,2.89433272602037,4.3987551103346,2.06344303512014,3.32854355347808,2.77683117613196,1.46905560133746,4.58321403665468,2.75234307534993,4.2373329247348,1.52501875255257,2.92428281065077,3.52622381877154,3.18207911471836,3.27007992193103,3.76406617555767,4.40361788473092,2.08752279356122,4.69674746133387,3.84575737686828,1.80833170935512,3.18543189475895,2.59795767907053,4.25204571476206,3.31827205792069,4.35642031952739,1.68513030400209,1.30712637479883,2.01585210557096,3.31218420388177
1.12629136722535,0.66220667376183,1.29640125890728,1.36396212712862,0.381143296952359,1.76615152787417,1.28505213279277,0.46537090500351,0.279810166684911,1.02363795973361,0.800769677851349,1.2995644044131,1.36049453448504,0.279302824113984,1.89952889224514,1.28291593235917,0.444546727230772,0.274228665046394,3.04810918844305,2.3470668552909,3.51553561235778,4.49550800770521,0.467783329120721,2.5491288327612,4.88517406210303,2.4116749195382,3.66630215267651,2.50436167698354,1.56706576386932,4.23098104912788,2.75153561984189,4.47806565091014,1.68900384474546,2.68874011142179,3.70239170524292,3.04256027005613,3.5473856641911,3.64766968344338,4.22826328722294,1.76434873347171,4.47837904596236,4.21745975455269,2.09758717054501,2.76781306439079,2.97525507840328,3.96294634230435,3.48329478502274,3.83046636264771,1.6628584752325,1.44959141639993,2.15535406395793,3.1565501675941,2.49062514366233,2.34083886677399,3.05092533864081,4.51119813276455,0.425898703892017,2.78730161255226,4.46816028375179,1.96777499653399,3.40536157647148,2.56823346531019,1.36151649564272,4.39035566803068,2.77923691831529,4.24635921884328,1.55279484158382,2.90766861941665,3.5837804065086,3.00778199150227,3.18202068842947,3.78805487276986,4.31324106757529,1.98658900638111,4.74106666119769,3.96863010339439,1.7822882833425,3.13082942436449,2.54205493908376,4.0994265100453,3.36617503431626,4.38580981711857,1.80841102644627,1.27702139224857,1.96514877001755,3.27325158237363
1.22755764843896,0.620071881450713,1.30632090452127,1.29783021809999,0.36157638792065,1.71460250997916,1.28652674239129,0.464699548785575,0.266123826033436,1.19127201475203,0.731715036556125,1.28635916812345,1.27271952619776,0.258203878882341,1.88601747062057,1.2585146491183,0.436496781301685,0.2659161206102,2.9924750123173,2.33884555648547,3.55384659813717,4.58234659954906,0.416842833015835,2.517666017171,4.88942843303084,2.36084814183414,3.5091597904684,2.52907156944275,1.59870098833926,4.35679632984102,2.6092743021436,4.37550329836085,1.61285858938936,2.66675297450274,3.63899814267643,3.10837639728561,3.61660671560094,3.65662602172233,4.24211312073749,1.78483844851144,4.42983690591063,4.08016585465521,2.00400302562048,2.79139315988868,2.93007856374606,3.93611454032362,3.43163670506328,3.77509244298562,1.61400630802382,1.40938150777947,2.1323675889289,3.08171374187805,2.4965308351675,2.30797583889216,3.07944486779161,4.58906091470271,0.41637104016263,2.78807521332055,4.57262797700241,1.94187898235396,3.27328646637034,2.65601729322225,1.3650114586344,4.52427393384278,2.66740627563559,4.21966632502154,1.50937909050845,2.90590935386717,3.45861262548715,3.05683846608736,3.17946284590289,3.78654978913255,4.28061881836038,2.00337358075194,4.69055477716029,3.92362959403545,1.7054362273775,3.16811906639487,2.55538286222145,4.1100545845693,3.34538886498194,4.30817768280394,1.78234251169488,1.3152230065316,1.91224421537481,3.22652294635191
1.16018551075831,0.662908481433988,1.30719570023939,1.38632746809162,0.392351281654555,1.72199563775212,1.32604164036456,0.543673620035406,0.3334130027215,1.14935347693972,0.792241223622113,1.3431148964446,1.45641513029113,0.29764440190047,1.82655589468777,1.30617241247091,0.527014736551791,0.345019284985028,3.09145392419305,2.39893855899572,3.75078675034456,4.57962328474969,0.497021562827285,2.74272487056442,5.00590496184304,2.64810894802213,3.62449875508901,2.62412115279585,1.76374807266984,4.35759414103813,2.83064775005914,4.64795106207021,1.60934382001869,2.69651568867266,3.87107557372656,3.43645847169682,3.80055147758685,3.69761036452837,4.35710689023836,1.86331493686885,4.6270283566555,4.12210340495221,2.35904343513539,3.00928689818829,3.27520120923873,4.01428990671411,3.49483655544464,3.95205153501593,1.6401185055729,1.47480433015153,2.10170083912089,3.32993297884241,2.63358783256263,2.42300137528218,3.31604059785604,4.5894792736508,0.442519910517149,2.98630025726743,4.36387653136626,2.14474151167087,3.42127474147128,2.88248793594539,1.57508981233696,4.51462418492883,2.92470126086846,4.39110650215298,1.5505645875819,2.85621082503349,3.8575820075348,3.31517150742002,3.46509915869683,3.83810018654913,4.47669831709936,2.16051608917769,4.8774163457565,3.89681740920059,1.96985774557106,3.38889339379966,2.86125764343888,4.33198321703821,3.38179400493391,4.54818911547773,1.85552973684389,1.4015065303538,1.96895123738796,3.51638211496174
1.17515733232722,0.634094164008275,1.25600150114042,1.31925474689342,0.338372818747303,1.75857009529136,1.28601922729285,0.46362017665524,0.284968521911651,1.12204785225913,0.754820236936212,1.27006708364934,1.33837059885263,0.27993500843877,1.85775405820459,1.27144952479284,0.447763104806654,0.281559886701871,3.10783422016539,2.34646911965683,3.78310934081674,4.61086800601333,0.460079639218748,2.55001713521779,4.9705657530576,2.47903144871816,3.62445543636568,2.52274848613888,1.63277079362888,4.35468487581238,2.71389916935004,4.39832369843498,1.65669633087236,2.68494008574635,3.70588859706186,3.26251369365491,3.64033937663771,3.76115526910871,4.17826414899901,1.7681353087537,4.43961742054671,4.20692654279992,2.08174486309872,2.86050673702266,3.0949579019798,3.83038444677368,3.51140744111035,3.84745554509573,1.57789531192975,1.33572204876691,2.17791819409467,3.1528131433297,2.60389672894962,2.35393027029932,3.21016469717142,4.54289096593857,0.420284163032193,2.89779205340892,4.45037951506674,2.02062231488526,3.41299095144495,2.57676783483475,1.41685662273085,4.48658806271851,2.7398178409785,4.14113775454462,1.55632894928567,2.96546168066561,3.5537766860798,3.16877962322906,3.27489486313425,3.83489978080615,4.25470025814138,1.99704957619542,4.75904992129654,3.94681653892621,1.76311487331986,3.26360810967162,2.58237924519926,4.1611756850034,3.43896940210834,4.37118963571265,1.77384594222531,1.27910888462793,1.93949093855917,3.31606026133522
1.13719305302948,0.6304751499556,1.32029511453584,1.3188808519626,0.357966642186511,1.66339518560562,1.29382707225159,0.490335973212495,0.287275547045283,1.18821149691939,0.758191520348191,1.32362324185669,1.34117528283969,0.268872525193729,1.81744543090463,1.29869800864253,0.4719416849548,0.282653870643117,3.09005432284903,2.39000346837565,3.68154081422836,4.5854270150885,0.448539646662539,2.52876589773223,4.778598314384,2.50890507595614,3.46863764087902,2.52309924690053,1.6454905634746,4.3294660677202,2.66070176102221,4.40951878903434,1.55788548476994,2.83892127033323,3.76964712236077,3.24490973260254,3.73050198226701,3.7414546108339,4.39790435432224,1.7936914016027,4.57771979272366,4.05876199202612,2.14755580830388,2.85651919600787,3.02183806663379,4.02149764914066,3.53591862996109,3.97943011205643,1.57295635866467,1.3854267798597,2.18601110926829,3.24328545143362,2.65435805535526,2.3944930145517,3.17586798965931,4.58373134490103,0.422515418991679,2.82651852210984,4.40475152106956,2.01619130861945,3.29857273353264,2.65270093968138,1.48632759804605,4.49065505200997,2.73795586684719,4.27668134262785,1.49232401396148,3.04770474601537,3.5898283587303,3.18512992467731,3.2531807650812,3.87085755146109,4.46997778362129,2.05582265328849,4.85071645490825,3.94136274140328,1.84229651291389,3.21089912485331,2.73339233500883,4.27775495592505,3.47062802803703,4.50261067179963,1.81527720228769,1.31289504939923,2.05689915991388,3.40828185938881
1.15293715288863,0.605798898846842,1.27140856999904,1.22772464924492,0.338059524307027,1.66821174463257,1.25945202179719,0.470820126356557,0.282371316454373,1.12972034630366,0.745168862864375,1.27557654911652,1.24923225515522,0.250650642963592,1.80579195357859,1.24036588112358,0.443843251559883,0.268386744661257,2.9859853994567,2.23932656040415,3.54133680695668,4.5860244166106,0.433785375906155,2.57069676555693,4.99215596914291,2.41270445554983,3.52715090452693,2.50398408109322,1.58737928094342,4.27233284618706,2.61524435796309,4.3480273145251,1.61532064690255,2.67804410587996,3.55626003444195,3.1713730180636,3.55671930359676,3.63526863697916,4.3197281853063,1.75038073468022,4.42698394384934,4.10924027883448,2.09459092956968,2.75271500297822,2.94315158063546,3.93399517959915,3.3578845160082,3.69536041119136,1.57759008451831,1.36025931918994,2.03648993605748,2.9876935116481,2.44440812716493,2.25035573472269,3.03409247752279,4.61122962925583,0.400162172038108,2.83021867088974,4.42575611686334,1.93819015705958,3.28277496865485,2.60941621521488,1.39190668717492,4.4440806126222,2.62391315726563,3.97455334337428,1.49812891718466,2.87805162463337,3.43088572286069,3.0743757073069,3.11467268480919,3.75945777073503,4.36551574361511,2.01477299374528,4.74021276040003,3.8227970241569,1.75398320797831,3.20772716589272,2.51345238648355,4.24759032018483,3.28185880789533,4.29765271756332,1.64144772448344,1.20579097035807,1.85383681370877,3.16091162338853
1.20116690080613,0.571242993231863,1.2404163578758,1.27427285630256,0.323353398358449,1.75406605983153,1.26943375566043,0.469160983222537,0.269576066057198,1.12189180660062,0.721144888782874,1.25189320230857,1.27942042518407,0.267082266975194,1.88654033234343,1.23512859549373,0.428014647215605,0.27092203090433,2.95397419307847,2.23668256727979,3.56540631386451,4.53293727058917,0.421295814448968,2.55083868280053,4.89269533008337,2.40244799759239,3.61640673270449,2.41788299009204,1.59144139161799,4.28116547968239,2.68569786287844,4.39313595648855,1.62447709735716,2.62107101455331,3.61598623520695,3.11420061439276,3.56486257445067,3.56734907790087,4.30085842590779,1.79484294587746,4.49676342972089,4.26684600673616,2.11032716045156,2.82591952488292,3.02824119315483,4.0601465087384,3.33718704432249,3.71392383868806,1.6638707400125,1.38388755777851,2.0240241382271,3.05250154528767,2.38521525671968,2.30694723129272,3.07100238464773,4.52363870386034,0.401165726398176,2.85015311092138,4.4379914519377,1.88859083969146,3.37174977129325,2.61315941251814,1.3217849098728,4.44841641560197,2.78109232569113,4.13532275566831,1.52089784666896,2.8505992135033,3.46134698344395,3.01607797993347,3.1109101078473,3.70325193344615,4.36958345747553,2.05322245194111,4.82753572892398,3.96088988287374,1.79910798405763,3.23618164472282,2.65257186267991,4.29911359539255,3.27096257195808,4.34359927708283,1.74882124131545,1.2893543522805,1.79438417230267,3.23902922286652
1.14745553233661,0.676823662826791,1.26282834430458,1.29291908442974,0.352061781712109,1.73564192169579,1.29315089050215,0.49891067907447,0.314102173782885,1.07617105077952,0.800855478388257,1.29174184193835,1.35093761840835,0.303968610824086,1.8285092767328,1.2812991226092,0.470024344685953,0.306538220960647,3.1267125493614,2.40760092088021,3.64672992005944,4.61064291279763,0.487563187605701,2.57196020707488,4.98350350977853,2.54752917680889,3.56128221412655,2.5774099829141,1.60354690771783,4.33368861675262,2.74285259051248,4.64210547786206,1.60829161055153,2.69734665378928,3.64931675849948,3.27703754289541,3.64951869472861,3.68608546536416,4.27064552949741,1.88442778680474,4.45021584979258,4.10199269652367,2.23377707609325,2.87310353171779,3.11669270170387,3.99764479603618,3.46678897808306,3.80427414248697,1.57273420132697,1.472073844634,2.10328033776022,3.10447066510096,2.6593800438568,2.39996306039393,3.20180734619498,4.6101273111999,0.43825085653225,2.88860959652811,4.3114972282201,2.05116144032218,3.30353288666811,2.65991318551823,1.42094578739488,4.48351880162954,2.77638489252422,4.31722588464618,1.51883733994327,2.89697526022792,3.59826092328876,3.27031411719508,3.22657401347533,3.80185458390042,4.35350882587954,2.11377375107259,4.75049882475287,3.77288760850206,1.83023336995393,3.22943892679177,2.61323954025283,4.33619407936931,3.35859766439535,4.42509207129478,1.74537605873775,1.36695862188935,1.90280386991799,3.33195979404263
1.08828828623518,0.617053658585064,1.23348382802214,1.28897405043244,0.356225909607019,1.68843112734612,1.27842088358011,0.505050207779277,0.305564327165484,1.06431506853551,0.746122010517865,1.26959172263741,1.36019987391774,0.287657187785953,1.80320535058854,1.28138881362975,0.491490277228877,0.298982387583237,3.06271889805794,2.32884628372267,3.54841425502673,4.60628064814955,0.496489657089114,2.586226307787,4.94172174390405,2.48303895024583,3.52129627706017,2.51152620092034,1.62408770842012,4.37198898755014,2.72822898527374,4.55398414283991,1.57923857367132,2.61893286649138,3.69177078804933,3.19358900561929,3.67051136819646,3.70476959319785,4.2406313145766,1.83242357708514,4.44262369116768,4.07483701920137,2.24424064368941,2.89758718799567,3.06061300239526,3.98348101461306,3.39479028451024,3.86662622651784,1.51765258610249,1.40103039308451,2.02780058089411,3.08399302721955,2.60826475650538,2.31703743059188,3.1556407121825,4.62988429935649,0.457148874760605,2.93845329340547,4.35689837438986,1.98013599845581,3.35444332944462,2.63023903570138,1.49356432200875,4.52548165433109,2.7864713515155,4.2937365360558,1.52128171129152,2.80135963670909,3.64353918656707,3.2255623107776,3.27808722329792,3.8657958349213,4.35788147198036,2.09940279088914,4.7374939545989,3.79033966432326,1.83678373787552,3.24568476935383,2.70622749999166,4.32589386589825,3.31213711248711,4.43804049084429,1.72078979102662,1.3546765439678,1.908966716961,3.29426326230168
1.24253251636401,0.672862086910754,1.31143807247281,1.35292269242927,0.334761195612373,1.73057690123096,1.24112411652459,0.45708988327533,0.29572598519735,1.15433781361207,0.792017307598144,1.30344130378217,1.33445529779419,0.280955088557675,1.86256940872408,1.20070402673446,0.437342881923541,0.29837718734052,2.883019475732,2.36009414261207,3.53909904696047,4.6053486521123,0.402140022371896,2.57945761177689,4.85174063080922,2.42470200872049,3.47194629895967,2.48255898244679,1.56547499494627,4.33034549094737,2.61601036589127,4.25305140344426,1.70228024909738,2.60494464077055,3.60876785393339,3.12738061393611,3.5390480812639,3.55854743230157,4.22993143973872,1.8029213740956,4.34978380403481,4.12243757070974,2.01552470875322,2.84295139298774,2.87836261629127,3.88631355622783,3.35494885686785,3.76392462593503,1.52928743581288,1.33509132952895,2.11132237454876,3.03230632748455,2.37556404341012,2.33658115239814,3.04176822537556,4.60773511556908,0.388014550902881,2.85219018114731,4.41786356223747,1.95882752677426,3.30993381957524,2.63284008391201,1.29845668119378,4.50012590968981,2.65209815464914,4.10108135268092,1.59103503334336,2.84462887793779,3.44995849626139,3.03363864077255,3.14084813464433,3.69474983564578,4.27683811087627,2.0447254627943,4.63130582496524,3.90800040448084,1.73481227550656,3.19920100271702,2.50378848938271,4.09689843747765,3.30995458364487,4.26388773927465,1.68898858455941,1.25529824616387,1.87646282697096,3.12645527115092
1.17477676202543,0.648073558928445,1.29199617612176,1.33345907833427,0.381604696449358,1.67511453665793,1.27879497851245,0.48951902706176,0.302564320154488,1.1378580275923,0.78113119257614,1.29913897300139,1.34800696955062,0.292949660797603,1.82188908639364,1.23821590538137,0.473683993011946,0.303996265633032,3.06198690598831,2.42039401782677,3.56580006913282,4.57070358097553,0.455745831131935,2.64105532737449,4.86873712367378,2.43070804001763,3.58816838485654,2.45504067884758,1.65273389755748,4.32823971379548,2.74150410830043,4.40005447901785,1.59439054658287,2.75418267585337,3.63886658078991,3.22551796352491,3.6665453533642,3.64482676470652,4.27773514948785,1.85494784300681,4.50880005722865,4.19990326464176,2.17594085715245,2.84970014868304,2.98837236803956,3.94037159741856,3.47715691762278,3.83515653992072,1.5815800013952,1.44284970394801,2.22065936750732,3.24936563498341,2.59775318565516,2.39402923663147,3.16492809751071,4.5913871563971,0.404213990543212,2.88459240179509,4.42072421032935,2.00246706744656,3.4086056946544,2.52049461798742,1.42536465561716,4.47218695702031,2.78233395051211,4.12381358165294,1.51342972763814,2.96740315156057,3.45730191748589,3.20929636969231,3.12637162860483,3.73969389195554,4.32465845474508,2.1478188643232,4.77507296547992,3.94401514483616,1.82608937448822,3.22789339534938,2.70404929341748,4.22238196758553,3.36731189233251,4.4709774106741,1.64400019613095,1.31148611241952,2.01529133180156,3.40690271009225
1.17119636642747,0.681919432245195,1.27395794374752,1.34945139288902,0.344793171621859,1.77418399136513,1.29053675348405,0.470594898390118,0.296211775392294,1.07705817138776,0.814569016452879,1.26443503773771,1.36988915223628,0.299764498486184,1.89255092293024,1.26162675069645,0.452165824826807,0.300925697432831,3.18347801710479,2.45606073783711,3.6762871472165,4.62058392353356,0.457851844723336,2.52297979639843,4.96742318570614,2.4724295262713,3.60326511505991,2.55339656863362,1.62681788241025,4.36175810080022,2.79377571237274,4.60981679148972,1.67603240918834,2.71984226070344,3.80113439867273,3.34313572209794,3.7059614751488,3.63205956970342,4.28861295524985,1.79598118294962,4.54969641473144,4.15988010447472,2.12576994113624,2.96132490283344,3.04129545856267,3.95751614356413,3.574247734854,3.86531018675305,1.66572783282027,1.52026180969551,2.23666333546862,3.24196962430142,2.63360758276394,2.41709116846323,3.11516061678412,4.61585858371109,0.404523713041272,2.80563611723483,4.43928374070674,1.97146453801543,3.36695964541286,2.65556553541683,1.38877088570734,4.49676809459925,2.83894885610789,4.35955777112395,1.55371309025213,2.95408512791619,3.64394474425353,3.15267497021705,3.2749552228488,3.75105686066672,4.36278255051002,2.0392018049024,4.83353976672515,3.9393278285861,1.80162239342462,3.22183157340623,2.60258726682514,4.19731697253883,3.42024700110778,4.39694214263,1.73765842523426,1.36873978283256,2.00198878976516,3.38208580994979
1.10610317764804,0.630559055367485,1.27509785979055,1.31847294338513,0.367682451324072,1.67727073538117,1.26937549439026,0.491579594381619,0.286733625340275,1.10778386844322,0.756908322218806,1.28788829222322,1.37660286435857,0.285199815407395,1.81506615458056,1.28291125036776,0.48518429195974,0.288103804807179,3.10630126786418,2.41435916826595,3.75437169289216,4.59869526233524,0.480085123563185,2.55370640126057,4.93159854831174,2.58690995606594,3.55409091245383,2.50877903960645,1.66659856284969,4.29067769320682,2.77236974309199,4.57362290006131,1.59834167698864,2.87785953399725,3.715215450502,3.33307667681947,3.7005546297878,3.71225189976394,4.33819707063958,1.78580783645157,4.55817341944203,4.05006644595414,2.24847074953141,2.93483430641936,3.17425182706211,4.06505701690912,3.54171077697538,3.93084393953905,1.61175976198865,1.47250709892251,2.19499019533396,3.29763802839443,2.68065262481105,2.39472775161266,3.28774907323532,4.61004537343979,0.426314617914613,2.83232167223468,4.38575733453035,2.17509021493606,3.3354718175251,2.62544732633978,1.47339975042269,4.45644250512123,2.8179622804746,4.27754899812862,1.51889331056736,3.1249956805259,3.65923228859901,3.22294498980045,3.31163422926329,3.83133082371205,4.44544457504526,2.03211341332644,4.83993762708269,3.82325765606947,1.83401987346588,3.27624964248389,2.67563815414906,4.34290919324849,3.46793957520276,4.530526926741,1.77689612098038,1.37943405145779,2.03623974416405,3.48870092001744
1.01234083028976,0.618052743608132,1.1938958549872,1.29692769376561,0.338141076848842,1.72622312046587,1.21706372057088,0.490993975312449,0.293434238177724,0.972688951995224,0.755771731375717,1.23070410545915,1.36860151262954,0.296763866092078,1.82763321971288,1.1911375306081,0.467638603877276,0.293460507993586,2.98971689725295,2.35143162822351,3.62431083980482,4.47959316521883,0.44642773171654,2.53503478271887,4.91504075052217,2.53120128368028,3.6271931892843,2.55738991685212,1.6721537214471,4.20377798588015,2.7664659837028,4.45889523997903,1.61912214523181,2.50196195533499,3.71656105690636,3.26577944122255,3.6237096467521,3.64079838944599,4.03940435592085,1.76855880126823,4.36356763867661,4.17065788828768,2.24272833543364,2.94897675327957,3.11769141256809,3.8083018057514,3.375602128217,3.92191559774801,1.51966372266179,1.386303803185,2.09794798138319,3.142264675349,2.53047713328851,2.33967193961143,3.14578282320872,4.45406400272623,0.402041626279242,2.79618311533704,4.3792128842324,1.93263547180686,3.43315848510247,2.52227997034788,1.39531301311217,4.32304530031979,2.82350090844557,4.18434263858944,1.5410205910448,2.71657623164356,3.64291708241217,3.19606810063124,3.15971884736791,3.74217666685581,4.1636869632639,2.06453958293423,4.69317579083145,3.94091437011957,1.83867704879958,3.19535988522694,2.75903228158131,4.12219992931932,3.3013386966195,4.47976691764779,1.73129714326933,1.30893805227242,1.90675337740686,3.34906514082104
1.23781913821585,0.612673529656604,1.26539587741718,1.29243975214195,0.336811997229233,1.73577364138328,1.24023318639956,0.443701720971148,0.283855247776955,1.17006027488969,0.741904430324212,1.2565901344642,1.25079834740609,0.248519161017612,1.84671447519213,1.18176020577084,0.422419098089449,0.281488720909692,3.00552057567984,2.28077325038612,3.5762320891954,4.65151691064239,0.389297638088465,2.60619138367474,4.90028491895646,2.38949395529926,3.51075110631064,2.67714283592068,1.57331414369401,4.35907436255366,2.66045926208608,4.42524187546223,1.64535135152983,2.49055032245815,3.61550904763862,3.20327925728634,3.55899273836985,3.67366674542427,4.12844763020985,1.77974137908313,4.29443622659892,4.14502719859593,2.10418565268628,2.79010302829556,3.043071444612,3.99077554699033,3.37053426774219,3.75003456138074,1.63225208345102,1.3181688815821,2.00270672817715,2.98772014025599,2.40608792123385,2.29083129577339,3.0658164198976,4.61636281618848,0.37007242575055,2.8380089206621,4.45883006043732,1.93864282150753,3.29960670461878,2.7988510010764,1.29988203255925,4.52351539861411,2.76555038429797,4.19105693884194,1.47828756808303,2.74365520570427,3.44732204359025,3.04981581144966,3.19492657925002,3.78296865848824,4.17186775559094,2.026425157208,4.60125301592052,3.91264291573316,1.76393832766917,3.21536314091645,2.62310038029682,4.16860482422635,3.23163464455865,4.29384467960335,1.68621575180441,1.26002005906776,1.75955110532232,3.08380478876643
1.22760003502481,0.668941946700215,1.3125745424768,1.31058768520597,0.36390719958581,1.63725731235172,1.25961633841507,0.464639765268657,0.297441141679883,1.19380851229653,0.804146076086909,1.31191703537479,1.33848670590669,0.276996541477274,1.76049194391817,1.22527732164599,0.456741191446781,0.300996431033127,3.10075704520568,2.29128373088315,3.55903821904212,4.51842276379466,0.443864999018842,2.59557098289952,4.90237700752914,2.45143283251673,3.44996501563583,2.52668733894825,1.59531324919953,4.30391192808747,2.59487147058826,4.3646445851773,1.63883378030732,2.57065041619353,3.63056209683418,3.17917649587616,3.63332517258823,3.65610712720081,4.15002415236086,1.83440558286384,4.32142633810872,4.05245253629982,2.0422377877403,2.72821628162637,3.0316796277184,3.78645193460397,3.52186881913804,3.71511959074996,1.55657547694864,1.38375879591331,2.08478999626823,3.06438620062545,2.46852593030781,2.29235543147661,3.13833811692894,4.53056746721268,0.412008405837696,2.78098890022375,4.47213354660198,2.01139231259003,3.25204527471215,2.62438221462071,1.39251150103519,4.4587331446819,2.5662099106703,4.09711701935157,1.49358975281939,2.77927213860676,3.4446321404539,3.1525852046907,3.19815672840923,3.81329782819375,4.21848643384874,2.10209545842372,4.5961158964783,3.83937416714616,1.7447118316777,3.24036169832107,2.58352766884491,4.02012894209474,3.34968576673418,4.26674424856901,1.6652115022298,1.27585030545015,1.88591116899624,3.21603881372721
1.16455490328372,0.625470079481602,1.31939082103781,1.35079559076257,0.331172752659768,1.77199810557067,1.29922203917522,0.469831580820028,0.302835025824606,1.10706270125229,0.75927017594222,1.30951947811991,1.34885668638162,0.275090746348724,1.9079633038491,1.26228782208636,0.457699844613671,0.294722135324264,3.06401938316412,2.32448107236996,3.67709611379541,4.58202793635428,0.422627085878048,2.61195149552077,4.8037521452643,2.47351431800053,3.62749865674414,2.46748475474305,1.67121519800276,4.30155209847726,2.73267527204007,4.4482304379344,1.66855929285521,2.64153302647173,3.82530147046782,3.32743365969509,3.69888042612001,3.64715594472364,4.2752397521399,1.75083053091657,4.52485749154584,4.26481314282864,2.12278274851997,2.90104704792611,3.05473771790275,3.93257187400013,3.52567429211922,3.93431920721196,1.69066148786806,1.40981409768574,2.10504729009699,3.18766294536181,2.57438650354743,2.38267400534824,3.07345840311609,4.5730395722203,0.402492782101035,2.9002361157909,4.4021940487437,1.97880894527771,3.43121888500173,2.73398104589432,1.35337828309275,4.46678127907217,2.81679492909461,4.22267750557512,1.55288582108915,2.87307659862563,3.57632177555934,3.0911452381406,3.24412136501633,3.79539046669379,4.33814174169675,2.02590008336119,4.83201945200562,4.06294545251876,1.81426610884955,3.22007893351838,2.67631477559917,4.17352690920234,3.44839481124654,4.47766351792961,1.83389112888835,1.34843586047646,1.89199790870771,3.34176210360602
1.26761318882927,0.677570304833353,1.30396638147067,1.34934729337692,0.356446510268142,1.78995148837566,1.32639169949107,0.477497897809371,0.303017370169982,1.14578350528609,0.787615719251335,1.29316642042249,1.3519097706303,0.290139398246538,1.90413831383921,1.30468775844201,0.445569016155787,0.307627218542621,3.03142380877398,2.35670334519818,3.68062697956339,4.65910639846697,0.476785314152949,2.70359556935728,4.96616158820689,2.4669866124168,3.60640904027969,2.50283400714397,1.68961911066435,4.39257490029559,2.75670975411776,4.51271969918162,1.64487111242488,2.74846431706101,3.68340144702233,3.26893870718777,3.67069911956787,3.63385859539267,4.33071499597281,1.81664517638274,4.53298520995304,4.17086637020111,2.1745904313575,2.87111808196642,3.15507628081832,3.99859531410038,3.56237307819538,3.87115517770872,1.61244082608027,1.46567025966942,2.11198172834702,3.12108975742012,2.56709936074913,2.37260079325642,3.11785758414771,4.65873172972351,0.437562282255385,3.01986890658736,4.33680563839152,2.01398750231601,3.38692861935124,2.66569293802604,1.42134015250485,4.54221171408426,2.7863030876033,4.23965233052149,1.56074411398731,2.98233321821317,3.61424370110035,3.11116671003401,3.25270569836721,3.78845776431262,4.40843375190161,2.08223442174494,4.83513678703457,3.93005001498386,1.82942931563593,3.27743568416918,2.6464155446738,4.29098329879344,3.49050987628289,4.43551118928008,1.70391529938206,1.34011573973112,1.88055956619792,3.26919611846097
1.2039014135953,0.628674680716358,1.27067011408508,1.27923591225408,0.324262421112508,1.66974559356458,1.25497208687011,0.453332031145692,0.281221413752064,1.14463910204358,0.764911391073838,1.29712231876329,1.30670537147671,0.273084648069926,1.76114717964083,1.21609007474035,0.436554140294902,0.283971889992245,2.99669356574304,2.24739466095343,3.71466525178403,4.51410380471498,0.408530932909343,2.47654350288212,4.85020340234041,2.3840946117416,3.47584256646223,2.55017789639533,1.5793335151393,4.33201604802161,2.62943095387891,4.3414414273575,1.6053940836573,2.64811517251655,3.57832910795696,3.07907623355277,3.56569369789213,3.60934361256659,4.30195889621973,1.67578918242361,4.3471607179381,4.13242897856981,2.09387626312673,2.86779750778805,3.06954617449082,3.88855230645277,3.41751844994724,3.81794390722644,1.56598683493212,1.31835430697538,2.08062967308797,3.04692629724741,2.46352870506234,2.25059628975578,3.11367718502879,4.50096972519532,0.367336533614434,2.77678571082652,4.19167991238646,1.91294617136009,3.26749751111493,2.60978551208973,1.33912395423977,4.47393540618941,2.68415458966047,4.05093911569566,1.49014688050374,2.84423802327365,3.45161205111071,3.02817821584176,3.22030382580124,3.6992081082426,4.34316456923261,1.91252292483114,4.67519630305469,3.83718185592443,1.72467836854048,3.1804404403083,2.53950646054,4.264021162875,3.31768568581901,4.37120355851948,1.66009751544334,1.21036760229617,1.89841001061723,3.2069595803041
1.0951844547526,0.60696349805221,1.23727818205953,1.27967145177536,0.327682854578597,1.73282018722966,1.25862113409676,0.455765140533913,0.281003039097413,1.03926574718207,0.736697909189388,1.21890669967979,1.26789621962234,0.264668282179628,1.86720352992415,1.21599821455311,0.422167886747047,0.281023531453684,3.07540810143109,2.34034957364202,3.57880162145011,4.5571228293702,0.396900413907133,2.50522444676608,4.88735834928229,2.42438657907769,3.59880166687071,2.45994100510143,1.55873510742094,4.27993912668899,2.67938756197691,4.48952224804088,1.63892035477329,2.57096711592749,3.62804212234914,3.24976164824329,3.60752722760662,3.59986098087393,4.27347036451101,1.71610816786415,4.49205269606318,4.24777830042876,2.03120621317066,2.79364807950333,3.00040127860848,3.97032712772489,3.43296337826177,3.7900785272941,1.75723530433606,1.31825480703264,2.07499067299068,3.07806256599724,2.42565459921025,2.33475397992879,3.09675065753981,4.57747143041342,0.376088487799279,2.76797818485647,4.5891278218478,1.90527921594912,3.36950892908499,2.60941786225885,1.25045871146722,4.44243130087852,2.7653487585485,4.26081185601652,1.52494201739319,2.8047308139503,3.34974008915015,3.10815495904535,3.05072839302011,3.74142121570185,4.33590629720129,1.97426391532645,4.82212395593524,4.00251102494076,1.75464854686288,3.139159809798,2.73560602450743,4.16826289147139,3.26588984881528,4.28741358127445,1.90632468578406,1.25332818133757,1.8515498097986,3.22062902967446
1.12623657891527,0.660717231687158,1.31138373469003,1.29941907408647,0.361027554230532,1.59989715889969,1.26153271301882,0.496426461555529,0.310303222155198,1.11285335174762,0.770602118689567,1.31804169341922,1.34348976891488,0.282086916035041,1.72327619278803,1.26604570343625,0.494747757678851,0.297360299853608,3.09884656593204,2.40533591527492,3.69353460520506,4.60554197011515,0.456515519414097,2.52089008968323,4.8929373472929,2.4993975344114,3.42893193825148,2.61636084970087,1.64150206859631,4.34774635499343,2.68709514476359,4.50865384750068,1.4910882335389,2.77191050350666,3.68727161595598,3.31430358882062,3.7221200496424,3.71765942987986,4.27212348952889,1.83053867408307,4.45138155645691,3.94521598727442,2.1156428885879,2.8728217309399,3.0339546931209,3.94299121946096,3.47898353403434,3.83868297701702,1.57549340225523,1.4161298845429,2.09961333731189,3.15107861766592,2.64554975734791,2.34876076970249,3.19013826182345,4.60619808221236,0.420768125157338,2.82870474271476,4.35174218006432,2.06663882592693,3.2062089482788,2.65058828308247,1.51788991288049,4.49607668770477,2.69688691478223,4.23854621127248,1.44073813455179,2.95351945934817,3.55945908161812,3.27314731967635,3.24852388352156,3.85045463452116,4.35721973958425,2.03500337450532,4.68906040955335,3.70129478070885,1.76297538750805,3.16806868510321,2.6280557513237,4.20956664439291,3.36499769752845,4.33759308373556,1.86147076648194,1.34794725081883,1.99064068915322,3.30901485390496
1.28320690314285,0.713683618232608,1.30317320046015,1.34789304342121,0.353245989186689,1.73697026958689,1.30106879700907,0.463608663238119,0.296750810695812,1.15572567051277,0.855332965496927,1.32140962872654,1.34729625564069,0.295896020601504,1.8441088728141,1.26788173103705,0.429722326924093,0.300855881301686,3.19327327120118,2.2930948480498,3.63833949761465,4.62518517766148,0.447502854876802,2.66636608727276,4.98548848740757,2.4852914607618,3.63373090630921,2.54220996936783,1.62804114446044,4.35643793153577,2.69925935706124,4.55572100635618,1.65195464296266,2.69380098488182,3.65408166800626,3.22879442130215,3.61184085672721,3.73209002031945,4.27004135632887,1.85501007910352,4.47035119356588,4.22681913548149,2.09767156955786,2.88290336751379,3.10248923068866,3.99152706051245,3.55890859197825,3.84224991523661,1.59555325418478,1.43406364950351,2.13965183659457,3.10936828341801,2.59777890564874,2.34715984272771,3.06341093964875,4.63230276899412,0.402571582410019,2.93148698005825,4.46046890551224,1.98176705278456,3.41545404889621,2.56232285732403,1.33814589324174,4.51980631821789,2.70975432149135,4.23869252949953,1.55120388651267,2.9298200448975,3.51858262624592,3.03692235937342,3.10986049566418,3.83055338333361,4.32244914560579,2.15106573607773,4.76366423908621,3.96629423229024,1.78789867192972,3.27825308544561,2.62050408218056,4.26369497971609,3.46428217436187,4.387773465598,1.6616435374599,1.31286661233753,1.87490783189423,3.22663138061762
1.08034730935469,0.628578787203878,1.21491651097313,1.22912964213174,0.316853020107374,1.6259757578373,1.30597142444458,0.476266898331232,0.289363112533465,1.04366038064472,0.758596200263128,1.22273478098214,1.26218348462135,0.273737530776998,1.75349985109642,1.26600958884228,0.455754154245369,0.289559252327308,2.92915880517103,2.27823403384537,3.41412002360448,4.430983795668,0.467033514316427,2.50179119547829,4.74826153018512,2.41853636177257,3.3844680285838,2.39297190122306,1.56031348137185,4.20556015707552,2.6647996371612,4.35785464476794,1.54641050973441,2.71052492316812,3.49591261264868,2.98792160535231,3.44756839470938,3.61683289892972,4.30887539847754,1.76885713008232,4.40629515532055,3.99144180468284,2.15824744012207,2.79025032487698,2.94291228614748,4.05818768776953,3.32257961109281,3.71498492686078,1.55675640882691,1.3989411406219,2.00921508064494,3.01131519768387,2.43382340896642,2.28087373194285,3.01174612296745,4.4658533912152,0.417398230405524,2.7553062539082,4.23386448132806,1.96550947986543,3.16389986034483,2.4902662159875,1.41369836067315,4.35803780052811,2.73010359425098,4.14171669818461,1.4457600757014,2.88169955648482,3.42680523288436,2.9917960728053,3.09272163663991,3.7543431527447,4.33824202837422,2.00170838856138,4.64592854166403,3.77947527356446,1.78180056723068,3.13611011975445,2.54866445949301,4.26294050132856,3.22884118149523,4.32178256334737,1.66417942196131,1.27095396374352,1.81205385201611,3.17929571028799
1.21590869920328,0.697665685787797,1.32619944727048,1.37234619038645,0.366615251055919,1.70396606781287,1.3176923301653,0.464764381526038,0.311472304863855,1.17740057164337,0.821960630943067,1.34226490464061,1.37872594362125,0.293476396356709,1.81059123529121,1.28557762526907,0.437802717337036,0.307763790187892,3.12255742726848,2.35128598473966,3.6932885752758,4.5728008588776,0.446458100923337,2.64539982937276,5.03519192850217,2.45086673088372,3.53888790833298,2.47942409012467,1.63047786493553,4.31033722357824,2.6724416242796,4.47022567503154,1.57925050747872,2.83886439353228,3.74871166516095,3.20574799343012,3.65622788193286,3.6339480006136,4.46222534123808,1.78521530807484,4.63671586010605,4.06632219720632,2.09269266051706,2.89705880754627,3.10646606015507,3.91566850244999,3.60728056315565,3.8966250945814,1.61316822009394,1.40045822411776,2.19032053451519,3.21272057056194,2.59095353120938,2.34844093956053,3.13235787907615,4.5721745188348,0.396164818026591,2.98132978752255,4.45043249707669,1.96333751827478,3.29931110236794,2.54677135357633,1.3407350575435,4.48417618358508,2.71280774893239,4.15254950802773,1.4983147114981,3.04072431055829,3.53460383741185,3.09038444980979,3.17840232676826,3.7665692938026,4.51152995391749,2.01217296323739,4.87515279185027,3.83707680576481,1.7431505327113,3.22831979999319,2.62363784154877,4.20165075035766,3.50203392107505,4.46345353749348,1.66357342386618,1.27384384223842,1.95443719229661,3.36603595828637
1.20915096066892,0.61919119162485,1.27935434854589,1.33735924924258,0.3525088771421,1.7779206186533,1.2993031941005,0.494325337407645,0.292572830338031,1.09605379379354,0.741954550612718,1.27627550065517,1.33158656070009,0.273097635712475,1.9254659563303,1.27555345767178,0.461599994669086,0.288932267780183,3.0852702986449,2.36370287323371,3.53201608313248,4.60771935246885,0.429049541242421,2.62403002008796,4.88351182406768,2.39425975084305,3.61009326507337,2.49556469032541,1.64427886751946,4.35251115821302,2.73608523490839,4.48083376139402,1.68667346412258,2.58004739321768,3.67671492043883,3.18888259679079,3.63271949253976,3.63757844944485,4.22841319371946,1.80446839082288,4.41347148409113,4.24778075702488,2.14627245045267,2.85980013734661,2.95465430873446,4.08563291979954,3.39835558040068,3.82211515889503,1.69156122533605,1.46070718998089,2.08950386592187,3.11727548483759,2.46244814246893,2.33343832055107,3.09738314105198,4.6337241041474,0.401372154476121,2.87374381232075,4.41041144379415,1.94361592270434,3.37427315243986,2.72662418428808,1.38171090217656,4.50695315981284,2.77810667594895,4.28795877890661,1.57150772726163,2.80884350789711,3.46946768998168,3.11351721698884,3.18310943222605,3.76609564339742,4.24621925619431,2.05892500234768,4.68805868751951,3.9865044686012,1.81821675167885,3.20222792588174,2.6776950401254,4.25120274350047,3.33336260076612,4.35062564862892,1.77162518585101,1.27902841917239,1.89255885430612,3.22263573668897
1.14358825562522,0.648722116136923,1.29481496638618,1.35669685079483,0.365806908113882,1.7398843835108,1.26224141253624,0.456216603750363,0.291206302121282,1.12661963142455,0.78035716037266,1.28165763104334,1.34174262778834,0.277543953154236,1.90885373251513,1.25595557200722,0.449861569213681,0.285642361763166,2.95711077284068,2.42411872930825,3.59794809040613,4.581628350541,0.440853579028044,2.54712206171826,4.97955774189904,2.52324306080118,3.57499800412916,2.51420361036435,1.57232402916998,4.27665792033076,2.72484823781997,4.44430103991181,1.64414040045813,2.75646397843957,3.65719124290626,3.2223863475956,3.60313738742843,3.59423646843061,4.30533314077184,1.80237305865739,4.53317066980526,4.13605161081068,2.12613612512359,2.90026610414498,3.00751757132821,3.94529713550583,3.43283243663609,3.83909739460796,1.61239353922429,1.42719873727765,2.14180566649884,3.16098607541062,2.49372353276704,2.38488610368222,3.09054820029996,4.58336660033092,0.391102514520753,2.84322184463963,4.45519618038088,2.04119190247729,3.36518726032227,2.71307774074376,1.35296882782131,4.47391272429377,2.79907254688442,4.25592641718686,1.53668935154565,2.99599185446277,3.53876221040264,3.09708537976258,3.11760381702334,3.73056534561329,4.35591582662892,2.05660474440083,4.80478107510135,3.92070133052766,1.78803072217852,3.24071622919291,2.5682437713258,4.20078690443188,3.35802248539403,4.44838707055897,1.84804431063822,1.34369282936677,1.91439872956835,3.3428912665695
1.114479569369,0.621753670624457,1.23468264564872,1.32797891879454,0.348853224306367,1.78342602169141,1.26214168197475,0.47851869056467,0.307479908573441,1.0546804217156,0.769824096700177,1.23893253831193,1.32993699237704,0.289116822124925,1.89199232473038,1.21064921049401,0.459307105862536,0.313076866557822,2.97787339985371,2.41542429104447,3.66012010420673,4.56849681353197,0.426432101870887,2.56249642837793,4.94082306604832,2.44527543941513,3.63088581990451,2.45583137311041,1.59509121859446,4.31121517624706,2.76304097333923,4.47370694857091,1.66640831931727,2.58594479970634,3.66307236882858,3.2343817766523,3.57420796342194,3.62764153326862,4.18089162837714,1.787918615737,4.45954806450754,4.27339086215943,2.18808161141351,2.86408557888353,3.10957064887043,3.8313786033541,3.42893090512371,3.90027793357149,1.68567502283258,1.39683040720411,2.14071653597057,3.18883172026835,2.49901134619722,2.43957013241015,3.08472273824736,4.57149079022929,0.389169248752296,2.8792621078901,4.36979227559641,1.93707908911165,3.39311803819146,2.59862707229331,1.30660925043048,4.4863490993157,2.87620761618018,4.24227921571583,1.55215382389724,2.81252215243876,3.62156903417781,3.01123083941638,3.24051534733735,3.74852016824298,4.24608651991002,2.11427369900048,4.76392749504885,4.00572633929551,1.84472720924532,3.25804127752781,2.6317877387628,4.13615316385403,3.34357115020975,4.52817820839118,1.77771508990554,1.34852806199342,1.89397758967243,3.35656805359758
1.18806235492229,0.65993958665058,1.3141139918007,1.34582769824192,0.358348571229726,1.7859251643531,1.25631538406014,0.449616269033868,0.280786599731073,1.11760523123667,0.800344409886748,1.29450363200158,1.32611919310875,0.273411337751895,1.93459317996167,1.22735020285472,0.42592658882495,0.278853045077994,2.91835554875433,2.30069697229192,3.50561353308149,4.6220549158752,0.421382759697735,2.54193019121885,4.86641976702958,2.40759469475597,3.56911736540496,2.38391000311822,1.53938430373091,4.36377418972552,2.65699935774319,4.33588326536119,1.68004222749732,2.61099906172603,3.62431991007179,3.14378856262192,3.56390899047256,3.62278413330205,4.28973550256342,1.74968524684664,4.49572901707143,4.19400277244858,2.05229690345004,2.7951587215066,2.92685379995964,3.96948889014311,3.39484862564132,3.80864620744251,1.6053390824236,1.35766447382048,2.05861232802272,3.02229294506833,2.43261479656212,2.30439540580846,2.96682667429559,4.60879975510761,0.402234978391789,2.82780051603913,4.45104616414756,1.92319533089176,3.34218046464957,2.59543843055144,1.27721451764228,4.53461797535419,2.75694454321638,4.20702561829239,1.57346218405291,2.86630783556029,3.46221598074771,3.02812158456072,3.10012680152431,3.76660657557659,4.32330490555614,1.9812385707628,4.7788835503161,3.98490250809118,1.76526967715472,3.15759365656413,2.59463644388597,4.15504581807181,3.31781114405021,4.33296149852686,1.81597164366394,1.27683058113325,1.86121335998178,3.16531870188192
1.09551557479426,0.58252401323989,1.2265914613381,1.24806681298651,0.331956052483292,1.61491507534811,1.22794998856261,0.447553910838906,0.265169517020695,1.08288398105651,0.715068129589781,1.20901961554773,1.24603309249505,0.252183532633353,1.74566068314016,1.19518031482585,0.423133525066078,0.266614410385955,2.94015580695122,2.27244329592213,3.52189000649378,4.55870123906061,0.433224663953297,2.41821064054966,4.83837291738018,2.41688830126077,3.44541822862811,2.50240397267044,1.59470371539646,4.27655495796353,2.64118824049365,4.33554283156991,1.61092539096717,2.6623615832068,3.68327637284528,3.08785836340394,3.63701797276735,3.6600830857642,4.25455740140751,1.71331299212761,4.45568815054139,4.02308805054054,2.03359070559964,2.79672093343106,2.97258964553475,3.96028679516166,3.33078093221411,3.82332383911125,1.60391545732273,1.37226517498493,2.09775675903074,3.0598968793638,2.38591015315615,2.22216245904565,3.07434340473264,4.55442629475147,0.383643687877338,2.71044516889378,4.41987211583182,1.87413587234914,3.2259560090024,2.60279050865211,1.34922284958884,4.41842745896429,2.67878638976254,4.08677962608635,1.50819921353832,2.87659672927111,3.42949960147962,3.05716445040889,3.12352697155438,3.79978249385022,4.29976311605424,1.93132607580628,4.667991891969,3.84598667174578,1.69940988952294,3.12522064615041,2.54259981261566,4.12598161492497,3.16640816628933,4.29419353068806,1.70562117826194,1.21779682219494,1.8762932755053,3.18491099728271
1.19310540473089,0.653066182974726,1.31396759697236,1.32073531195056,0.34647727292031,1.72431780770421,1.26758142665494,0.43617919733515,0.289768960094079,1.12251259433106,0.777619817992672,1.29205041751266,1.29776610946283,0.259957114933059,1.86038509733044,1.24975628370885,0.431912903441116,0.289351463434286,2.96606450853869,2.31766504468396,3.54409313620999,4.54821750614792,0.423442246741615,2.57878764998168,4.89618454454467,2.45395357452799,3.46170981146861,2.47267965506762,1.55287285684608,4.2945380685851,2.65676829218864,4.42240064498037,1.62201665353496,2.59645157959312,3.51783775282092,3.16197795816697,3.54068812355399,3.63562200660817,4.20600724342512,1.79909187031444,4.31637900345959,4.02927990118042,2.04280333127826,2.79996418650262,2.9619693227578,3.92791005829349,3.40832162101287,3.66647749766707,1.59684273740277,1.44206776842475,2.06377131852787,2.9862168446416,2.39280953072011,2.32822063937783,2.97052980563603,4.55727311363444,0.409278446109965,2.83599955774844,4.36827014293522,2.00960888154805,3.24681319342926,2.65018898807466,1.28571365209064,4.47303191758692,2.71481478586793,4.21191239310429,1.49804121628404,2.83897431241348,3.3604326650966,3.06604410312138,3.09388873935677,3.76052601868287,4.24688250920735,2.02466777898371,4.64248877577484,3.83807382639498,1.72998578869738,3.12839121278375,2.54597902623937,4.15356650296599,3.32870348892175,4.24881251668558,1.75360199436545,1.31956794817233,1.8549446191173,3.10185828548856
1.1963844075799,0.682714593596756,1.29525350243784,1.41445195302367,0.359565670485608,1.77484646392986,1.28218349441886,0.48063638882013,0.2903452150058,1.17565324064344,0.835598809178919,1.28818300319836,1.41253128927201,0.28876654949272,1.91040138970129,1.24707048805431,0.45826584805036,0.294132232083939,3.07234094594605,2.41145980125293,3.62912459042855,4.46688604308292,0.433025489095598,2.56878636265174,4.94756262423471,2.56318991212174,3.60112260305323,2.58991878479719,1.59255133802071,4.25845669489354,2.74280881730374,4.51993225328624,1.72284469287843,2.61520303040743,3.74315356882289,3.20794677967206,3.660008743871,3.60407306510024,4.11746781575494,1.80064045940526,4.44738374184817,4.2852413598448,2.08707943558693,2.82725249393843,3.06899185129441,3.89337728871033,3.46821516286582,3.96453084121458,1.74684071505908,1.41640374530107,2.15773211908527,3.23986131331185,2.46915110602276,2.4145817947574,3.08406836306676,4.47008759435266,0.411095955932979,2.78922390379012,4.54627534933388,2.08259082725272,3.39444626681507,2.73411922622472,1.38139885826968,4.41014521056786,2.7997215106152,4.33547260379419,1.59033444244415,2.8547437209636,3.62102449592203,3.04640216915868,3.22025958797894,3.7401792278979,4.16739199403673,2.08835536730476,4.71642173454165,4.10601359512657,1.78178139473312,3.22219892498106,2.61623098608106,4.09048853069544,3.29762598895468,4.51457468327135,1.88170954212546,1.37617906520609,1.92193011788186,3.39366459753364
1.11435345280915,0.585073598194867,1.25293696040171,1.26185269052803,0.326841868343763,1.73633652273566,1.22193674760638,0.457972437085118,0.272815459349658,1.03580262092873,0.727746544871479,1.26415387401357,1.27354172291234,0.266270571155474,1.84161763405427,1.19635838677641,0.424562406667974,0.259780864871573,2.9194603364449,2.30415024561808,3.51886404491961,4.51503872405738,0.414919134927914,2.49000452971086,4.94256174564362,2.32371749496087,3.58257894299459,2.40305307507515,1.49833736789878,4.24634250625968,2.69572790741222,4.3862985256128,1.61827101954259,2.60370637476444,3.53473463864066,3.11443630233407,3.50109234568663,3.64415173791349,4.22844343725592,1.74652228032937,4.41808782634325,4.19195429515094,2.07680583209731,2.70025597530184,2.93837246524345,3.99279939010739,3.3195898354752,3.74916283879429,1.63657863787375,1.39716801047325,1.99559551151469,2.94371478440007,2.39241989236325,2.29929231479764,3.02041775567341,4.55255904980004,0.390030553564429,2.75763363298029,4.35284359008074,1.85795986978337,3.29715712135658,2.53508369810879,1.29367799690226,4.40235005225986,2.72065230226144,4.11320065800101,1.48699372715782,2.78750338265672,3.40619523730129,3.02671323553659,3.04626807454042,3.75467989221215,4.26473526842892,1.97436155658215,4.6951728942804,3.85974044119939,1.70824964856729,3.09563684510067,2.53232011641376,4.21592967957258,3.22179314680398,4.34061143314466,1.80598180182278,1.21721507050097,1.76117850956507,3.12730455072597
1.32136325666215,0.693522721296176,1.35754074528813,1.42726950719953,0.371601366437972,1.64783914457075,1.3259436043445,0.475717379071284,0.292932586045936,1.24851723155007,0.824688743567094,1.36813528975472,1.4338646994438,0.29026753641665,1.78044366976246,1.30707479966804,0.446766682842281,0.315514069981873,3.30505772843026,2.31316667469218,3.72308690939099,4.72389545291662,0.441163651703391,2.60491194739006,4.84317205986008,2.52642214437947,3.485512760235,2.63237474812195,1.72309491445776,4.51236760430038,2.67365179397166,4.53933043405414,1.55882710748119,2.87970144324936,3.89329563849606,3.34387869620696,3.83505112165585,3.82781218132004,4.47979182726704,1.87811302929185,4.60065699461848,4.08290847716853,2.12586874188855,3.05221135355532,3.07780926232226,3.93344467505813,3.732294480782,3.94900226895697,1.70517840678804,1.4397330757929,2.27016224106774,3.27406059391797,2.73021184251411,2.3359237043187,3.19170005293563,4.71210961719044,0.396562158945017,2.85551190073602,4.33214786462486,2.02386170241516,3.34630275476957,2.6646942787338,1.47148128581466,4.64426444843411,2.7340622805059,4.21279765898362,1.52151288930327,3.07576361531392,3.69866566220298,3.09834495029645,3.33989757928066,3.9144038206432,4.53100515983533,2.15923791006207,4.76439709705301,4.02289662277326,1.82437437050976,3.34724256326444,2.64631503657438,4.20846182107925,3.61801742319949,4.4118073892314,1.68611708236858,1.29534168727696,2.06284118443727,3.34120472404175
1.24005652475171,0.627847126219422,1.33047377597541,1.31486141309142,0.364893641381059,1.69946331728715,1.2600781279034,0.452513061696663,0.289141107350588,1.16289743874222,0.757756943581626,1.32015648018569,1.32124575343914,0.266392089077272,1.84718230552971,1.24154004384764,0.436934037134051,0.281503316073213,2.92257946881,2.23379595950246,3.38766571984161,4.62029546592385,0.420231144293211,2.65660438034683,4.78016289416701,2.28840868128464,3.50459915469401,2.44042805582285,1.57012879662216,4.29988352116197,2.57938877795823,4.24397832714021,1.63250212208368,2.60416242061183,3.52091227238998,3.04430551442783,3.48555239802226,3.61070020752959,4.3368175001815,1.78685574047267,4.41849340987392,4.08789370860904,2.01202475978062,2.75801355740987,2.90509413648397,4.03873390052468,3.41584702976979,3.76226572017185,1.51823843223974,1.36263971799053,1.97463150962722,2.96975156152621,2.33375569200143,2.19696081464645,2.97887247428298,4.64294802816585,0.419576808810234,2.94101366586983,4.42560273036361,1.89815780008212,3.32051670423243,2.56807147711515,1.34163399791578,4.46691576659214,2.59254628652707,4.04635409172624,1.53426642157137,2.85643002670258,3.41303177503869,3.00896287732758,3.07729732175358,3.75458799488842,4.44111358816735,2.03163149650209,4.75082625821233,3.90093810297549,1.72536247642711,3.18619613628834,2.54012924875133,4.24288488039747,3.33850707253441,4.35671856068075,1.67430757405236,1.28406804369297,1.75988716492429,3.12128948746249
1.19071367802098,0.571318950271234,1.26704346082988,1.28094198193867,0.358213327825069,1.67678122082725,1.26550147496164,0.491308419674169,0.296665266039781,1.16049958625808,0.715613294974901,1.2779619836947,1.31043971097097,0.278449628851376,1.81324927479727,1.24796433921438,0.472932739648968,0.281960182008334,2.97044872306287,2.32812266610563,3.5272301742807,4.63908929005265,0.485596277401783,2.59455307107419,5.03438980039209,2.53233212814666,3.5740987805184,2.47694375183346,1.64518963370938,4.38912118598819,2.72321809921414,4.53886018600315,1.67373534181388,2.79221896920353,3.68653450126294,3.25398018304259,3.69607324199751,3.69142012705561,4.40905334474519,1.75315527638304,4.60233126126695,4.24726214166731,2.26927302102558,2.7389628177043,3.07448706799187,4.19041678216308,3.36128938989714,3.89229614043143,1.61481139354873,1.44746969058178,2.11819275742164,3.19871578086168,2.46548105496913,2.31015982665122,3.14965947973542,4.66396546456963,0.447704735095613,2.89363629277796,4.34223486250266,2.01587424384343,3.37867443705909,2.57906001154333,1.43577483552508,4.57238653674722,2.78538130829111,4.33576769754291,1.56272337213159,2.94110729545355,3.55902170413174,3.2127889113035,3.24828970851377,3.83273123484105,4.45645334245637,2.03168948937673,4.893325349316,3.93872996792197,1.83545512205455,3.22552241990343,2.65853610774502,4.44131495943293,3.26233741920441,4.51638134522364,1.65720561426133,1.33082563639618,1.92484828364104,3.39061441831291
1.16197913652286,0.635558729991317,1.24562357214745,1.28447137586772,0.37490227073431,1.71814289595932,1.24698198982514,0.457557373738382,0.265408710343763,1.10079417703673,0.744855729397386,1.25261149043217,1.29309319145977,0.274844449595548,1.86011348199099,1.22683129028883,0.432863022084348,0.272156069171615,3.02745514409617,2.36458152229898,3.47971319733188,4.46472083590925,0.425578393391334,2.5033101271838,4.84529576916248,2.395200652536,3.65137865662109,2.44988132128492,1.63777830824256,4.22885831259191,2.77468566014431,4.40470813866705,1.64155248599127,2.81623315438628,3.70643533300608,3.20678649935871,3.66174789192155,3.57607110962272,4.35228270757943,1.7512644858798,4.5755434022285,4.16823567636311,2.08746617566794,2.78955534519628,2.92658187553752,4.00509786093608,3.48558090021834,3.88798603299074,1.5901632977766,1.39949795696884,2.232393554179,3.1975669657113,2.5881058902014,2.27484683599323,3.0695080794394,4.4872800623998,0.405542113061529,2.7167982631363,4.46144310990348,2.01719101564959,3.39705376955681,2.51081174844876,1.42235151730711,4.38112734118477,2.77936571813188,4.1735676554963,1.53697766992263,3.03435007156804,3.56796929147094,3.1269636740908,3.26432012370788,3.67952927551232,4.41899045626633,1.99727067397907,4.83538320753723,3.97833386529237,1.78275017649867,3.14221246959642,2.5225673741661,4.24568371567875,3.36120132368524,4.44659590115771,1.72298885905184,1.26994109502994,1.98692851490341,3.33405643492006
1.20519158430398,0.62580930092372,1.29626622772776,1.26734808390029,0.353581690229475,1.70171211287379,1.28229819610715,0.42091414827155,0.271034987294115,1.16345854056999,0.726203247439116,1.26341060991399,1.22911107493564,0.254520678601693,1.84516056720167,1.23800078476779,0.409102812409401,0.260177892399952,2.92716924287379,2.29234905738849,3.49820751347579,4.53119458816946,0.426549147348851,2.4842891190201,4.86488422518596,2.32810873631388,3.48895628849277,2.41853182809427,1.58360105287284,4.26663297769846,2.66911620623432,4.31517228949815,1.59942475077696,2.72666925098747,3.55008388939314,3.13640522770584,3.55392888747156,3.57389813172631,4.28766615502536,1.71822315314785,4.42552108503878,4.03936282242648,1.97746216808446,2.74882094492204,2.92442222335376,3.92276114411652,3.46488254598808,3.70388208050281,1.5717357712565,1.4085217283573,2.15063587622717,3.01369211508427,2.48302260576747,2.2530699078925,2.94974150322378,4.55153536517173,0.395786327891983,2.73792304936796,4.40675606718287,1.95123744988814,3.25435565656517,2.5007822511252,1.29532868956449,4.43449175264686,2.71276539750397,4.07902072835714,1.47990115638822,2.95961863780394,3.28431597515009,3.02449994417839,3.04964554449543,3.71182207763195,4.31709879683331,1.919178040931,4.68509559053928,3.88273639511317,1.66807340481319,3.06289415102219,2.46281282557175,4.10668318124954,3.38246891833842,4.23054193798453,1.67230180394836,1.29610918345861,1.92268478963524,3.1287995132152
1.16142705851234,0.678975970717147,1.28898796974681,1.34586343890987,0.343137639341876,1.68013622611761,1.28014364652336,0.461523733101785,0.299354557879269,1.11398421740159,0.802700759726577,1.28534505795687,1.3220603056252,0.272788425412728,1.80202699359506,1.23679488105699,0.428958334610797,0.307785518933088,3.06425366003532,2.37673341808841,3.54821650544181,4.59852349432185,0.421331674442627,2.5771429464221,5.03272469248623,2.45961519051343,3.50620054057799,2.48985025263391,1.58200550347101,4.32246040226892,2.63834480661899,4.41942243184894,1.62329955724999,2.64230153895915,3.63280825130641,3.13201999501325,3.55782875884324,3.68405648123007,4.21721153147519,1.8312474724371,4.43674355358235,4.12740855803713,2.03074727021158,2.77116183703765,3.01280819729436,3.87408724147826,3.53330806922168,3.727296003839,1.64722315990366,1.35202482016757,2.21994237287436,3.13023154507391,2.50270562036894,2.39350837422535,3.03654554253444,4.59343479946256,0.40346716134809,2.79594565089792,4.5807498912327,1.99832346453331,3.24928807839751,2.60440117167309,1.38865585369058,4.46846026415005,2.7017079545185,4.19124870561063,1.49814267107286,2.8526521101594,3.40871815709397,3.05086386110634,3.15658523095772,3.81526245363057,4.24734081886709,2.05323692574166,4.70153129287064,3.90729945572093,1.76898862235248,3.16220562416129,2.64616287720855,3.99258449114859,3.37829349888489,4.27723581460305,1.79463254334405,1.22288182750344,1.98404730157927,3.25496264826506
1.25889610825107,0.729395708069205,1.28475299847196,1.37289782753214,0.327762820234057,1.80028549977578,1.29732334875735,0.463557770010084,0.308375962660648,1.07215774711221,0.870587384793907,1.28800021391362,1.40164091088809,0.302144724410027,1.88650705711916,1.27787947887555,0.434181001968682,0.311370507115498,3.06939933076501,2.32708190614358,3.57427355647087,4.54754089727066,0.45703017222695,2.64944275142625,4.97881690599024,2.45077776443213,3.50647614407353,2.51961888093501,1.51311805844307,4.36574267060496,2.60699315229431,4.44930827897042,1.67983305815142,2.59022914501838,3.57063980214298,3.13331537297927,3.46875362098217,3.6066008375492,4.19830539170653,1.84214386111125,4.38934689294547,4.17934548272751,2.03124937182292,2.87381902197376,2.9614543071948,3.77994998823851,3.51244100835174,3.80811670026742,1.65583555493504,1.38391851889901,2.16998229268938,3.10458585701417,2.51446260983357,2.37806761951651,3.10728604809265,4.54725202918053,0.409380860277452,2.96693486440927,4.51349873840809,2.03277218854055,3.30188997427467,2.70816775900312,1.32321135397069,4.50899506465066,2.65257700998336,4.27059474214911,1.57116076443344,2.87572203576565,3.54367127944715,3.05373354372568,3.21542314626276,3.7421986325644,4.28489099710714,2.07046765414998,4.74138005962595,3.90073880599812,1.73939103656448,3.24636935628951,2.61371925426647,4.05237892782316,3.43512868590187,4.34032564610243,1.83430360181956,1.33458760869689,1.97967134264763,3.23400940396823
1.21734447102062,0.625159118557349,1.26230562292039,1.29153238470462,0.334576398192439,1.76042878767475,1.24181886430597,0.430681217403617,0.274038573959842,1.05843532236759,0.732161402585916,1.25239412439987,1.27689718268812,0.26786196953617,1.85436840262264,1.21044247969985,0.383655428537168,0.269592684169766,2.89469539225684,2.2062504296191,3.44777646032162,4.70013809576631,0.417503698728979,2.59130227100104,4.91060209088027,2.25740318011958,3.57846918253927,2.46380645036697,1.46486812504008,4.4025803040131,2.6371735202847,4.33062795456499,1.62430215114728,2.60277308896184,3.50131070427597,3.03089596354403,3.40909262979403,3.66786133963615,4.29100941459183,1.71962914720643,4.44663428672357,4.23392726574093,2.04595642584172,2.73484102357179,2.92427697195671,4.06767820566893,3.34891904273536,3.72893252200447,1.59509523375891,1.32571516279131,1.9795835101977,2.85846855072305,2.45745181571692,2.23012973833829,2.95233350829221,4.70826665731147,0.411574384896085,2.92307530529797,4.39923786278814,1.82645337283611,3.32879823213443,2.64625319326296,1.18687170639168,4.564636929892,2.67278633546084,4.11748487595469,1.51067408686504,2.83058325294405,3.42596232052892,2.9271895820275,3.0386413957458,3.79620104422793,4.3121969611384,1.90559624088928,4.77950275596231,3.93459085235372,1.70307212910848,3.1048116707243,2.52123847836629,4.28910765750334,3.28001742437482,4.31163400830701,1.70210994454101,1.24351526529063,1.72769223214709,3.03744421061128
1.18436647206545,0.588819704018533,1.23514110664837,1.26782659103628,0.326385740452679,1.72170410328545,1.27690468961373,0.478032328654081,0.299814137979411,1.15178657905199,0.723014341201633,1.23791045881808,1.29383772145957,0.275775470887311,1.85380989382975,1.24732866883278,0.487880073022097,0.298696168232709,3.0002199402079,2.35955897253007,3.46200308506377,4.63911648094654,0.457780491327867,2.51051392219961,4.81379082612693,2.4367965310812,3.55578741093632,2.49716777680442,1.58083573181648,4.30478318873793,2.75421307468787,4.43778298702091,1.63828110229224,2.61685327300802,3.61579160869587,3.21052001276985,3.57571686152369,3.63716017524712,4.23096055164933,1.75079784868285,4.40112873353064,4.08228377474006,2.1583340766374,2.88217916866415,2.96269694867078,3.91558936890215,3.38827090256382,3.74772837315686,1.60105229367036,1.41353985341266,2.13721181591973,3.14931981568225,2.46172650903463,2.30529685178772,3.05307016754523,4.67735669668764,0.424067268031649,2.75989822577685,4.39100963436067,2.00535972928628,3.36347388650756,2.65189748094417,1.43661072524264,4.48891373444349,2.77991946041584,4.20224010804668,1.52377633727156,2.8546221726574,3.47983242478222,3.13117521372624,3.21903949207626,3.78313124808483,4.30795768951066,2.03307754220441,4.69824585411698,3.87813952751458,1.80150273721665,3.21352161979303,2.6065109486226,4.13851711899042,3.30128271155991,4.37379808188416,1.78602623287588,1.31740318797529,1.96167777653318,3.30015152343549
1.30315169575624,0.646152535686269,1.30832086806186,1.3586017403868,0.343251052254345,1.82127965113614,1.30953160783974,0.463784730818588,0.292771107051522,1.13274774700403,0.791474497178569,1.30764048267156,1.34894653200172,0.281040450092405,1.94411961780861,1.28001606120961,0.432647745823488,0.298227619030513,3.03176454547793,2.33290264895186,3.58305464009754,4.67443547956645,0.433595260139555,2.67487345449626,4.93765371479094,2.45667864009738,3.64024184993468,2.46816387586296,1.57746591279283,4.36695543956012,2.76145118707791,4.41495484812185,1.71147545264103,2.63193780742586,3.63127812952735,3.19424386299215,3.58622058713809,3.65325503633358,4.27473199833184,1.80808671726845,4.48713452671655,4.28690998884849,2.12097706529312,2.84865351952612,3.01187281310558,3.99512350279838,3.49368487298489,3.88442181795835,1.67337507498451,1.36311585409567,2.08216464682482,3.04997137677856,2.43945432896726,2.36760531319305,3.01903084502555,4.64985388098285,0.422752680373378,2.97333363257349,4.4503039829433,1.91590056940913,3.40486826025881,2.70453369710594,1.33146467566257,4.54693328170106,2.81304354732856,4.24485482089221,1.59725027950481,2.88712214818224,3.51917428011075,3.08232951979153,3.16218842496164,3.8058541121427,4.32537883985788,2.08063446870074,4.81485670339316,4.05094760656357,1.8106536680134,3.25815038848668,2.63019623747095,4.22331859497353,3.41852224105969,4.43449725443497,1.8212751657702,1.28648861066904,1.81690771644935,3.21888243593276
1.13078623590991,0.604519087588415,1.25539368548198,1.28624287690036,0.355676467996091,1.74166273418814,1.28423052933067,0.459053919475991,0.27042006701231,1.04131661634892,0.728485946543515,1.24282531905919,1.26807167055085,0.256679741898552,1.89686649059877,1.27447650162503,0.436503111297498,0.273494262539316,2.90772693487816,2.29283673968166,3.40720844070893,4.46457600733265,0.458864300162531,2.47048175707459,4.88329557422549,2.35211183456704,3.54545686754864,2.37113050336484,1.59127648943104,4.13253560755402,2.67706468416145,4.29121832270175,1.62581047732965,2.70508407428861,3.58022100641392,3.08083025377709,3.54696329077706,3.52778465976007,4.27749010513071,1.72702728339937,4.45570542267524,4.12532912590541,2.06812374969013,2.7602369999513,2.90412822179496,4.00346962362528,3.39372063032351,3.76222215755843,1.59629491972737,1.38189747417346,2.07543017202988,3.04274472594261,2.37909780465998,2.30563340336084,3.01091170747532,4.49712733691558,0.424703017692082,2.73763509467244,4.46059429273009,1.93116576189641,3.31056384998374,2.49447000166401,1.37274057389004,4.30434996355325,2.69819699553773,4.09296152275056,1.4901773375459,2.93129636161029,3.39523739973083,2.99368001404218,3.11404478223994,3.67322633042932,4.31484476360492,1.98074164497666,4.71645213477314,3.90847968822345,1.75411524181254,3.18413039064035,2.56600617617369,4.14793035434559,3.28285628429148,4.33413359615952,1.72949901316315,1.26025705947541,1.84880743199028,3.16470086341724
1.17100960994139,0.653103284770623,1.335415782989,1.38198228442343,0.375672986847349,1.7572159669362,1.29401372978464,0.477317570475861,0.298768921056762,1.13080002786592,0.791555259376764,1.33176847174764,1.38083756226115,0.291664806049084,1.90778276743367,1.29468808975071,0.462770593934692,0.300276329100598,2.97570635681041,2.3785883965902,3.67143957084045,4.71345539577305,0.471985788666643,2.62253025872633,4.95841344259679,2.49906447017565,3.62604056787677,2.52939434349537,1.63906719116494,4.42648878879845,2.76582998014055,4.55279143899679,1.63700365787372,2.72982022445649,3.73075360618532,3.25547679956071,3.64242574432865,3.67443136544898,4.4284010969568,1.82251968054334,4.52912904659752,4.18869962729514,2.19806788966525,2.94223064905964,3.06343316606944,4.14261853368953,3.42128998972476,3.8794964569388,1.71097849798389,1.41126600513235,2.08835659571923,3.18659977731295,2.54410745436326,2.40097357006744,3.14697216218337,4.71070674154907,0.432845242437907,2.93770735152066,4.43201986560598,2.0158974789083,3.41035626106896,2.7582857972011,1.4149481941422,4.59870902216062,2.8673639157787,4.36574747040868,1.55315893609077,2.94295858126134,3.660229108762,3.15964785940014,3.32319931639358,3.82436339370906,4.49516342952847,2.11415590252727,4.8454736652784,3.9443087419495,1.84315471816808,3.2661361945793,2.69410896673799,4.34361025504768,3.4062163210474,4.44663007371128,1.88409445667639,1.34736787842121,1.88981724623591,3.3242558548227
1.0792760233162,0.655114024179056,1.2787447074661,1.30479234736413,0.341488023521379,1.6992219616659,1.22936289012432,0.43095880234614,0.279623126378283,1.02579849213362,0.77746096579358,1.2660091528669,1.27173352707177,0.26129570993362,1.85396388079971,1.20077508571558,0.414009355590679,0.274091484141536,2.86083263671026,2.36215385980904,3.48609988740645,4.53310913685709,0.395703469286673,2.49221840128303,4.90857455320656,2.33748019300401,3.50161160487914,2.46120766922832,1.4793144230498,4.19554714503465,2.608175981557,4.27072695922107,1.60160027770326,2.52360049355775,3.51442108186893,3.00590030709282,3.43470607185736,3.56769160483964,4.22468390176073,1.81811506487429,4.35397169273347,4.13937378092669,2.03145390306599,2.783674382139,2.90117771713994,3.90665808878839,3.35034266114235,3.75256534875371,1.58857684658142,1.31452107918449,2.07237963052467,2.99830182327423,2.4083227654919,2.36843624664471,2.98348801687825,4.53440785454586,0.38166959217051,2.77605671342462,4.44615038391203,1.89223284728359,3.26156634418294,2.68847706820816,1.24630233721109,4.35837234277278,2.68214213242754,4.12135729007423,1.45578277553432,2.77728719683364,3.43759117182344,2.95772324432619,3.08769282605499,3.7152206923347,4.25696988403797,2.02879203250632,4.64971173228696,3.91517606843263,1.73607986583374,3.11755486018956,2.54964308347553,4.11040818504989,3.3031290252693,4.2988261517603,1.78844481520355,1.25498550198972,1.82981477491558,3.10793384932913
1.14739605248906,0.621983256307431,1.19877256802283,1.30003210940049,0.357139808533248,1.66060211928561,1.26690465892898,0.485609319992363,0.281122087966651,1.10016225930303,0.754417640157044,1.22760364972055,1.342353643151,0.285818879841827,1.73825045890408,1.2470730477944,0.453269898163853,0.292336155020166,3.02203451935202,2.35783946560696,3.62492571305484,4.59190852288157,0.488734814804047,2.50406037317589,5.09619264723733,2.50932278530672,3.60149747645482,2.5415889583528,1.64620253245812,4.30195434112102,2.7791532324627,4.56600358895957,1.58934337689425,2.73400225117803,3.70690477406606,3.23726352723315,3.681546616368,3.76823310856707,4.25584006635472,1.810212029377,4.54556397546548,4.1564725684002,2.19803027543821,2.86376466683578,3.14516647811979,3.95273981522769,3.44619159901049,3.86220867407974,1.66710774926469,1.43348983535543,2.16863372275839,3.22948900843039,2.54591098509263,2.37247282871976,3.19446897087619,4.5586616024375,0.430446931044571,2.79800383141264,4.42019122187048,1.99845794169232,3.36369454790838,2.52547674905509,1.51972837210633,4.44715271191671,2.82477132044733,4.27499649161473,1.45179529581219,2.9410036932677,3.74265059502795,3.22787627950311,3.38837622175924,3.86259467341006,4.34821974905208,2.09839471400483,4.8189557553269,3.87575104809366,1.8263650884619,3.28134270280134,2.69025207799859,4.27133767819032,3.2716505061835,4.51013628952205,1.75116949016228,1.32444340258371,1.94039560901001,3.43983425572515
1.11325081018731,0.653617847827263,1.29300370148849,1.33267242403235,0.3784284805879,1.76198494969867,1.2981964435894,0.488764312874991,0.295807591406628,1.06516220094636,0.774282304570079,1.30808107601479,1.35679958690889,0.281925056944601,1.90893416153267,1.28687356505543,0.47245948552154,0.298597946006339,3.04573731520213,2.43580375425518,3.63076433818787,4.49791335733607,0.443980793934315,2.42771623237059,4.88448691321537,2.46040992438793,3.51286410097964,2.46646874770522,1.61888210650068,4.24027790967375,2.77829214412486,4.51744877826422,1.58608031860786,2.71185853332281,3.76032062899321,3.26420889783185,3.66637657920364,3.61559104942717,4.31122787855566,1.77495289454237,4.56212158082053,4.06626057438552,2.17337579117157,2.8651149654761,3.03338379925117,3.94467336963862,3.48994517716346,3.91875285410788,1.65468878205866,1.4649158497341,2.11486107762903,3.19940952584147,2.61475327680819,2.36094994563609,3.14560582791455,4.52407451625913,0.408740950981155,2.69625409226865,4.36667409632355,2.00894258497283,3.27876736945473,2.54440676397644,1.4088748023496,4.39723273925483,2.81870625005104,4.28586094267666,1.49808927392587,2.91996287740767,3.65099331433885,3.1828647989314,3.16915259021334,3.73177382303402,4.36925520771183,2.01434425963089,4.79301386140287,3.86412616632879,1.78944998339284,3.19136264082044,2.58812315377872,4.14549226406962,3.38165894791018,4.4587663281709,1.80712658911943,1.41404666716699,1.96921192249283,3.37627665838227
